analysis_seed,split,split_seed,well_seed,dataset_id,dataset_name,dataset_label,source_sample_index,global_train_position,selection_rank,record_id
2027,global_train,42,1234,0,FlatVelA,FlatVel-A,9487,99102,0,FlatVelA:9487
2027,global_train,42,1234,0,FlatVelA,FlatVel-A,3895,57416,1,FlatVelA:3895
2027,global_train,42,1234,0,FlatVelA,FlatVel-A,8581,45988,2,FlatVelA:8581
2027,global_train,42,1234,0,FlatVelA,FlatVel-A,11053,200653,3,FlatVelA:11053
2027,global_train,42,1234,0,FlatVelA,FlatVel-A,592,44886,4,FlatVelA:592
2027,global_train,42,1234,0,FlatVelA,FlatVel-A,22427,114873,5,FlatVelA:22427
2027,global_train,42,1234,0,FlatVelA,FlatVel-A,10698,195326,6,FlatVelA:10698
2027,global_train,42,1234,0,FlatVelA,FlatVel-A,11685,72402,7,FlatVelA:11685
2027,global_train,42,1234,0,FlatVelA,FlatVel-A,14233,158193,8,FlatVelA:14233
2027,global_train,42,1234,0,FlatVelA,FlatVel-A,10975,211977,9,FlatVelA:10975
2027,global_train,42,1234,0,FlatVelA,FlatVel-A,26262,90362,10,FlatVelA:26262
2027,global_train,42,1234,0,FlatVelA,FlatVel-A,3907,122025,11,FlatVelA:3907
2027,global_train,42,1234,0,FlatVelA,FlatVel-A,17818,31730,12,FlatVelA:17818
2027,global_train,42,1234,0,FlatVelA,FlatVel-A,18062,183446,13,FlatVelA:18062
2027,global_train,42,1234,0,FlatVelA,FlatVel-A,11944,138204,14,FlatVelA:11944
2027,global_train,42,1234,0,FlatVelA,FlatVel-A,3620,145935,15,FlatVelA:3620
2027,global_train,42,1234,0,FlatVelA,FlatVel-A,28745,200302,16,FlatVelA:28745
2027,global_train,42,1234,0,FlatVelA,FlatVel-A,4872,105120,17,FlatVelA:4872
2027,global_train,42,1234,0,FlatVelA,FlatVel-A,6549,215596,18,FlatVelA:6549
2027,global_train,42,1234,0,FlatVelA,FlatVel-A,8140,187190,19,FlatVelA:8140
2027,global_train,42,1234,0,FlatVelA,FlatVel-A,28456,228401,20,FlatVelA:28456
2027,global_train,42,1234,0,FlatVelA,FlatVel-A,21799,96920,21,FlatVelA:21799
2027,global_train,42,1234,0,FlatVelA,FlatVel-A,1439,18334,22,FlatVelA:1439
2027,global_train,42,1234,0,FlatVelA,FlatVel-A,5427,180484,23,FlatVelA:5427
2027,global_train,42,1234,0,FlatVelA,FlatVel-A,8289,87040,24,FlatVelA:8289
2027,global_train,42,1234,0,FlatVelA,FlatVel-A,9113,1359,25,FlatVelA:9113
2027,global_train,42,1234,0,FlatVelA,FlatVel-A,18782,230026,26,FlatVelA:18782
2027,global_train,42,1234,0,FlatVelA,FlatVel-A,11324,15302,27,FlatVelA:11324
2027,global_train,42,1234,0,FlatVelA,FlatVel-A,1705,123119,28,FlatVelA:1705
2027,global_train,42,1234,0,FlatVelA,FlatVel-A,27463,155065,29,FlatVelA:27463
2027,global_train,42,1234,0,FlatVelA,FlatVel-A,10488,2643,30,FlatVelA:10488
2027,global_train,42,1234,0,FlatVelA,FlatVel-A,5731,220202,31,FlatVelA:5731
2027,global_train,42,1234,0,FlatVelA,FlatVel-A,29055,33167,32,FlatVelA:29055
2027,global_train,42,1234,0,FlatVelA,FlatVel-A,29572,185506,33,FlatVelA:29572
2027,global_train,42,1234,0,FlatVelA,FlatVel-A,14906,208154,34,FlatVelA:14906
2027,global_train,42,1234,0,FlatVelA,FlatVel-A,20635,107479,35,FlatVelA:20635
2027,global_train,42,1234,0,FlatVelA,FlatVel-A,8191,76353,36,FlatVelA:8191
2027,global_train,42,1234,0,FlatVelA,FlatVel-A,19518,149961,37,FlatVelA:19518
2027,global_train,42,1234,0,FlatVelA,FlatVel-A,16518,118784,38,FlatVelA:16518
2027,global_train,42,1234,0,FlatVelA,FlatVel-A,12900,123814,39,FlatVelA:12900
2027,global_train,42,1234,0,FlatVelA,FlatVel-A,11259,84545,40,FlatVelA:11259
2027,global_train,42,1234,0,FlatVelA,FlatVel-A,279,73651,41,FlatVelA:279
2027,global_train,42,1234,0,FlatVelA,FlatVel-A,15957,45315,42,FlatVelA:15957
2027,global_train,42,1234,0,FlatVelA,FlatVel-A,1989,88859,43,FlatVelA:1989
2027,global_train,42,1234,0,FlatVelA,FlatVel-A,3133,49170,44,FlatVelA:3133
2027,global_train,42,1234,0,FlatVelA,FlatVel-A,9799,83781,45,FlatVelA:9799
2027,global_train,42,1234,0,FlatVelA,FlatVel-A,28148,70909,46,FlatVelA:28148
2027,global_train,42,1234,0,FlatVelA,FlatVel-A,7782,232941,47,FlatVelA:7782
2027,global_train,42,1234,0,FlatVelA,FlatVel-A,16622,67765,48,FlatVelA:16622
2027,global_train,42,1234,0,FlatVelA,FlatVel-A,12596,141051,49,FlatVelA:12596
2027,global_train,42,1234,0,FlatVelA,FlatVel-A,22167,32286,50,FlatVelA:22167
2027,global_train,42,1234,0,FlatVelA,FlatVel-A,6363,112101,51,FlatVelA:6363
2027,global_train,42,1234,0,FlatVelA,FlatVel-A,22185,137490,52,FlatVelA:22185
2027,global_train,42,1234,0,FlatVelA,FlatVel-A,14518,21216,53,FlatVelA:14518
2027,global_train,42,1234,0,FlatVelA,FlatVel-A,9049,99917,54,FlatVelA:9049
2027,global_train,42,1234,0,FlatVelA,FlatVel-A,808,209469,55,FlatVelA:808
2027,global_train,42,1234,0,FlatVelA,FlatVel-A,19487,153883,56,FlatVelA:19487
2027,global_train,42,1234,0,FlatVelA,FlatVel-A,24459,104770,57,FlatVelA:24459
2027,global_train,42,1234,0,FlatVelA,FlatVel-A,9096,172276,58,FlatVelA:9096
2027,global_train,42,1234,0,FlatVelA,FlatVel-A,17344,61753,59,FlatVelA:17344
2027,global_train,42,1234,0,FlatVelA,FlatVel-A,7915,11112,60,FlatVelA:7915
2027,global_train,42,1234,0,FlatVelA,FlatVel-A,11385,126978,61,FlatVelA:11385
2027,global_train,42,1234,0,FlatVelA,FlatVel-A,4030,37959,62,FlatVelA:4030
2027,global_train,42,1234,0,FlatVelA,FlatVel-A,29276,222397,63,FlatVelA:29276
2027,global_train,42,1234,0,FlatVelA,FlatVel-A,4305,175233,64,FlatVelA:4305
2027,global_train,42,1234,0,FlatVelA,FlatVel-A,5409,142374,65,FlatVelA:5409
2027,global_train,42,1234,0,FlatVelA,FlatVel-A,10281,37471,66,FlatVelA:10281
2027,global_train,42,1234,0,FlatVelA,FlatVel-A,29567,78180,67,FlatVelA:29567
2027,global_train,42,1234,0,FlatVelA,FlatVel-A,16112,225433,68,FlatVelA:16112
2027,global_train,42,1234,0,FlatVelA,FlatVel-A,1913,42013,69,FlatVelA:1913
2027,global_train,42,1234,0,FlatVelA,FlatVel-A,20955,229193,70,FlatVelA:20955
2027,global_train,42,1234,0,FlatVelA,FlatVel-A,28395,75244,71,FlatVelA:28395
2027,global_train,42,1234,0,FlatVelA,FlatVel-A,17686,88265,72,FlatVelA:17686
2027,global_train,42,1234,0,FlatVelA,FlatVel-A,18164,35834,73,FlatVelA:18164
2027,global_train,42,1234,0,FlatVelA,FlatVel-A,14963,44884,74,FlatVelA:14963
2027,global_train,42,1234,0,FlatVelA,FlatVel-A,28575,144640,75,FlatVelA:28575
2027,global_train,42,1234,0,FlatVelA,FlatVel-A,12022,28986,76,FlatVelA:12022
2027,global_train,42,1234,0,FlatVelA,FlatVel-A,13036,33135,77,FlatVelA:13036
2027,global_train,42,1234,0,FlatVelA,FlatVel-A,15137,23821,78,FlatVelA:15137
2027,global_train,42,1234,0,FlatVelA,FlatVel-A,20871,200134,79,FlatVelA:20871
2027,global_train,42,1234,0,FlatVelA,FlatVel-A,17308,173307,80,FlatVelA:17308
2027,global_train,42,1234,0,FlatVelA,FlatVel-A,25619,107988,81,FlatVelA:25619
2027,global_train,42,1234,0,FlatVelA,FlatVel-A,325,93270,82,FlatVelA:325
2027,global_train,42,1234,0,FlatVelA,FlatVel-A,9911,149992,83,FlatVelA:9911
2027,global_train,42,1234,0,FlatVelA,FlatVel-A,12004,203841,84,FlatVelA:12004
2027,global_train,42,1234,0,FlatVelA,FlatVel-A,7202,113311,85,FlatVelA:7202
2027,global_train,42,1234,0,FlatVelA,FlatVel-A,28070,191659,86,FlatVelA:28070
2027,global_train,42,1234,0,FlatVelA,FlatVel-A,12502,166230,87,FlatVelA:12502
2027,global_train,42,1234,0,FlatVelA,FlatVel-A,19059,102061,88,FlatVelA:19059
2027,global_train,42,1234,0,FlatVelA,FlatVel-A,25871,19458,89,FlatVelA:25871
2027,global_train,42,1234,0,FlatVelA,FlatVel-A,1702,105687,90,FlatVelA:1702
2027,global_train,42,1234,0,FlatVelA,FlatVel-A,24356,113452,91,FlatVelA:24356
2027,global_train,42,1234,0,FlatVelA,FlatVel-A,17556,135693,92,FlatVelA:17556
2027,global_train,42,1234,0,FlatVelA,FlatVel-A,26511,71924,93,FlatVelA:26511
2027,global_train,42,1234,0,FlatVelA,FlatVel-A,18888,33315,94,FlatVelA:18888
2027,global_train,42,1234,0,FlatVelA,FlatVel-A,16207,218181,95,FlatVelA:16207
2027,global_train,42,1234,0,FlatVelA,FlatVel-A,8785,21321,96,FlatVelA:8785
2027,global_train,42,1234,0,FlatVelA,FlatVel-A,24236,30265,97,FlatVelA:24236
2027,global_train,42,1234,0,FlatVelA,FlatVel-A,3522,160862,98,FlatVelA:3522
2027,global_train,42,1234,0,FlatVelA,FlatVel-A,4742,182373,99,FlatVelA:4742
2027,global_train,42,1234,0,FlatVelA,FlatVel-A,7237,79454,100,FlatVelA:7237
2027,global_train,42,1234,0,FlatVelA,FlatVel-A,20422,55138,101,FlatVelA:20422
2027,global_train,42,1234,0,FlatVelA,FlatVel-A,18390,72131,102,FlatVelA:18390
2027,global_train,42,1234,0,FlatVelA,FlatVel-A,20468,51443,103,FlatVelA:20468
2027,global_train,42,1234,0,FlatVelA,FlatVel-A,3776,28942,104,FlatVelA:3776
2027,global_train,42,1234,0,FlatVelA,FlatVel-A,11219,226539,105,FlatVelA:11219
2027,global_train,42,1234,0,FlatVelA,FlatVel-A,17552,120276,106,FlatVelA:17552
2027,global_train,42,1234,0,FlatVelA,FlatVel-A,26597,179617,107,FlatVelA:26597
2027,global_train,42,1234,0,FlatVelA,FlatVel-A,15809,54129,108,FlatVelA:15809
2027,global_train,42,1234,0,FlatVelA,FlatVel-A,18732,28464,109,FlatVelA:18732
2027,global_train,42,1234,0,FlatVelA,FlatVel-A,25487,105927,110,FlatVelA:25487
2027,global_train,42,1234,0,FlatVelA,FlatVel-A,21382,2411,111,FlatVelA:21382
2027,global_train,42,1234,0,FlatVelA,FlatVel-A,17157,32804,112,FlatVelA:17157
2027,global_train,42,1234,0,FlatVelA,FlatVel-A,17153,107667,113,FlatVelA:17153
2027,global_train,42,1234,0,FlatVelA,FlatVel-A,27681,156889,114,FlatVelA:27681
2027,global_train,42,1234,0,FlatVelA,FlatVel-A,8830,58221,115,FlatVelA:8830
2027,global_train,42,1234,0,FlatVelA,FlatVel-A,8432,6432,116,FlatVelA:8432
2027,global_train,42,1234,0,FlatVelA,FlatVel-A,3017,62237,117,FlatVelA:3017
2027,global_train,42,1234,0,FlatVelA,FlatVel-A,26156,198087,118,FlatVelA:26156
2027,global_train,42,1234,0,FlatVelA,FlatVel-A,28734,68403,119,FlatVelA:28734
2027,global_train,42,1234,0,FlatVelA,FlatVel-A,9604,75019,120,FlatVelA:9604
2027,global_train,42,1234,0,FlatVelA,FlatVel-A,21835,47923,121,FlatVelA:21835
2027,global_train,42,1234,0,FlatVelA,FlatVel-A,6751,170353,122,FlatVelA:6751
2027,global_train,42,1234,0,FlatVelA,FlatVel-A,16420,207575,123,FlatVelA:16420
2027,global_train,42,1234,0,FlatVelA,FlatVel-A,9338,136564,124,FlatVelA:9338
2027,global_train,42,1234,0,FlatVelA,FlatVel-A,9309,25237,125,FlatVelA:9309
2027,global_train,42,1234,0,FlatVelA,FlatVel-A,26367,42417,126,FlatVelA:26367
2027,global_train,42,1234,0,FlatVelA,FlatVel-A,3716,84786,127,FlatVelA:3716
2027,global_train,42,1234,0,FlatVelA,FlatVel-A,4885,143561,128,FlatVelA:4885
2027,global_train,42,1234,0,FlatVelA,FlatVel-A,17642,233667,129,FlatVelA:17642
2027,global_train,42,1234,0,FlatVelA,FlatVel-A,19711,39674,130,FlatVelA:19711
2027,global_train,42,1234,0,FlatVelA,FlatVel-A,15293,187001,131,FlatVelA:15293
2027,global_train,42,1234,0,FlatVelA,FlatVel-A,23920,128461,132,FlatVelA:23920
2027,global_train,42,1234,0,FlatVelA,FlatVel-A,21718,151876,133,FlatVelA:21718
2027,global_train,42,1234,0,FlatVelA,FlatVel-A,13759,67718,134,FlatVelA:13759
2027,global_train,42,1234,0,FlatVelA,FlatVel-A,13968,193018,135,FlatVelA:13968
2027,global_train,42,1234,0,FlatVelA,FlatVel-A,12133,87831,136,FlatVelA:12133
2027,global_train,42,1234,0,FlatVelA,FlatVel-A,21055,219321,137,FlatVelA:21055
2027,global_train,42,1234,0,FlatVelA,FlatVel-A,5246,139489,138,FlatVelA:5246
2027,global_train,42,1234,0,FlatVelA,FlatVel-A,19796,160987,139,FlatVelA:19796
2027,global_train,42,1234,0,FlatVelA,FlatVel-A,10559,38313,140,FlatVelA:10559
2027,global_train,42,1234,0,FlatVelA,FlatVel-A,9498,23767,141,FlatVelA:9498
2027,global_train,42,1234,0,FlatVelA,FlatVel-A,12556,57113,142,FlatVelA:12556
2027,global_train,42,1234,0,FlatVelA,FlatVel-A,1578,227382,143,FlatVelA:1578
2027,global_train,42,1234,0,FlatVelA,FlatVel-A,14377,233314,144,FlatVelA:14377
2027,global_train,42,1234,0,FlatVelA,FlatVel-A,11909,136863,145,FlatVelA:11909
2027,global_train,42,1234,0,FlatVelA,FlatVel-A,27772,33556,146,FlatVelA:27772
2027,global_train,42,1234,0,FlatVelA,FlatVel-A,16564,147794,147,FlatVelA:16564
2027,global_train,42,1234,0,FlatVelA,FlatVel-A,7447,4549,148,FlatVelA:7447
2027,global_train,42,1234,0,FlatVelA,FlatVel-A,9081,115590,149,FlatVelA:9081
2027,global_train,42,1234,0,FlatVelA,FlatVel-A,19247,34610,150,FlatVelA:19247
2027,global_train,42,1234,0,FlatVelA,FlatVel-A,16421,117625,151,FlatVelA:16421
2027,global_train,42,1234,0,FlatVelA,FlatVel-A,19388,197348,152,FlatVelA:19388
2027,global_train,42,1234,0,FlatVelA,FlatVel-A,24408,86330,153,FlatVelA:24408
2027,global_train,42,1234,0,FlatVelA,FlatVel-A,15735,184241,154,FlatVelA:15735
2027,global_train,42,1234,0,FlatVelA,FlatVel-A,22671,206024,155,FlatVelA:22671
2027,global_train,42,1234,0,FlatVelA,FlatVel-A,15596,30920,156,FlatVelA:15596
2027,global_train,42,1234,0,FlatVelA,FlatVel-A,16037,43640,157,FlatVelA:16037
2027,global_train,42,1234,0,FlatVelA,FlatVel-A,11961,49988,158,FlatVelA:11961
2027,global_train,42,1234,0,FlatVelA,FlatVel-A,1421,181659,159,FlatVelA:1421
2027,global_train,42,1234,0,FlatVelA,FlatVel-A,148,212974,160,FlatVelA:148
2027,global_train,42,1234,0,FlatVelA,FlatVel-A,17812,196460,161,FlatVelA:17812
2027,global_train,42,1234,0,FlatVelA,FlatVel-A,21574,53046,162,FlatVelA:21574
2027,global_train,42,1234,0,FlatVelA,FlatVel-A,15355,7300,163,FlatVelA:15355
2027,global_train,42,1234,0,FlatVelA,FlatVel-A,5580,131932,164,FlatVelA:5580
2027,global_train,42,1234,0,FlatVelA,FlatVel-A,26628,34522,165,FlatVelA:26628
2027,global_train,42,1234,0,FlatVelA,FlatVel-A,27736,212972,166,FlatVelA:27736
2027,global_train,42,1234,0,FlatVelA,FlatVel-A,28259,15857,167,FlatVelA:28259
2027,global_train,42,1234,0,FlatVelA,FlatVel-A,17581,4853,168,FlatVelA:17581
2027,global_train,42,1234,0,FlatVelA,FlatVel-A,4371,224608,169,FlatVelA:4371
2027,global_train,42,1234,0,FlatVelA,FlatVel-A,17361,223127,170,FlatVelA:17361
2027,global_train,42,1234,0,FlatVelA,FlatVel-A,27205,186369,171,FlatVelA:27205
2027,global_train,42,1234,0,FlatVelA,FlatVel-A,3197,172942,172,FlatVelA:3197
2027,global_train,42,1234,0,FlatVelA,FlatVel-A,3466,91174,173,FlatVelA:3466
2027,global_train,42,1234,0,FlatVelA,FlatVel-A,18260,119574,174,FlatVelA:18260
2027,global_train,42,1234,0,FlatVelA,FlatVel-A,22610,234256,175,FlatVelA:22610
2027,global_train,42,1234,0,FlatVelA,FlatVel-A,19521,127496,176,FlatVelA:19521
2027,global_train,42,1234,0,FlatVelA,FlatVel-A,24889,74992,177,FlatVelA:24889
2027,global_train,42,1234,0,FlatVelA,FlatVel-A,5583,84161,178,FlatVelA:5583
2027,global_train,42,1234,0,FlatVelA,FlatVel-A,28660,177546,179,FlatVelA:28660
2027,global_train,42,1234,0,FlatVelA,FlatVel-A,6284,216762,180,FlatVelA:6284
2027,global_train,42,1234,0,FlatVelA,FlatVel-A,17456,201137,181,FlatVelA:17456
2027,global_train,42,1234,0,FlatVelA,FlatVel-A,493,155267,182,FlatVelA:493
2027,global_train,42,1234,0,FlatVelA,FlatVel-A,22567,127201,183,FlatVelA:22567
2027,global_train,42,1234,0,FlatVelA,FlatVel-A,13987,187199,184,FlatVelA:13987
2027,global_train,42,1234,0,FlatVelA,FlatVel-A,6447,129891,185,FlatVelA:6447
2027,global_train,42,1234,0,FlatVelA,FlatVel-A,3829,167295,186,FlatVelA:3829
2027,global_train,42,1234,0,FlatVelA,FlatVel-A,23851,210321,187,FlatVelA:23851
2027,global_train,42,1234,0,FlatVelA,FlatVel-A,18813,190747,188,FlatVelA:18813
2027,global_train,42,1234,0,FlatVelA,FlatVel-A,12573,221882,189,FlatVelA:12573
2027,global_train,42,1234,0,FlatVelA,FlatVel-A,8686,207315,190,FlatVelA:8686
2027,global_train,42,1234,0,FlatVelA,FlatVel-A,12236,71836,191,FlatVelA:12236
2027,global_train,42,1234,0,FlatVelA,FlatVel-A,951,102564,192,FlatVelA:951
2027,global_train,42,1234,0,FlatVelA,FlatVel-A,25134,83016,193,FlatVelA:25134
2027,global_train,42,1234,0,FlatVelA,FlatVel-A,20342,72779,194,FlatVelA:20342
2027,global_train,42,1234,0,FlatVelA,FlatVel-A,23576,81209,195,FlatVelA:23576
2027,global_train,42,1234,0,FlatVelA,FlatVel-A,21833,139007,196,FlatVelA:21833
2027,global_train,42,1234,0,FlatVelA,FlatVel-A,4132,229251,197,FlatVelA:4132
2027,global_train,42,1234,0,FlatVelA,FlatVel-A,29669,91132,198,FlatVelA:29669
2027,global_train,42,1234,0,FlatVelA,FlatVel-A,12474,20359,199,FlatVelA:12474
2027,global_train,42,1234,0,FlatVelA,FlatVel-A,15789,28159,200,FlatVelA:15789
2027,global_train,42,1234,0,FlatVelA,FlatVel-A,14112,180309,201,FlatVelA:14112
2027,global_train,42,1234,0,FlatVelA,FlatVel-A,11009,30524,202,FlatVelA:11009
2027,global_train,42,1234,0,FlatVelA,FlatVel-A,27773,212330,203,FlatVelA:27773
2027,global_train,42,1234,0,FlatVelA,FlatVel-A,24721,232152,204,FlatVelA:24721
2027,global_train,42,1234,0,FlatVelA,FlatVel-A,24758,102256,205,FlatVelA:24758
2027,global_train,42,1234,0,FlatVelA,FlatVel-A,10327,219520,206,FlatVelA:10327
2027,global_train,42,1234,0,FlatVelA,FlatVel-A,22454,185676,207,FlatVelA:22454
2027,global_train,42,1234,0,FlatVelA,FlatVel-A,23730,67234,208,FlatVelA:23730
2027,global_train,42,1234,0,FlatVelA,FlatVel-A,13695,224481,209,FlatVelA:13695
2027,global_train,42,1234,0,FlatVelA,FlatVel-A,7844,215740,210,FlatVelA:7844
2027,global_train,42,1234,0,FlatVelA,FlatVel-A,26229,29142,211,FlatVelA:26229
2027,global_train,42,1234,0,FlatVelA,FlatVel-A,11357,52433,212,FlatVelA:11357
2027,global_train,42,1234,0,FlatVelA,FlatVel-A,16837,144504,213,FlatVelA:16837
2027,global_train,42,1234,0,FlatVelA,FlatVel-A,24027,36574,214,FlatVelA:24027
2027,global_train,42,1234,0,FlatVelA,FlatVel-A,4758,96169,215,FlatVelA:4758
2027,global_train,42,1234,0,FlatVelA,FlatVel-A,16864,175640,216,FlatVelA:16864
2027,global_train,42,1234,0,FlatVelA,FlatVel-A,10994,160043,217,FlatVelA:10994
2027,global_train,42,1234,0,FlatVelA,FlatVel-A,25429,65642,218,FlatVelA:25429
2027,global_train,42,1234,0,FlatVelA,FlatVel-A,3937,81404,219,FlatVelA:3937
2027,global_train,42,1234,0,FlatVelA,FlatVel-A,9731,84702,220,FlatVelA:9731
2027,global_train,42,1234,0,FlatVelA,FlatVel-A,21954,182718,221,FlatVelA:21954
2027,global_train,42,1234,0,FlatVelA,FlatVel-A,795,219698,222,FlatVelA:795
2027,global_train,42,1234,0,FlatVelA,FlatVel-A,15132,139802,223,FlatVelA:15132
2027,global_train,42,1234,0,FlatVelA,FlatVel-A,14426,66379,224,FlatVelA:14426
2027,global_train,42,1234,0,FlatVelA,FlatVel-A,14458,182918,225,FlatVelA:14458
2027,global_train,42,1234,0,FlatVelA,FlatVel-A,8513,202777,226,FlatVelA:8513
2027,global_train,42,1234,0,FlatVelA,FlatVel-A,25946,101574,227,FlatVelA:25946
2027,global_train,42,1234,0,FlatVelA,FlatVel-A,9472,24251,228,FlatVelA:9472
2027,global_train,42,1234,0,FlatVelA,FlatVel-A,17902,222621,229,FlatVelA:17902
2027,global_train,42,1234,0,FlatVelA,FlatVel-A,10266,69984,230,FlatVelA:10266
2027,global_train,42,1234,0,FlatVelA,FlatVel-A,13123,40809,231,FlatVelA:13123
2027,global_train,42,1234,0,FlatVelA,FlatVel-A,21381,220425,232,FlatVelA:21381
2027,global_train,42,1234,0,FlatVelA,FlatVel-A,13137,94028,233,FlatVelA:13137
2027,global_train,42,1234,0,FlatVelA,FlatVel-A,19162,55013,234,FlatVelA:19162
2027,global_train,42,1234,0,FlatVelA,FlatVel-A,3605,68587,235,FlatVelA:3605
2027,global_train,42,1234,0,FlatVelA,FlatVel-A,20520,188630,236,FlatVelA:20520
2027,global_train,42,1234,0,FlatVelA,FlatVel-A,6254,57063,237,FlatVelA:6254
2027,global_train,42,1234,0,FlatVelA,FlatVel-A,7933,39225,238,FlatVelA:7933
2027,global_train,42,1234,0,FlatVelA,FlatVel-A,4898,86185,239,FlatVelA:4898
2027,global_train,42,1234,0,FlatVelA,FlatVel-A,2235,210869,240,FlatVelA:2235
2027,global_train,42,1234,0,FlatVelA,FlatVel-A,17837,105463,241,FlatVelA:17837
2027,global_train,42,1234,0,FlatVelA,FlatVel-A,11169,22060,242,FlatVelA:11169
2027,global_train,42,1234,0,FlatVelA,FlatVel-A,8913,234636,243,FlatVelA:8913
2027,global_train,42,1234,0,FlatVelA,FlatVel-A,5958,15909,244,FlatVelA:5958
2027,global_train,42,1234,0,FlatVelA,FlatVel-A,4193,147889,245,FlatVelA:4193
2027,global_train,42,1234,0,FlatVelA,FlatVel-A,20154,122163,246,FlatVelA:20154
2027,global_train,42,1234,0,FlatVelA,FlatVel-A,24888,209979,247,FlatVelA:24888
2027,global_train,42,1234,0,FlatVelA,FlatVel-A,11673,150490,248,FlatVelA:11673
2027,global_train,42,1234,0,FlatVelA,FlatVel-A,6389,144780,249,FlatVelA:6389
2027,global_train,42,1234,0,FlatVelA,FlatVel-A,26634,17172,250,FlatVelA:26634
2027,global_train,42,1234,0,FlatVelA,FlatVel-A,12405,229106,251,FlatVelA:12405
2027,global_train,42,1234,0,FlatVelA,FlatVel-A,28348,120574,252,FlatVelA:28348
2027,global_train,42,1234,0,FlatVelA,FlatVel-A,21623,162034,253,FlatVelA:21623
2027,global_train,42,1234,0,FlatVelA,FlatVel-A,18784,214446,254,FlatVelA:18784
2027,global_train,42,1234,0,FlatVelA,FlatVel-A,24262,11544,255,FlatVelA:24262
2027,global_train,42,1234,0,FlatVelA,FlatVel-A,27462,158664,256,FlatVelA:27462
2027,global_train,42,1234,0,FlatVelA,FlatVel-A,17787,6330,257,FlatVelA:17787
2027,global_train,42,1234,0,FlatVelA,FlatVel-A,14039,98010,258,FlatVelA:14039
2027,global_train,42,1234,0,FlatVelA,FlatVel-A,11559,76954,259,FlatVelA:11559
2027,global_train,42,1234,0,FlatVelA,FlatVel-A,19725,50547,260,FlatVelA:19725
2027,global_train,42,1234,0,FlatVelA,FlatVel-A,15040,189234,261,FlatVelA:15040
2027,global_train,42,1234,0,FlatVelA,FlatVel-A,14206,51944,262,FlatVelA:14206
2027,global_train,42,1234,0,FlatVelA,FlatVel-A,24352,84765,263,FlatVelA:24352
2027,global_train,42,1234,0,FlatVelA,FlatVel-A,3980,133424,264,FlatVelA:3980
2027,global_train,42,1234,0,FlatVelA,FlatVel-A,7632,179358,265,FlatVelA:7632
2027,global_train,42,1234,0,FlatVelA,FlatVel-A,6986,83523,266,FlatVelA:6986
2027,global_train,42,1234,0,FlatVelA,FlatVel-A,26657,208767,267,FlatVelA:26657
2027,global_train,42,1234,0,FlatVelA,FlatVel-A,27580,231772,268,FlatVelA:27580
2027,global_train,42,1234,0,FlatVelA,FlatVel-A,24821,110008,269,FlatVelA:24821
2027,global_train,42,1234,0,FlatVelA,FlatVel-A,22135,140487,270,FlatVelA:22135
2027,global_train,42,1234,0,FlatVelA,FlatVel-A,23239,215251,271,FlatVelA:23239
2027,global_train,42,1234,0,FlatVelA,FlatVel-A,23801,9380,272,FlatVelA:23801
2027,global_train,42,1234,0,FlatVelA,FlatVel-A,9224,107537,273,FlatVelA:9224
2027,global_train,42,1234,0,FlatVelA,FlatVel-A,13821,232189,274,FlatVelA:13821
2027,global_train,42,1234,0,FlatVelA,FlatVel-A,26740,83985,275,FlatVelA:26740
2027,global_train,42,1234,0,FlatVelA,FlatVel-A,845,93827,276,FlatVelA:845
2027,global_train,42,1234,0,FlatVelA,FlatVel-A,21021,164132,277,FlatVelA:21021
2027,global_train,42,1234,0,FlatVelA,FlatVel-A,19348,93564,278,FlatVelA:19348
2027,global_train,42,1234,0,FlatVelA,FlatVel-A,12257,157447,279,FlatVelA:12257
2027,global_train,42,1234,0,FlatVelA,FlatVel-A,3429,58922,280,FlatVelA:3429
2027,global_train,42,1234,0,FlatVelA,FlatVel-A,25002,199679,281,FlatVelA:25002
2027,global_train,42,1234,0,FlatVelA,FlatVel-A,25394,108152,282,FlatVelA:25394
2027,global_train,42,1234,0,FlatVelA,FlatVel-A,21171,123431,283,FlatVelA:21171
2027,global_train,42,1234,0,FlatVelA,FlatVel-A,1509,87526,284,FlatVelA:1509
2027,global_train,42,1234,0,FlatVelA,FlatVel-A,26034,1595,285,FlatVelA:26034
2027,global_train,42,1234,0,FlatVelA,FlatVel-A,28071,226157,286,FlatVelA:28071
2027,global_train,42,1234,0,FlatVelA,FlatVel-A,23253,100455,287,FlatVelA:23253
2027,global_train,42,1234,0,FlatVelA,FlatVel-A,11819,164443,288,FlatVelA:11819
2027,global_train,42,1234,0,FlatVelA,FlatVel-A,18131,185185,289,FlatVelA:18131
2027,global_train,42,1234,0,FlatVelA,FlatVel-A,494,64579,290,FlatVelA:494
2027,global_train,42,1234,0,FlatVelA,FlatVel-A,14431,192953,291,FlatVelA:14431
2027,global_train,42,1234,0,FlatVelA,FlatVel-A,24704,56158,292,FlatVelA:24704
2027,global_train,42,1234,0,FlatVelA,FlatVel-A,8070,85974,293,FlatVelA:8070
2027,global_train,42,1234,0,FlatVelA,FlatVel-A,8497,127864,294,FlatVelA:8497
2027,global_train,42,1234,0,FlatVelA,FlatVel-A,4652,138756,295,FlatVelA:4652
2027,global_train,42,1234,0,FlatVelA,FlatVel-A,18172,100090,296,FlatVelA:18172
2027,global_train,42,1234,0,FlatVelA,FlatVel-A,3771,125502,297,FlatVelA:3771
2027,global_train,42,1234,0,FlatVelA,FlatVel-A,7804,188722,298,FlatVelA:7804
2027,global_train,42,1234,0,FlatVelA,FlatVel-A,14798,229499,299,FlatVelA:14798
2027,global_train,42,1234,0,FlatVelA,FlatVel-A,19732,87786,300,FlatVelA:19732
2027,global_train,42,1234,0,FlatVelA,FlatVel-A,29323,57315,301,FlatVelA:29323
2027,global_train,42,1234,0,FlatVelA,FlatVel-A,7752,207564,302,FlatVelA:7752
2027,global_train,42,1234,0,FlatVelA,FlatVel-A,22629,52345,303,FlatVelA:22629
2027,global_train,42,1234,0,FlatVelA,FlatVel-A,8711,195908,304,FlatVelA:8711
2027,global_train,42,1234,0,FlatVelA,FlatVel-A,13238,181093,305,FlatVelA:13238
2027,global_train,42,1234,0,FlatVelA,FlatVel-A,12406,123334,306,FlatVelA:12406
2027,global_train,42,1234,0,FlatVelA,FlatVel-A,10986,181273,307,FlatVelA:10986
2027,global_train,42,1234,0,FlatVelA,FlatVel-A,14326,92974,308,FlatVelA:14326
2027,global_train,42,1234,0,FlatVelA,FlatVel-A,9539,152764,309,FlatVelA:9539
2027,global_train,42,1234,0,FlatVelA,FlatVel-A,10532,1610,310,FlatVelA:10532
2027,global_train,42,1234,0,FlatVelA,FlatVel-A,9966,7291,311,FlatVelA:9966
2027,global_train,42,1234,0,FlatVelA,FlatVel-A,18841,134028,312,FlatVelA:18841
2027,global_train,42,1234,0,FlatVelA,FlatVel-A,11182,218464,313,FlatVelA:11182
2027,global_train,42,1234,0,FlatVelA,FlatVel-A,5420,226646,314,FlatVelA:5420
2027,global_train,42,1234,0,FlatVelA,FlatVel-A,14246,16420,315,FlatVelA:14246
2027,global_train,42,1234,0,FlatVelA,FlatVel-A,1741,185804,316,FlatVelA:1741
2027,global_train,42,1234,0,FlatVelA,FlatVel-A,8989,164885,317,FlatVelA:8989
2027,global_train,42,1234,0,FlatVelA,FlatVel-A,26865,80459,318,FlatVelA:26865
2027,global_train,42,1234,0,FlatVelA,FlatVel-A,12775,127421,319,FlatVelA:12775
2027,global_train,42,1234,0,FlatVelA,FlatVel-A,20675,201553,320,FlatVelA:20675
2027,global_train,42,1234,0,FlatVelA,FlatVel-A,1626,9778,321,FlatVelA:1626
2027,global_train,42,1234,0,FlatVelA,FlatVel-A,3000,181530,322,FlatVelA:3000
2027,global_train,42,1234,0,FlatVelA,FlatVel-A,19916,31310,323,FlatVelA:19916
2027,global_train,42,1234,0,FlatVelA,FlatVel-A,24592,165667,324,FlatVelA:24592
2027,global_train,42,1234,0,FlatVelA,FlatVel-A,28160,217990,325,FlatVelA:28160
2027,global_train,42,1234,0,FlatVelA,FlatVel-A,8042,108518,326,FlatVelA:8042
2027,global_train,42,1234,0,FlatVelA,FlatVel-A,28603,145757,327,FlatVelA:28603
2027,global_train,42,1234,0,FlatVelA,FlatVel-A,10800,51402,328,FlatVelA:10800
2027,global_train,42,1234,0,FlatVelA,FlatVel-A,28635,181784,329,FlatVelA:28635
2027,global_train,42,1234,0,FlatVelA,FlatVel-A,27952,57229,330,FlatVelA:27952
2027,global_train,42,1234,0,FlatVelA,FlatVel-A,1179,196177,331,FlatVelA:1179
2027,global_train,42,1234,0,FlatVelA,FlatVel-A,21635,140279,332,FlatVelA:21635
2027,global_train,42,1234,0,FlatVelA,FlatVel-A,2465,161105,333,FlatVelA:2465
2027,global_train,42,1234,0,FlatVelA,FlatVel-A,18982,152801,334,FlatVelA:18982
2027,global_train,42,1234,0,FlatVelA,FlatVel-A,10656,212925,335,FlatVelA:10656
2027,global_train,42,1234,0,FlatVelA,FlatVel-A,6140,80389,336,FlatVelA:6140
2027,global_train,42,1234,0,FlatVelA,FlatVel-A,6492,108505,337,FlatVelA:6492
2027,global_train,42,1234,0,FlatVelA,FlatVel-A,5353,224794,338,FlatVelA:5353
2027,global_train,42,1234,0,FlatVelA,FlatVel-A,29783,93233,339,FlatVelA:29783
2027,global_train,42,1234,0,FlatVelA,FlatVel-A,22221,190903,340,FlatVelA:22221
2027,global_train,42,1234,0,FlatVelA,FlatVel-A,29636,159458,341,FlatVelA:29636
2027,global_train,42,1234,0,FlatVelA,FlatVel-A,15256,194414,342,FlatVelA:15256
2027,global_train,42,1234,0,FlatVelA,FlatVel-A,26854,36208,343,FlatVelA:26854
2027,global_train,42,1234,0,FlatVelA,FlatVel-A,6253,58546,344,FlatVelA:6253
2027,global_train,42,1234,0,FlatVelA,FlatVel-A,20489,165043,345,FlatVelA:20489
2027,global_train,42,1234,0,FlatVelA,FlatVel-A,2314,173090,346,FlatVelA:2314
2027,global_train,42,1234,0,FlatVelA,FlatVel-A,21877,178737,347,FlatVelA:21877
2027,global_train,42,1234,0,FlatVelA,FlatVel-A,12256,38269,348,FlatVelA:12256
2027,global_train,42,1234,0,FlatVelA,FlatVel-A,18532,192305,349,FlatVelA:18532
2027,global_train,42,1234,0,FlatVelA,FlatVel-A,4723,20911,350,FlatVelA:4723
2027,global_train,42,1234,0,FlatVelA,FlatVel-A,17868,89032,351,FlatVelA:17868
2027,global_train,42,1234,0,FlatVelA,FlatVel-A,8951,60592,352,FlatVelA:8951
2027,global_train,42,1234,0,FlatVelA,FlatVel-A,12130,173598,353,FlatVelA:12130
2027,global_train,42,1234,0,FlatVelA,FlatVel-A,15303,28317,354,FlatVelA:15303
2027,global_train,42,1234,0,FlatVelA,FlatVel-A,8229,173193,355,FlatVelA:8229
2027,global_train,42,1234,0,FlatVelA,FlatVel-A,14415,85686,356,FlatVelA:14415
2027,global_train,42,1234,0,FlatVelA,FlatVel-A,2723,40671,357,FlatVelA:2723
2027,global_train,42,1234,0,FlatVelA,FlatVel-A,29943,192714,358,FlatVelA:29943
2027,global_train,42,1234,0,FlatVelA,FlatVel-A,11634,192501,359,FlatVelA:11634
2027,global_train,42,1234,0,FlatVelA,FlatVel-A,21699,64318,360,FlatVelA:21699
2027,global_train,42,1234,0,FlatVelA,FlatVel-A,16894,124184,361,FlatVelA:16894
2027,global_train,42,1234,0,FlatVelA,FlatVel-A,2181,131055,362,FlatVelA:2181
2027,global_train,42,1234,0,FlatVelA,FlatVel-A,18640,50002,363,FlatVelA:18640
2027,global_train,42,1234,0,FlatVelA,FlatVel-A,13252,45704,364,FlatVelA:13252
2027,global_train,42,1234,0,FlatVelA,FlatVel-A,16321,188235,365,FlatVelA:16321
2027,global_train,42,1234,0,FlatVelA,FlatVel-A,12543,96673,366,FlatVelA:12543
2027,global_train,42,1234,0,FlatVelA,FlatVel-A,14505,115911,367,FlatVelA:14505
2027,global_train,42,1234,0,FlatVelA,FlatVel-A,11379,18085,368,FlatVelA:11379
2027,global_train,42,1234,0,FlatVelA,FlatVel-A,1346,111209,369,FlatVelA:1346
2027,global_train,42,1234,0,FlatVelA,FlatVel-A,1482,195776,370,FlatVelA:1482
2027,global_train,42,1234,0,FlatVelA,FlatVel-A,21790,44424,371,FlatVelA:21790
2027,global_train,42,1234,0,FlatVelA,FlatVel-A,17777,173426,372,FlatVelA:17777
2027,global_train,42,1234,0,FlatVelA,FlatVel-A,2930,18263,373,FlatVelA:2930
2027,global_train,42,1234,0,FlatVelA,FlatVel-A,5468,46098,374,FlatVelA:5468
2027,global_train,42,1234,0,FlatVelA,FlatVel-A,29768,73657,375,FlatVelA:29768
2027,global_train,42,1234,0,FlatVelA,FlatVel-A,12880,59563,376,FlatVelA:12880
2027,global_train,42,1234,0,FlatVelA,FlatVel-A,21321,118385,377,FlatVelA:21321
2027,global_train,42,1234,0,FlatVelA,FlatVel-A,1062,146320,378,FlatVelA:1062
2027,global_train,42,1234,0,FlatVelA,FlatVel-A,14105,218046,379,FlatVelA:14105
2027,global_train,42,1234,0,FlatVelA,FlatVel-A,7489,61731,380,FlatVelA:7489
2027,global_train,42,1234,0,FlatVelA,FlatVel-A,22124,233761,381,FlatVelA:22124
2027,global_train,42,1234,0,FlatVelA,FlatVel-A,29222,108673,382,FlatVelA:29222
2027,global_train,42,1234,0,FlatVelA,FlatVel-A,23525,142856,383,FlatVelA:23525
2027,global_train,42,1234,0,FlatVelA,FlatVel-A,973,155879,384,FlatVelA:973
2027,global_train,42,1234,0,FlatVelA,FlatVel-A,15394,166589,385,FlatVelA:15394
2027,global_train,42,1234,0,FlatVelA,FlatVel-A,12594,172197,386,FlatVelA:12594
2027,global_train,42,1234,0,FlatVelA,FlatVel-A,5986,199390,387,FlatVelA:5986
2027,global_train,42,1234,0,FlatVelA,FlatVel-A,29904,29386,388,FlatVelA:29904
2027,global_train,42,1234,0,FlatVelA,FlatVel-A,1335,170071,389,FlatVelA:1335
2027,global_train,42,1234,0,FlatVelA,FlatVel-A,11415,211152,390,FlatVelA:11415
2027,global_train,42,1234,0,FlatVelA,FlatVel-A,16648,142976,391,FlatVelA:16648
2027,global_train,42,1234,0,FlatVelA,FlatVel-A,8440,206906,392,FlatVelA:8440
2027,global_train,42,1234,0,FlatVelA,FlatVel-A,10816,209011,393,FlatVelA:10816
2027,global_train,42,1234,0,FlatVelA,FlatVel-A,15123,189681,394,FlatVelA:15123
2027,global_train,42,1234,0,FlatVelA,FlatVel-A,20959,60583,395,FlatVelA:20959
2027,global_train,42,1234,0,FlatVelA,FlatVel-A,28142,58492,396,FlatVelA:28142
2027,global_train,42,1234,0,FlatVelA,FlatVel-A,17278,66140,397,FlatVelA:17278
2027,global_train,42,1234,0,FlatVelA,FlatVel-A,23300,49751,398,FlatVelA:23300
2027,global_train,42,1234,0,FlatVelA,FlatVel-A,13183,39206,399,FlatVelA:13183
2027,global_train,42,1234,0,FlatVelA,FlatVel-A,7608,158407,400,FlatVelA:7608
2027,global_train,42,1234,0,FlatVelA,FlatVel-A,10309,164486,401,FlatVelA:10309
2027,global_train,42,1234,0,FlatVelA,FlatVel-A,8353,59608,402,FlatVelA:8353
2027,global_train,42,1234,0,FlatVelA,FlatVel-A,4323,74376,403,FlatVelA:4323
2027,global_train,42,1234,0,FlatVelA,FlatVel-A,18443,41256,404,FlatVelA:18443
2027,global_train,42,1234,0,FlatVelA,FlatVel-A,14304,178022,405,FlatVelA:14304
2027,global_train,42,1234,0,FlatVelA,FlatVel-A,25711,47339,406,FlatVelA:25711
2027,global_train,42,1234,0,FlatVelA,FlatVel-A,24141,16061,407,FlatVelA:24141
2027,global_train,42,1234,0,FlatVelA,FlatVel-A,10846,184056,408,FlatVelA:10846
2027,global_train,42,1234,0,FlatVelA,FlatVel-A,5622,93400,409,FlatVelA:5622
2027,global_train,42,1234,0,FlatVelA,FlatVel-A,25501,32655,410,FlatVelA:25501
2027,global_train,42,1234,0,FlatVelA,FlatVel-A,5869,203137,411,FlatVelA:5869
2027,global_train,42,1234,0,FlatVelA,FlatVel-A,23503,11290,412,FlatVelA:23503
2027,global_train,42,1234,0,FlatVelA,FlatVel-A,4215,203994,413,FlatVelA:4215
2027,global_train,42,1234,0,FlatVelA,FlatVel-A,3999,114886,414,FlatVelA:3999
2027,global_train,42,1234,0,FlatVelA,FlatVel-A,16868,155424,415,FlatVelA:16868
2027,global_train,42,1234,0,FlatVelA,FlatVel-A,2368,100361,416,FlatVelA:2368
2027,global_train,42,1234,0,FlatVelA,FlatVel-A,3471,226262,417,FlatVelA:3471
2027,global_train,42,1234,0,FlatVelA,FlatVel-A,5276,189920,418,FlatVelA:5276
2027,global_train,42,1234,0,FlatVelA,FlatVel-A,17465,13552,419,FlatVelA:17465
2027,global_train,42,1234,0,FlatVelA,FlatVel-A,10659,40674,420,FlatVelA:10659
2027,global_train,42,1234,0,FlatVelA,FlatVel-A,11503,82560,421,FlatVelA:11503
2027,global_train,42,1234,0,FlatVelA,FlatVel-A,25676,85303,422,FlatVelA:25676
2027,global_train,42,1234,0,FlatVelA,FlatVel-A,5030,187526,423,FlatVelA:5030
2027,global_train,42,1234,0,FlatVelA,FlatVel-A,15205,139524,424,FlatVelA:15205
2027,global_train,42,1234,0,FlatVelA,FlatVel-A,24867,98362,425,FlatVelA:24867
2027,global_train,42,1234,0,FlatVelA,FlatVel-A,21207,108177,426,FlatVelA:21207
2027,global_train,42,1234,0,FlatVelA,FlatVel-A,11857,1965,427,FlatVelA:11857
2027,global_train,42,1234,0,FlatVelA,FlatVel-A,15305,79268,428,FlatVelA:15305
2027,global_train,42,1234,0,FlatVelA,FlatVel-A,7426,231804,429,FlatVelA:7426
2027,global_train,42,1234,0,FlatVelA,FlatVel-A,17406,15913,430,FlatVelA:17406
2027,global_train,42,1234,0,FlatVelA,FlatVel-A,18698,159297,431,FlatVelA:18698
2027,global_train,42,1234,0,FlatVelA,FlatVel-A,24767,51785,432,FlatVelA:24767
2027,global_train,42,1234,0,FlatVelA,FlatVel-A,18766,56474,433,FlatVelA:18766
2027,global_train,42,1234,0,FlatVelA,FlatVel-A,28367,210280,434,FlatVelA:28367
2027,global_train,42,1234,0,FlatVelA,FlatVel-A,22331,200866,435,FlatVelA:22331
2027,global_train,42,1234,0,FlatVelA,FlatVel-A,13115,112972,436,FlatVelA:13115
2027,global_train,42,1234,0,FlatVelA,FlatVel-A,11071,32421,437,FlatVelA:11071
2027,global_train,42,1234,0,FlatVelA,FlatVel-A,19398,6371,438,FlatVelA:19398
2027,global_train,42,1234,0,FlatVelA,FlatVel-A,28728,221781,439,FlatVelA:28728
2027,global_train,42,1234,0,FlatVelA,FlatVel-A,23774,164744,440,FlatVelA:23774
2027,global_train,42,1234,0,FlatVelA,FlatVel-A,22085,229829,441,FlatVelA:22085
2027,global_train,42,1234,0,FlatVelA,FlatVel-A,424,69455,442,FlatVelA:424
2027,global_train,42,1234,0,FlatVelA,FlatVel-A,5471,181398,443,FlatVelA:5471
2027,global_train,42,1234,0,FlatVelA,FlatVel-A,23099,56850,444,FlatVelA:23099
2027,global_train,42,1234,0,FlatVelA,FlatVel-A,19625,80194,445,FlatVelA:19625
2027,global_train,42,1234,0,FlatVelA,FlatVel-A,10481,107169,446,FlatVelA:10481
2027,global_train,42,1234,0,FlatVelA,FlatVel-A,16889,80885,447,FlatVelA:16889
2027,global_train,42,1234,0,FlatVelA,FlatVel-A,24417,162168,448,FlatVelA:24417
2027,global_train,42,1234,0,FlatVelA,FlatVel-A,18777,67023,449,FlatVelA:18777
2027,global_train,42,1234,0,FlatVelA,FlatVel-A,3100,129369,450,FlatVelA:3100
2027,global_train,42,1234,0,FlatVelA,FlatVel-A,18092,185251,451,FlatVelA:18092
2027,global_train,42,1234,0,FlatVelA,FlatVel-A,6367,105917,452,FlatVelA:6367
2027,global_train,42,1234,0,FlatVelA,FlatVel-A,6415,27453,453,FlatVelA:6415
2027,global_train,42,1234,0,FlatVelA,FlatVel-A,15745,137715,454,FlatVelA:15745
2027,global_train,42,1234,0,FlatVelA,FlatVel-A,22009,160649,455,FlatVelA:22009
2027,global_train,42,1234,0,FlatVelA,FlatVel-A,3757,31030,456,FlatVelA:3757
2027,global_train,42,1234,0,FlatVelA,FlatVel-A,1402,50920,457,FlatVelA:1402
2027,global_train,42,1234,0,FlatVelA,FlatVel-A,1661,28502,458,FlatVelA:1661
2027,global_train,42,1234,0,FlatVelA,FlatVel-A,6490,38959,459,FlatVelA:6490
2027,global_train,42,1234,0,FlatVelA,FlatVel-A,3738,26866,460,FlatVelA:3738
2027,global_train,42,1234,0,FlatVelA,FlatVel-A,27304,31233,461,FlatVelA:27304
2027,global_train,42,1234,0,FlatVelA,FlatVel-A,11460,187564,462,FlatVelA:11460
2027,global_train,42,1234,0,FlatVelA,FlatVel-A,7268,79429,463,FlatVelA:7268
2027,global_train,42,1234,0,FlatVelA,FlatVel-A,15555,8122,464,FlatVelA:15555
2027,global_train,42,1234,0,FlatVelA,FlatVel-A,11214,98840,465,FlatVelA:11214
2027,global_train,42,1234,0,FlatVelA,FlatVel-A,7942,64600,466,FlatVelA:7942
2027,global_train,42,1234,0,FlatVelA,FlatVel-A,27005,98120,467,FlatVelA:27005
2027,global_train,42,1234,0,FlatVelA,FlatVel-A,14790,104078,468,FlatVelA:14790
2027,global_train,42,1234,0,FlatVelA,FlatVel-A,5851,201976,469,FlatVelA:5851
2027,global_train,42,1234,0,FlatVelA,FlatVel-A,12725,6277,470,FlatVelA:12725
2027,global_train,42,1234,0,FlatVelA,FlatVel-A,17496,234741,471,FlatVelA:17496
2027,global_train,42,1234,0,FlatVelA,FlatVel-A,28894,195511,472,FlatVelA:28894
2027,global_train,42,1234,0,FlatVelA,FlatVel-A,22461,59107,473,FlatVelA:22461
2027,global_train,42,1234,0,FlatVelA,FlatVel-A,16010,154197,474,FlatVelA:16010
2027,global_train,42,1234,0,FlatVelA,FlatVel-A,23805,178840,475,FlatVelA:23805
2027,global_train,42,1234,0,FlatVelA,FlatVel-A,16595,70517,476,FlatVelA:16595
2027,global_train,42,1234,0,FlatVelA,FlatVel-A,22171,99880,477,FlatVelA:22171
2027,global_train,42,1234,0,FlatVelA,FlatVel-A,17816,182055,478,FlatVelA:17816
2027,global_train,42,1234,0,FlatVelA,FlatVel-A,3433,66348,479,FlatVelA:3433
2027,global_train,42,1234,0,FlatVelA,FlatVel-A,23007,177179,480,FlatVelA:23007
2027,global_train,42,1234,0,FlatVelA,FlatVel-A,27246,68981,481,FlatVelA:27246
2027,global_train,42,1234,0,FlatVelA,FlatVel-A,12539,215384,482,FlatVelA:12539
2027,global_train,42,1234,0,FlatVelA,FlatVel-A,16541,57135,483,FlatVelA:16541
2027,global_train,42,1234,0,FlatVelA,FlatVel-A,2183,136876,484,FlatVelA:2183
2027,global_train,42,1234,0,FlatVelA,FlatVel-A,12033,51357,485,FlatVelA:12033
2027,global_train,42,1234,0,FlatVelA,FlatVel-A,9200,203662,486,FlatVelA:9200
2027,global_train,42,1234,0,FlatVelA,FlatVel-A,10733,203336,487,FlatVelA:10733
2027,global_train,42,1234,0,FlatVelA,FlatVel-A,7193,76698,488,FlatVelA:7193
2027,global_train,42,1234,0,FlatVelA,FlatVel-A,7185,117151,489,FlatVelA:7185
2027,global_train,42,1234,0,FlatVelA,FlatVel-A,13345,37824,490,FlatVelA:13345
2027,global_train,42,1234,0,FlatVelA,FlatVel-A,29344,76619,491,FlatVelA:29344
2027,global_train,42,1234,0,FlatVelA,FlatVel-A,6518,120587,492,FlatVelA:6518
2027,global_train,42,1234,0,FlatVelA,FlatVel-A,7879,208412,493,FlatVelA:7879
2027,global_train,42,1234,0,FlatVelA,FlatVel-A,16780,227460,494,FlatVelA:16780
2027,global_train,42,1234,0,FlatVelA,FlatVel-A,27447,16619,495,FlatVelA:27447
2027,global_train,42,1234,0,FlatVelA,FlatVel-A,11590,221986,496,FlatVelA:11590
2027,global_train,42,1234,0,FlatVelA,FlatVel-A,4563,216952,497,FlatVelA:4563
2027,global_train,42,1234,0,FlatVelA,FlatVel-A,4702,185991,498,FlatVelA:4702
2027,global_train,42,1234,0,FlatVelA,FlatVel-A,21826,120759,499,FlatVelA:21826
2027,global_train,42,1234,0,FlatVelA,FlatVel-A,9787,95659,500,FlatVelA:9787
2027,global_train,42,1234,0,FlatVelA,FlatVel-A,12782,134766,501,FlatVelA:12782
2027,global_train,42,1234,0,FlatVelA,FlatVel-A,12024,169563,502,FlatVelA:12024
2027,global_train,42,1234,0,FlatVelA,FlatVel-A,18973,88445,503,FlatVelA:18973
2027,global_train,42,1234,0,FlatVelA,FlatVel-A,16674,39083,504,FlatVelA:16674
2027,global_train,42,1234,0,FlatVelA,FlatVel-A,26391,198133,505,FlatVelA:26391
2027,global_train,42,1234,0,FlatVelA,FlatVel-A,3718,118952,506,FlatVelA:3718
2027,global_train,42,1234,0,FlatVelA,FlatVel-A,14992,12990,507,FlatVelA:14992
2027,global_train,42,1234,0,FlatVelA,FlatVel-A,5368,71767,508,FlatVelA:5368
2027,global_train,42,1234,0,FlatVelA,FlatVel-A,9322,195349,509,FlatVelA:9322
2027,global_train,42,1234,0,FlatVelA,FlatVel-A,11865,116225,510,FlatVelA:11865
2027,global_train,42,1234,0,FlatVelA,FlatVel-A,14858,136653,511,FlatVelA:14858
2027,global_train,42,1234,0,FlatVelA,FlatVel-A,5810,61199,512,FlatVelA:5810
2027,global_train,42,1234,0,FlatVelA,FlatVel-A,5560,42503,513,FlatVelA:5560
2027,global_train,42,1234,0,FlatVelA,FlatVel-A,6477,198063,514,FlatVelA:6477
2027,global_train,42,1234,0,FlatVelA,FlatVel-A,1765,99215,515,FlatVelA:1765
2027,global_train,42,1234,0,FlatVelA,FlatVel-A,6449,5239,516,FlatVelA:6449
2027,global_train,42,1234,0,FlatVelA,FlatVel-A,24881,194259,517,FlatVelA:24881
2027,global_train,42,1234,0,FlatVelA,FlatVel-A,24527,193374,518,FlatVelA:24527
2027,global_train,42,1234,0,FlatVelA,FlatVel-A,12610,178823,519,FlatVelA:12610
2027,global_train,42,1234,0,FlatVelA,FlatVel-A,13170,202911,520,FlatVelA:13170
2027,global_train,42,1234,0,FlatVelA,FlatVel-A,21324,102052,521,FlatVelA:21324
2027,global_train,42,1234,0,FlatVelA,FlatVel-A,7372,155462,522,FlatVelA:7372
2027,global_train,42,1234,0,FlatVelA,FlatVel-A,12134,97523,523,FlatVelA:12134
2027,global_train,42,1234,0,FlatVelA,FlatVel-A,25499,825,524,FlatVelA:25499
2027,global_train,42,1234,0,FlatVelA,FlatVel-A,18322,157737,525,FlatVelA:18322
2027,global_train,42,1234,0,FlatVelA,FlatVel-A,17072,115375,526,FlatVelA:17072
2027,global_train,42,1234,0,FlatVelA,FlatVel-A,28229,227455,527,FlatVelA:28229
2027,global_train,42,1234,0,FlatVelA,FlatVel-A,873,40960,528,FlatVelA:873
2027,global_train,42,1234,0,FlatVelA,FlatVel-A,23873,42321,529,FlatVelA:23873
2027,global_train,42,1234,0,FlatVelA,FlatVel-A,25066,181505,530,FlatVelA:25066
2027,global_train,42,1234,0,FlatVelA,FlatVel-A,24591,59031,531,FlatVelA:24591
2027,global_train,42,1234,0,FlatVelA,FlatVel-A,12756,186077,532,FlatVelA:12756
2027,global_train,42,1234,0,FlatVelA,FlatVel-A,5485,189652,533,FlatVelA:5485
2027,global_train,42,1234,0,FlatVelA,FlatVel-A,28128,217637,534,FlatVelA:28128
2027,global_train,42,1234,0,FlatVelA,FlatVel-A,407,47382,535,FlatVelA:407
2027,global_train,42,1234,0,FlatVelA,FlatVel-A,18555,87890,536,FlatVelA:18555
2027,global_train,42,1234,0,FlatVelA,FlatVel-A,20877,180554,537,FlatVelA:20877
2027,global_train,42,1234,0,FlatVelA,FlatVel-A,3489,98037,538,FlatVelA:3489
2027,global_train,42,1234,0,FlatVelA,FlatVel-A,7248,1968,539,FlatVelA:7248
2027,global_train,42,1234,0,FlatVelA,FlatVel-A,3780,204182,540,FlatVelA:3780
2027,global_train,42,1234,0,FlatVelA,FlatVel-A,15982,159734,541,FlatVelA:15982
2027,global_train,42,1234,0,FlatVelA,FlatVel-A,3669,2725,542,FlatVelA:3669
2027,global_train,42,1234,0,FlatVelA,FlatVel-A,17447,49080,543,FlatVelA:17447
2027,global_train,42,1234,0,FlatVelA,FlatVel-A,5825,37781,544,FlatVelA:5825
2027,global_train,42,1234,0,FlatVelA,FlatVel-A,26127,30416,545,FlatVelA:26127
2027,global_train,42,1234,0,FlatVelA,FlatVel-A,20050,81345,546,FlatVelA:20050
2027,global_train,42,1234,0,FlatVelA,FlatVel-A,18701,37033,547,FlatVelA:18701
2027,global_train,42,1234,0,FlatVelA,FlatVel-A,13326,202500,548,FlatVelA:13326
2027,global_train,42,1234,0,FlatVelA,FlatVel-A,29290,156383,549,FlatVelA:29290
2027,global_train,42,1234,0,FlatVelA,FlatVel-A,7524,41086,550,FlatVelA:7524
2027,global_train,42,1234,0,FlatVelA,FlatVel-A,17820,162835,551,FlatVelA:17820
2027,global_train,42,1234,0,FlatVelA,FlatVel-A,12925,132811,552,FlatVelA:12925
2027,global_train,42,1234,0,FlatVelA,FlatVel-A,6109,87383,553,FlatVelA:6109
2027,global_train,42,1234,0,FlatVelA,FlatVel-A,28974,39078,554,FlatVelA:28974
2027,global_train,42,1234,0,FlatVelA,FlatVel-A,20525,57030,555,FlatVelA:20525
2027,global_train,42,1234,0,FlatVelA,FlatVel-A,10431,189634,556,FlatVelA:10431
2027,global_train,42,1234,0,FlatVelA,FlatVel-A,9084,99647,557,FlatVelA:9084
2027,global_train,42,1234,0,FlatVelA,FlatVel-A,13926,131592,558,FlatVelA:13926
2027,global_train,42,1234,0,FlatVelA,FlatVel-A,27244,54338,559,FlatVelA:27244
2027,global_train,42,1234,0,FlatVelA,FlatVel-A,10703,87415,560,FlatVelA:10703
2027,global_train,42,1234,0,FlatVelA,FlatVel-A,23276,174728,561,FlatVelA:23276
2027,global_train,42,1234,0,FlatVelA,FlatVel-A,4179,35151,562,FlatVelA:4179
2027,global_train,42,1234,0,FlatVelA,FlatVel-A,153,124750,563,FlatVelA:153
2027,global_train,42,1234,0,FlatVelA,FlatVel-A,9091,18229,564,FlatVelA:9091
2027,global_train,42,1234,0,FlatVelA,FlatVel-A,20161,44389,565,FlatVelA:20161
2027,global_train,42,1234,0,FlatVelA,FlatVel-A,10290,195406,566,FlatVelA:10290
2027,global_train,42,1234,0,FlatVelA,FlatVel-A,21532,20289,567,FlatVelA:21532
2027,global_train,42,1234,0,FlatVelA,FlatVel-A,28188,142224,568,FlatVelA:28188
2027,global_train,42,1234,0,FlatVelA,FlatVel-A,1128,86894,569,FlatVelA:1128
2027,global_train,42,1234,0,FlatVelA,FlatVel-A,12901,84236,570,FlatVelA:12901
2027,global_train,42,1234,0,FlatVelA,FlatVel-A,25327,35700,571,FlatVelA:25327
2027,global_train,42,1234,0,FlatVelA,FlatVel-A,2957,57089,572,FlatVelA:2957
2027,global_train,42,1234,0,FlatVelA,FlatVel-A,25908,177123,573,FlatVelA:25908
2027,global_train,42,1234,0,FlatVelA,FlatVel-A,22730,100680,574,FlatVelA:22730
2027,global_train,42,1234,0,FlatVelA,FlatVel-A,28754,147274,575,FlatVelA:28754
2027,global_train,42,1234,0,FlatVelA,FlatVel-A,14839,192814,576,FlatVelA:14839
2027,global_train,42,1234,0,FlatVelA,FlatVel-A,15156,50420,577,FlatVelA:15156
2027,global_train,42,1234,0,FlatVelA,FlatVel-A,9349,41976,578,FlatVelA:9349
2027,global_train,42,1234,0,FlatVelA,FlatVel-A,4038,136592,579,FlatVelA:4038
2027,global_train,42,1234,0,FlatVelA,FlatVel-A,6180,110499,580,FlatVelA:6180
2027,global_train,42,1234,0,FlatVelA,FlatVel-A,18169,218225,581,FlatVelA:18169
2027,global_train,42,1234,0,FlatVelA,FlatVel-A,14580,172229,582,FlatVelA:14580
2027,global_train,42,1234,0,FlatVelA,FlatVel-A,12269,32365,583,FlatVelA:12269
2027,global_train,42,1234,0,FlatVelA,FlatVel-A,11593,20642,584,FlatVelA:11593
2027,global_train,42,1234,0,FlatVelA,FlatVel-A,6562,136417,585,FlatVelA:6562
2027,global_train,42,1234,0,FlatVelA,FlatVel-A,12014,165788,586,FlatVelA:12014
2027,global_train,42,1234,0,FlatVelA,FlatVel-A,23286,230950,587,FlatVelA:23286
2027,global_train,42,1234,0,FlatVelA,FlatVel-A,5454,179497,588,FlatVelA:5454
2027,global_train,42,1234,0,FlatVelA,FlatVel-A,10302,14919,589,FlatVelA:10302
2027,global_train,42,1234,0,FlatVelA,FlatVel-A,29732,79948,590,FlatVelA:29732
2027,global_train,42,1234,0,FlatVelA,FlatVel-A,19143,74024,591,FlatVelA:19143
2027,global_train,42,1234,0,FlatVelA,FlatVel-A,2232,3637,592,FlatVelA:2232
2027,global_train,42,1234,0,FlatVelA,FlatVel-A,15272,118684,593,FlatVelA:15272
2027,global_train,42,1234,0,FlatVelA,FlatVel-A,27774,188616,594,FlatVelA:27774
2027,global_train,42,1234,0,FlatVelA,FlatVel-A,2115,96611,595,FlatVelA:2115
2027,global_train,42,1234,0,FlatVelA,FlatVel-A,17277,122230,596,FlatVelA:17277
2027,global_train,42,1234,0,FlatVelA,FlatVel-A,16031,186494,597,FlatVelA:16031
2027,global_train,42,1234,0,FlatVelA,FlatVel-A,17292,124089,598,FlatVelA:17292
2027,global_train,42,1234,0,FlatVelA,FlatVel-A,10210,68781,599,FlatVelA:10210
2027,global_train,42,1234,0,FlatVelA,FlatVel-A,2529,95296,600,FlatVelA:2529
2027,global_train,42,1234,0,FlatVelA,FlatVel-A,680,27497,601,FlatVelA:680
2027,global_train,42,1234,0,FlatVelA,FlatVel-A,7663,20678,602,FlatVelA:7663
2027,global_train,42,1234,0,FlatVelA,FlatVel-A,22580,115624,603,FlatVelA:22580
2027,global_train,42,1234,0,FlatVelA,FlatVel-A,3645,15005,604,FlatVelA:3645
2027,global_train,42,1234,0,FlatVelA,FlatVel-A,1666,11106,605,FlatVelA:1666
2027,global_train,42,1234,0,FlatVelA,FlatVel-A,27406,93708,606,FlatVelA:27406
2027,global_train,42,1234,0,FlatVelA,FlatVel-A,5814,194630,607,FlatVelA:5814
2027,global_train,42,1234,0,FlatVelA,FlatVel-A,4965,157270,608,FlatVelA:4965
2027,global_train,42,1234,0,FlatVelA,FlatVel-A,10511,78810,609,FlatVelA:10511
2027,global_train,42,1234,0,FlatVelA,FlatVel-A,18666,20728,610,FlatVelA:18666
2027,global_train,42,1234,0,FlatVelA,FlatVel-A,27648,49833,611,FlatVelA:27648
2027,global_train,42,1234,0,FlatVelA,FlatVel-A,2796,31456,612,FlatVelA:2796
2027,global_train,42,1234,0,FlatVelA,FlatVel-A,17043,179762,613,FlatVelA:17043
2027,global_train,42,1234,0,FlatVelA,FlatVel-A,561,162094,614,FlatVelA:561
2027,global_train,42,1234,0,FlatVelA,FlatVel-A,26238,119674,615,FlatVelA:26238
2027,global_train,42,1234,0,FlatVelA,FlatVel-A,9623,154681,616,FlatVelA:9623
2027,global_train,42,1234,0,FlatVelA,FlatVel-A,15196,233082,617,FlatVelA:15196
2027,global_train,42,1234,0,FlatVelA,FlatVel-A,22516,232663,618,FlatVelA:22516
2027,global_train,42,1234,0,FlatVelA,FlatVel-A,13090,128756,619,FlatVelA:13090
2027,global_train,42,1234,0,FlatVelA,FlatVel-A,5817,125205,620,FlatVelA:5817
2027,global_train,42,1234,0,FlatVelA,FlatVel-A,26797,233876,621,FlatVelA:26797
2027,global_train,42,1234,0,FlatVelA,FlatVel-A,12278,179278,622,FlatVelA:12278
2027,global_train,42,1234,0,FlatVelA,FlatVel-A,12374,175634,623,FlatVelA:12374
2027,global_train,42,1234,0,FlatVelA,FlatVel-A,3120,18305,624,FlatVelA:3120
2027,global_train,42,1234,0,FlatVelA,FlatVel-A,12144,113483,625,FlatVelA:12144
2027,global_train,42,1234,0,FlatVelA,FlatVel-A,12786,15131,626,FlatVelA:12786
2027,global_train,42,1234,0,FlatVelA,FlatVel-A,21576,86762,627,FlatVelA:21576
2027,global_train,42,1234,0,FlatVelA,FlatVel-A,12784,157252,628,FlatVelA:12784
2027,global_train,42,1234,0,FlatVelA,FlatVel-A,12142,3945,629,FlatVelA:12142
2027,global_train,42,1234,0,FlatVelA,FlatVel-A,67,102307,630,FlatVelA:67
2027,global_train,42,1234,0,FlatVelA,FlatVel-A,11552,22682,631,FlatVelA:11552
2027,global_train,42,1234,0,FlatVelA,FlatVel-A,12053,13650,632,FlatVelA:12053
2027,global_train,42,1234,0,FlatVelA,FlatVel-A,25400,6592,633,FlatVelA:25400
2027,global_train,42,1234,0,FlatVelA,FlatVel-A,16249,152318,634,FlatVelA:16249
2027,global_train,42,1234,0,FlatVelA,FlatVel-A,20858,72851,635,FlatVelA:20858
2027,global_train,42,1234,0,FlatVelA,FlatVel-A,15517,204613,636,FlatVelA:15517
2027,global_train,42,1234,0,FlatVelA,FlatVel-A,16322,216097,637,FlatVelA:16322
2027,global_train,42,1234,0,FlatVelA,FlatVel-A,17550,193398,638,FlatVelA:17550
2027,global_train,42,1234,0,FlatVelA,FlatVel-A,339,204457,639,FlatVelA:339
2027,global_train,42,1234,0,FlatVelA,FlatVel-A,11435,142815,640,FlatVelA:11435
2027,global_train,42,1234,0,FlatVelA,FlatVel-A,18040,110735,641,FlatVelA:18040
2027,global_train,42,1234,0,FlatVelA,FlatVel-A,13714,101892,642,FlatVelA:13714
2027,global_train,42,1234,0,FlatVelA,FlatVel-A,5976,160743,643,FlatVelA:5976
2027,global_train,42,1234,0,FlatVelA,FlatVel-A,19443,134306,644,FlatVelA:19443
2027,global_train,42,1234,0,FlatVelA,FlatVel-A,14274,78235,645,FlatVelA:14274
2027,global_train,42,1234,0,FlatVelA,FlatVel-A,4446,70923,646,FlatVelA:4446
2027,global_train,42,1234,0,FlatVelA,FlatVel-A,5915,208712,647,FlatVelA:5915
2027,global_train,42,1234,0,FlatVelA,FlatVel-A,20732,12054,648,FlatVelA:20732
2027,global_train,42,1234,0,FlatVelA,FlatVel-A,22315,11602,649,FlatVelA:22315
2027,global_train,42,1234,0,FlatVelA,FlatVel-A,2737,82643,650,FlatVelA:2737
2027,global_train,42,1234,0,FlatVelA,FlatVel-A,4705,198057,651,FlatVelA:4705
2027,global_train,42,1234,0,FlatVelA,FlatVel-A,6863,1867,652,FlatVelA:6863
2027,global_train,42,1234,0,FlatVelA,FlatVel-A,12117,111939,653,FlatVelA:12117
2027,global_train,42,1234,0,FlatVelA,FlatVel-A,27118,234813,654,FlatVelA:27118
2027,global_train,42,1234,0,FlatVelA,FlatVel-A,29310,198720,655,FlatVelA:29310
2027,global_train,42,1234,0,FlatVelA,FlatVel-A,25088,35989,656,FlatVelA:25088
2027,global_train,42,1234,0,FlatVelA,FlatVel-A,5360,109357,657,FlatVelA:5360
2027,global_train,42,1234,0,FlatVelA,FlatVel-A,9015,113890,658,FlatVelA:9015
2027,global_train,42,1234,0,FlatVelA,FlatVel-A,14948,176560,659,FlatVelA:14948
2027,global_train,42,1234,0,FlatVelA,FlatVel-A,3081,230134,660,FlatVelA:3081
2027,global_train,42,1234,0,FlatVelA,FlatVel-A,7779,180902,661,FlatVelA:7779
2027,global_train,42,1234,0,FlatVelA,FlatVel-A,15590,38320,662,FlatVelA:15590
2027,global_train,42,1234,0,FlatVelA,FlatVel-A,2091,154610,663,FlatVelA:2091
2027,global_train,42,1234,0,FlatVelA,FlatVel-A,14099,182770,664,FlatVelA:14099
2027,global_train,42,1234,0,FlatVelA,FlatVel-A,21153,79931,665,FlatVelA:21153
2027,global_train,42,1234,0,FlatVelA,FlatVel-A,23681,25146,666,FlatVelA:23681
2027,global_train,42,1234,0,FlatVelA,FlatVel-A,13016,187454,667,FlatVelA:13016
2027,global_train,42,1234,0,FlatVelA,FlatVel-A,8505,50088,668,FlatVelA:8505
2027,global_train,42,1234,0,FlatVelA,FlatVel-A,5187,215277,669,FlatVelA:5187
2027,global_train,42,1234,0,FlatVelA,FlatVel-A,29041,92021,670,FlatVelA:29041
2027,global_train,42,1234,0,FlatVelA,FlatVel-A,3526,177343,671,FlatVelA:3526
2027,global_train,42,1234,0,FlatVelA,FlatVel-A,25565,207218,672,FlatVelA:25565
2027,global_train,42,1234,0,FlatVelA,FlatVel-A,24658,117746,673,FlatVelA:24658
2027,global_train,42,1234,0,FlatVelA,FlatVel-A,18278,210326,674,FlatVelA:18278
2027,global_train,42,1234,0,FlatVelA,FlatVel-A,8407,155229,675,FlatVelA:8407
2027,global_train,42,1234,0,FlatVelA,FlatVel-A,12498,213562,676,FlatVelA:12498
2027,global_train,42,1234,0,FlatVelA,FlatVel-A,28896,53712,677,FlatVelA:28896
2027,global_train,42,1234,0,FlatVelA,FlatVel-A,1865,225543,678,FlatVelA:1865
2027,global_train,42,1234,0,FlatVelA,FlatVel-A,16392,52324,679,FlatVelA:16392
2027,global_train,42,1234,0,FlatVelA,FlatVel-A,342,208476,680,FlatVelA:342
2027,global_train,42,1234,0,FlatVelA,FlatVel-A,6294,225006,681,FlatVelA:6294
2027,global_train,42,1234,0,FlatVelA,FlatVel-A,1433,108818,682,FlatVelA:1433
2027,global_train,42,1234,0,FlatVelA,FlatVel-A,20820,3548,683,FlatVelA:20820
2027,global_train,42,1234,0,FlatVelA,FlatVel-A,1659,153078,684,FlatVelA:1659
2027,global_train,42,1234,0,FlatVelA,FlatVel-A,10964,34021,685,FlatVelA:10964
2027,global_train,42,1234,0,FlatVelA,FlatVel-A,13958,118176,686,FlatVelA:13958
2027,global_train,42,1234,0,FlatVelA,FlatVel-A,5839,142804,687,FlatVelA:5839
2027,global_train,42,1234,0,FlatVelA,FlatVel-A,16093,105160,688,FlatVelA:16093
2027,global_train,42,1234,0,FlatVelA,FlatVel-A,15825,49290,689,FlatVelA:15825
2027,global_train,42,1234,0,FlatVelA,FlatVel-A,16580,175602,690,FlatVelA:16580
2027,global_train,42,1234,0,FlatVelA,FlatVel-A,27675,146265,691,FlatVelA:27675
2027,global_train,42,1234,0,FlatVelA,FlatVel-A,17711,146577,692,FlatVelA:17711
2027,global_train,42,1234,0,FlatVelA,FlatVel-A,16563,25454,693,FlatVelA:16563
2027,global_train,42,1234,0,FlatVelA,FlatVel-A,8011,67476,694,FlatVelA:8011
2027,global_train,42,1234,0,FlatVelA,FlatVel-A,4301,55178,695,FlatVelA:4301
2027,global_train,42,1234,0,FlatVelA,FlatVel-A,703,182204,696,FlatVelA:703
2027,global_train,42,1234,0,FlatVelA,FlatVel-A,20784,185480,697,FlatVelA:20784
2027,global_train,42,1234,0,FlatVelA,FlatVel-A,29043,18569,698,FlatVelA:29043
2027,global_train,42,1234,0,FlatVelA,FlatVel-A,8338,162935,699,FlatVelA:8338
2027,global_train,42,1234,0,FlatVelA,FlatVel-A,17092,26432,700,FlatVelA:17092
2027,global_train,42,1234,0,FlatVelA,FlatVel-A,29851,112890,701,FlatVelA:29851
2027,global_train,42,1234,0,FlatVelA,FlatVel-A,11765,103446,702,FlatVelA:11765
2027,global_train,42,1234,0,FlatVelA,FlatVel-A,27790,184099,703,FlatVelA:27790
2027,global_train,42,1234,0,FlatVelA,FlatVel-A,26558,127923,704,FlatVelA:26558
2027,global_train,42,1234,0,FlatVelA,FlatVel-A,24474,85058,705,FlatVelA:24474
2027,global_train,42,1234,0,FlatVelA,FlatVel-A,20536,69969,706,FlatVelA:20536
2027,global_train,42,1234,0,FlatVelA,FlatVel-A,24344,67116,707,FlatVelA:24344
2027,global_train,42,1234,0,FlatVelA,FlatVel-A,22027,117054,708,FlatVelA:22027
2027,global_train,42,1234,0,FlatVelA,FlatVel-A,13269,85495,709,FlatVelA:13269
2027,global_train,42,1234,0,FlatVelA,FlatVel-A,18716,38214,710,FlatVelA:18716
2027,global_train,42,1234,0,FlatVelA,FlatVel-A,5714,182467,711,FlatVelA:5714
2027,global_train,42,1234,0,FlatVelA,FlatVel-A,28134,189033,712,FlatVelA:28134
2027,global_train,42,1234,0,FlatVelA,FlatVel-A,29329,122151,713,FlatVelA:29329
2027,global_train,42,1234,0,FlatVelA,FlatVel-A,9948,69041,714,FlatVelA:9948
2027,global_train,42,1234,0,FlatVelA,FlatVel-A,6171,96120,715,FlatVelA:6171
2027,global_train,42,1234,0,FlatVelA,FlatVel-A,7949,59058,716,FlatVelA:7949
2027,global_train,42,1234,0,FlatVelA,FlatVel-A,27501,194957,717,FlatVelA:27501
2027,global_train,42,1234,0,FlatVelA,FlatVel-A,9264,31717,718,FlatVelA:9264
2027,global_train,42,1234,0,FlatVelA,FlatVel-A,8981,150916,719,FlatVelA:8981
2027,global_train,42,1234,0,FlatVelA,FlatVel-A,4524,120869,720,FlatVelA:4524
2027,global_train,42,1234,0,FlatVelA,FlatVel-A,11801,193900,721,FlatVelA:11801
2027,global_train,42,1234,0,FlatVelA,FlatVel-A,147,158333,722,FlatVelA:147
2027,global_train,42,1234,0,FlatVelA,FlatVel-A,9393,24712,723,FlatVelA:9393
2027,global_train,42,1234,0,FlatVelA,FlatVel-A,21018,16713,724,FlatVelA:21018
2027,global_train,42,1234,0,FlatVelA,FlatVel-A,25812,224511,725,FlatVelA:25812
2027,global_train,42,1234,0,FlatVelA,FlatVel-A,7132,207358,726,FlatVelA:7132
2027,global_train,42,1234,0,FlatVelA,FlatVel-A,19886,42261,727,FlatVelA:19886
2027,global_train,42,1234,0,FlatVelA,FlatVel-A,5465,110350,728,FlatVelA:5465
2027,global_train,42,1234,0,FlatVelA,FlatVel-A,27070,28430,729,FlatVelA:27070
2027,global_train,42,1234,0,FlatVelA,FlatVel-A,5248,166903,730,FlatVelA:5248
2027,global_train,42,1234,0,FlatVelA,FlatVel-A,6145,229643,731,FlatVelA:6145
2027,global_train,42,1234,0,FlatVelA,FlatVel-A,1814,69995,732,FlatVelA:1814
2027,global_train,42,1234,0,FlatVelA,FlatVel-A,13955,209596,733,FlatVelA:13955
2027,global_train,42,1234,0,FlatVelA,FlatVel-A,10883,178263,734,FlatVelA:10883
2027,global_train,42,1234,0,FlatVelA,FlatVel-A,25144,63137,735,FlatVelA:25144
2027,global_train,42,1234,0,FlatVelA,FlatVel-A,26610,48019,736,FlatVelA:26610
2027,global_train,42,1234,0,FlatVelA,FlatVel-A,17323,66781,737,FlatVelA:17323
2027,global_train,42,1234,0,FlatVelA,FlatVel-A,19345,10423,738,FlatVelA:19345
2027,global_train,42,1234,0,FlatVelA,FlatVel-A,3863,162947,739,FlatVelA:3863
2027,global_train,42,1234,0,FlatVelA,FlatVel-A,22903,98137,740,FlatVelA:22903
2027,global_train,42,1234,0,FlatVelA,FlatVel-A,4134,175515,741,FlatVelA:4134
2027,global_train,42,1234,0,FlatVelA,FlatVel-A,29533,195699,742,FlatVelA:29533
2027,global_train,42,1234,0,FlatVelA,FlatVel-A,2321,217562,743,FlatVelA:2321
2027,global_train,42,1234,0,FlatVelA,FlatVel-A,16748,104031,744,FlatVelA:16748
2027,global_train,42,1234,0,FlatVelA,FlatVel-A,9260,30036,745,FlatVelA:9260
2027,global_train,42,1234,0,FlatVelA,FlatVel-A,24872,185541,746,FlatVelA:24872
2027,global_train,42,1234,0,FlatVelA,FlatVel-A,18493,150354,747,FlatVelA:18493
2027,global_train,42,1234,0,FlatVelA,FlatVel-A,27801,44989,748,FlatVelA:27801
2027,global_train,42,1234,0,FlatVelA,FlatVel-A,2357,234771,749,FlatVelA:2357
2027,global_train,42,1234,0,FlatVelA,FlatVel-A,23750,48443,750,FlatVelA:23750
2027,global_train,42,1234,0,FlatVelA,FlatVel-A,13866,45902,751,FlatVelA:13866
2027,global_train,42,1234,0,FlatVelA,FlatVel-A,28824,182848,752,FlatVelA:28824
2027,global_train,42,1234,0,FlatVelA,FlatVel-A,24137,23456,753,FlatVelA:24137
2027,global_train,42,1234,0,FlatVelA,FlatVel-A,9144,21443,754,FlatVelA:9144
2027,global_train,42,1234,0,FlatVelA,FlatVel-A,19439,182155,755,FlatVelA:19439
2027,global_train,42,1234,0,FlatVelA,FlatVel-A,4720,95059,756,FlatVelA:4720
2027,global_train,42,1234,0,FlatVelA,FlatVel-A,25414,56132,757,FlatVelA:25414
2027,global_train,42,1234,0,FlatVelA,FlatVel-A,8259,138706,758,FlatVelA:8259
2027,global_train,42,1234,0,FlatVelA,FlatVel-A,3896,185133,759,FlatVelA:3896
2027,global_train,42,1234,0,FlatVelA,FlatVel-A,1801,124741,760,FlatVelA:1801
2027,global_train,42,1234,0,FlatVelA,FlatVel-A,17203,98642,761,FlatVelA:17203
2027,global_train,42,1234,0,FlatVelA,FlatVel-A,4531,56160,762,FlatVelA:4531
2027,global_train,42,1234,0,FlatVelA,FlatVel-A,6262,139555,763,FlatVelA:6262
2027,global_train,42,1234,0,FlatVelA,FlatVel-A,6453,58009,764,FlatVelA:6453
2027,global_train,42,1234,0,FlatVelA,FlatVel-A,29588,137721,765,FlatVelA:29588
2027,global_train,42,1234,0,FlatVelA,FlatVel-A,12707,222848,766,FlatVelA:12707
2027,global_train,42,1234,0,FlatVelA,FlatVel-A,29628,36924,767,FlatVelA:29628
2027,global_train,42,1234,0,FlatVelA,FlatVel-A,9346,108132,768,FlatVelA:9346
2027,global_train,42,1234,0,FlatVelA,FlatVel-A,46,231295,769,FlatVelA:46
2027,global_train,42,1234,0,FlatVelA,FlatVel-A,19904,82838,770,FlatVelA:19904
2027,global_train,42,1234,0,FlatVelA,FlatVel-A,14535,59238,771,FlatVelA:14535
2027,global_train,42,1234,0,FlatVelA,FlatVel-A,11645,44685,772,FlatVelA:11645
2027,global_train,42,1234,0,FlatVelA,FlatVel-A,23521,210637,773,FlatVelA:23521
2027,global_train,42,1234,0,FlatVelA,FlatVel-A,20366,116065,774,FlatVelA:20366
2027,global_train,42,1234,0,FlatVelA,FlatVel-A,16408,33512,775,FlatVelA:16408
2027,global_train,42,1234,0,FlatVelA,FlatVel-A,11675,44767,776,FlatVelA:11675
2027,global_train,42,1234,0,FlatVelA,FlatVel-A,14313,129548,777,FlatVelA:14313
2027,global_train,42,1234,0,FlatVelA,FlatVel-A,21986,87869,778,FlatVelA:21986
2027,global_train,42,1234,0,FlatVelA,FlatVel-A,7653,83001,779,FlatVelA:7653
2027,global_train,42,1234,0,FlatVelA,FlatVel-A,9321,223718,780,FlatVelA:9321
2027,global_train,42,1234,0,FlatVelA,FlatVel-A,17976,141508,781,FlatVelA:17976
2027,global_train,42,1234,0,FlatVelA,FlatVel-A,13757,160856,782,FlatVelA:13757
2027,global_train,42,1234,0,FlatVelA,FlatVel-A,23146,198946,783,FlatVelA:23146
2027,global_train,42,1234,0,FlatVelA,FlatVel-A,13647,18179,784,FlatVelA:13647
2027,global_train,42,1234,0,FlatVelA,FlatVel-A,24035,224091,785,FlatVelA:24035
2027,global_train,42,1234,0,FlatVelA,FlatVel-A,18433,138158,786,FlatVelA:18433
2027,global_train,42,1234,0,FlatVelA,FlatVel-A,24439,43600,787,FlatVelA:24439
2027,global_train,42,1234,0,FlatVelA,FlatVel-A,9102,222911,788,FlatVelA:9102
2027,global_train,42,1234,0,FlatVelA,FlatVel-A,2902,83335,789,FlatVelA:2902
2027,global_train,42,1234,0,FlatVelA,FlatVel-A,29349,71752,790,FlatVelA:29349
2027,global_train,42,1234,0,FlatVelA,FlatVel-A,24067,76421,791,FlatVelA:24067
2027,global_train,42,1234,0,FlatVelA,FlatVel-A,4241,88323,792,FlatVelA:4241
2027,global_train,42,1234,0,FlatVelA,FlatVel-A,21803,108820,793,FlatVelA:21803
2027,global_train,42,1234,0,FlatVelA,FlatVel-A,4104,125622,794,FlatVelA:4104
2027,global_train,42,1234,0,FlatVelA,FlatVel-A,27193,185904,795,FlatVelA:27193
2027,global_train,42,1234,0,FlatVelA,FlatVel-A,15278,147129,796,FlatVelA:15278
2027,global_train,42,1234,0,FlatVelA,FlatVel-A,20920,106084,797,FlatVelA:20920
2027,global_train,42,1234,0,FlatVelA,FlatVel-A,27252,70628,798,FlatVelA:27252
2027,global_train,42,1234,0,FlatVelA,FlatVel-A,18657,67267,799,FlatVelA:18657
2027,global_train,42,1234,0,FlatVelA,FlatVel-A,26721,189038,800,FlatVelA:26721
2027,global_train,42,1234,0,FlatVelA,FlatVel-A,5408,205921,801,FlatVelA:5408
2027,global_train,42,1234,0,FlatVelA,FlatVel-A,22003,20092,802,FlatVelA:22003
2027,global_train,42,1234,0,FlatVelA,FlatVel-A,13832,51999,803,FlatVelA:13832
2027,global_train,42,1234,0,FlatVelA,FlatVel-A,6561,68007,804,FlatVelA:6561
2027,global_train,42,1234,0,FlatVelA,FlatVel-A,16372,74278,805,FlatVelA:16372
2027,global_train,42,1234,0,FlatVelA,FlatVel-A,25180,135333,806,FlatVelA:25180
2027,global_train,42,1234,0,FlatVelA,FlatVel-A,21900,77620,807,FlatVelA:21900
2027,global_train,42,1234,0,FlatVelA,FlatVel-A,7843,167261,808,FlatVelA:7843
2027,global_train,42,1234,0,FlatVelA,FlatVel-A,22628,25174,809,FlatVelA:22628
2027,global_train,42,1234,0,FlatVelA,FlatVel-A,16425,18803,810,FlatVelA:16425
2027,global_train,42,1234,0,FlatVelA,FlatVel-A,18881,74070,811,FlatVelA:18881
2027,global_train,42,1234,0,FlatVelA,FlatVel-A,2583,151522,812,FlatVelA:2583
2027,global_train,42,1234,0,FlatVelA,FlatVel-A,14600,29502,813,FlatVelA:14600
2027,global_train,42,1234,0,FlatVelA,FlatVel-A,6667,186304,814,FlatVelA:6667
2027,global_train,42,1234,0,FlatVelA,FlatVel-A,14588,165390,815,FlatVelA:14588
2027,global_train,42,1234,0,FlatVelA,FlatVel-A,26779,104325,816,FlatVelA:26779
2027,global_train,42,1234,0,FlatVelA,FlatVel-A,7841,102391,817,FlatVelA:7841
2027,global_train,42,1234,0,FlatVelA,FlatVel-A,21626,204815,818,FlatVelA:21626
2027,global_train,42,1234,0,FlatVelA,FlatVel-A,20752,195743,819,FlatVelA:20752
2027,global_train,42,1234,0,FlatVelA,FlatVel-A,418,18961,820,FlatVelA:418
2027,global_train,42,1234,0,FlatVelA,FlatVel-A,25302,180879,821,FlatVelA:25302
2027,global_train,42,1234,0,FlatVelA,FlatVel-A,12627,114983,822,FlatVelA:12627
2027,global_train,42,1234,0,FlatVelA,FlatVel-A,10840,212655,823,FlatVelA:10840
2027,global_train,42,1234,0,FlatVelA,FlatVel-A,26004,189755,824,FlatVelA:26004
2027,global_train,42,1234,0,FlatVelA,FlatVel-A,21024,156863,825,FlatVelA:21024
2027,global_train,42,1234,0,FlatVelA,FlatVel-A,27342,136312,826,FlatVelA:27342
2027,global_train,42,1234,0,FlatVelA,FlatVel-A,18685,55559,827,FlatVelA:18685
2027,global_train,42,1234,0,FlatVelA,FlatVel-A,25418,65857,828,FlatVelA:25418
2027,global_train,42,1234,0,FlatVelA,FlatVel-A,15648,178798,829,FlatVelA:15648
2027,global_train,42,1234,0,FlatVelA,FlatVel-A,28522,159543,830,FlatVelA:28522
2027,global_train,42,1234,0,FlatVelA,FlatVel-A,16712,116621,831,FlatVelA:16712
2027,global_train,42,1234,0,FlatVelA,FlatVel-A,4039,67783,832,FlatVelA:4039
2027,global_train,42,1234,0,FlatVelA,FlatVel-A,18179,83585,833,FlatVelA:18179
2027,global_train,42,1234,0,FlatVelA,FlatVel-A,29120,121234,834,FlatVelA:29120
2027,global_train,42,1234,0,FlatVelA,FlatVel-A,138,33297,835,FlatVelA:138
2027,global_train,42,1234,0,FlatVelA,FlatVel-A,14975,211105,836,FlatVelA:14975
2027,global_train,42,1234,0,FlatVelA,FlatVel-A,6507,107505,837,FlatVelA:6507
2027,global_train,42,1234,0,FlatVelA,FlatVel-A,24270,140759,838,FlatVelA:24270
2027,global_train,42,1234,0,FlatVelA,FlatVel-A,4914,159671,839,FlatVelA:4914
2027,global_train,42,1234,0,FlatVelA,FlatVel-A,27577,187021,840,FlatVelA:27577
2027,global_train,42,1234,0,FlatVelA,FlatVel-A,16531,88231,841,FlatVelA:16531
2027,global_train,42,1234,0,FlatVelA,FlatVel-A,11290,51463,842,FlatVelA:11290
2027,global_train,42,1234,0,FlatVelA,FlatVel-A,11074,95967,843,FlatVelA:11074
2027,global_train,42,1234,0,FlatVelA,FlatVel-A,22344,118002,844,FlatVelA:22344
2027,global_train,42,1234,0,FlatVelA,FlatVel-A,11621,119901,845,FlatVelA:11621
2027,global_train,42,1234,0,FlatVelA,FlatVel-A,1136,36492,846,FlatVelA:1136
2027,global_train,42,1234,0,FlatVelA,FlatVel-A,8075,90654,847,FlatVelA:8075
2027,global_train,42,1234,0,FlatVelA,FlatVel-A,11889,169558,848,FlatVelA:11889
2027,global_train,42,1234,0,FlatVelA,FlatVel-A,15570,42485,849,FlatVelA:15570
2027,global_train,42,1234,0,FlatVelA,FlatVel-A,23,61671,850,FlatVelA:23
2027,global_train,42,1234,0,FlatVelA,FlatVel-A,27941,118625,851,FlatVelA:27941
2027,global_train,42,1234,0,FlatVelA,FlatVel-A,6536,222345,852,FlatVelA:6536
2027,global_train,42,1234,0,FlatVelA,FlatVel-A,18218,34963,853,FlatVelA:18218
2027,global_train,42,1234,0,FlatVelA,FlatVel-A,20151,50910,854,FlatVelA:20151
2027,global_train,42,1234,0,FlatVelA,FlatVel-A,10913,159556,855,FlatVelA:10913
2027,global_train,42,1234,0,FlatVelA,FlatVel-A,19985,19339,856,FlatVelA:19985
2027,global_train,42,1234,0,FlatVelA,FlatVel-A,27225,56393,857,FlatVelA:27225
2027,global_train,42,1234,0,FlatVelA,FlatVel-A,22697,123531,858,FlatVelA:22697
2027,global_train,42,1234,0,FlatVelA,FlatVel-A,3916,97172,859,FlatVelA:3916
2027,global_train,42,1234,0,FlatVelA,FlatVel-A,3696,83484,860,FlatVelA:3696
2027,global_train,42,1234,0,FlatVelA,FlatVel-A,24026,89171,861,FlatVelA:24026
2027,global_train,42,1234,0,FlatVelA,FlatVel-A,8064,148369,862,FlatVelA:8064
2027,global_train,42,1234,0,FlatVelA,FlatVel-A,17003,155376,863,FlatVelA:17003
2027,global_train,42,1234,0,FlatVelA,FlatVel-A,18,6565,864,FlatVelA:18
2027,global_train,42,1234,0,FlatVelA,FlatVel-A,25783,204493,865,FlatVelA:25783
2027,global_train,42,1234,0,FlatVelA,FlatVel-A,23524,113082,866,FlatVelA:23524
2027,global_train,42,1234,0,FlatVelA,FlatVel-A,14493,197568,867,FlatVelA:14493
2027,global_train,42,1234,0,FlatVelA,FlatVel-A,6827,194495,868,FlatVelA:6827
2027,global_train,42,1234,0,FlatVelA,FlatVel-A,29982,165209,869,FlatVelA:29982
2027,global_train,42,1234,0,FlatVelA,FlatVel-A,12636,181328,870,FlatVelA:12636
2027,global_train,42,1234,0,FlatVelA,FlatVel-A,14156,160841,871,FlatVelA:14156
2027,global_train,42,1234,0,FlatVelA,FlatVel-A,13060,220869,872,FlatVelA:13060
2027,global_train,42,1234,0,FlatVelA,FlatVel-A,11812,22300,873,FlatVelA:11812
2027,global_train,42,1234,0,FlatVelA,FlatVel-A,13284,153619,874,FlatVelA:13284
2027,global_train,42,1234,0,FlatVelA,FlatVel-A,22824,32362,875,FlatVelA:22824
2027,global_train,42,1234,0,FlatVelA,FlatVel-A,19204,194493,876,FlatVelA:19204
2027,global_train,42,1234,0,FlatVelA,FlatVel-A,17286,163727,877,FlatVelA:17286
2027,global_train,42,1234,0,FlatVelA,FlatVel-A,29972,129853,878,FlatVelA:29972
2027,global_train,42,1234,0,FlatVelA,FlatVel-A,787,114709,879,FlatVelA:787
2027,global_train,42,1234,0,FlatVelA,FlatVel-A,25067,157137,880,FlatVelA:25067
2027,global_train,42,1234,0,FlatVelA,FlatVel-A,21611,121590,881,FlatVelA:21611
2027,global_train,42,1234,0,FlatVelA,FlatVel-A,5189,212649,882,FlatVelA:5189
2027,global_train,42,1234,0,FlatVelA,FlatVel-A,29888,225180,883,FlatVelA:29888
2027,global_train,42,1234,0,FlatVelA,FlatVel-A,27139,120908,884,FlatVelA:27139
2027,global_train,42,1234,0,FlatVelA,FlatVel-A,22175,22844,885,FlatVelA:22175
2027,global_train,42,1234,0,FlatVelA,FlatVel-A,2780,163668,886,FlatVelA:2780
2027,global_train,42,1234,0,FlatVelA,FlatVel-A,7452,188231,887,FlatVelA:7452
2027,global_train,42,1234,0,FlatVelA,FlatVel-A,9171,48514,888,FlatVelA:9171
2027,global_train,42,1234,0,FlatVelA,FlatVel-A,22189,158761,889,FlatVelA:22189
2027,global_train,42,1234,0,FlatVelA,FlatVel-A,9413,32937,890,FlatVelA:9413
2027,global_train,42,1234,0,FlatVelA,FlatVel-A,14903,233774,891,FlatVelA:14903
2027,global_train,42,1234,0,FlatVelA,FlatVel-A,8771,178120,892,FlatVelA:8771
2027,global_train,42,1234,0,FlatVelA,FlatVel-A,13010,132204,893,FlatVelA:13010
2027,global_train,42,1234,0,FlatVelA,FlatVel-A,23841,82335,894,FlatVelA:23841
2027,global_train,42,1234,0,FlatVelA,FlatVel-A,7871,143514,895,FlatVelA:7871
2027,global_train,42,1234,0,FlatVelA,FlatVel-A,8729,162783,896,FlatVelA:8729
2027,global_train,42,1234,0,FlatVelA,FlatVel-A,21164,75615,897,FlatVelA:21164
2027,global_train,42,1234,0,FlatVelA,FlatVel-A,24884,159372,898,FlatVelA:24884
2027,global_train,42,1234,0,FlatVelA,FlatVel-A,19117,167320,899,FlatVelA:19117
2027,global_train,42,1234,0,FlatVelA,FlatVel-A,24142,111554,900,FlatVelA:24142
2027,global_train,42,1234,0,FlatVelA,FlatVel-A,20722,197930,901,FlatVelA:20722
2027,global_train,42,1234,0,FlatVelA,FlatVel-A,14222,39946,902,FlatVelA:14222
2027,global_train,42,1234,0,FlatVelA,FlatVel-A,28826,216305,903,FlatVelA:28826
2027,global_train,42,1234,0,FlatVelA,FlatVel-A,7950,18760,904,FlatVelA:7950
2027,global_train,42,1234,0,FlatVelA,FlatVel-A,28612,88968,905,FlatVelA:28612
2027,global_train,42,1234,0,FlatVelA,FlatVel-A,836,151506,906,FlatVelA:836
2027,global_train,42,1234,0,FlatVelA,FlatVel-A,5146,161334,907,FlatVelA:5146
2027,global_train,42,1234,0,FlatVelA,FlatVel-A,8805,146255,908,FlatVelA:8805
2027,global_train,42,1234,0,FlatVelA,FlatVel-A,18611,201889,909,FlatVelA:18611
2027,global_train,42,1234,0,FlatVelA,FlatVel-A,17894,122197,910,FlatVelA:17894
2027,global_train,42,1234,0,FlatVelA,FlatVel-A,5498,170432,911,FlatVelA:5498
2027,global_train,42,1234,0,FlatVelA,FlatVel-A,18127,24903,912,FlatVelA:18127
2027,global_train,42,1234,0,FlatVelA,FlatVel-A,4884,22121,913,FlatVelA:4884
2027,global_train,42,1234,0,FlatVelA,FlatVel-A,10007,186769,914,FlatVelA:10007
2027,global_train,42,1234,0,FlatVelA,FlatVel-A,26216,71152,915,FlatVelA:26216
2027,global_train,42,1234,0,FlatVelA,FlatVel-A,28502,4249,916,FlatVelA:28502
2027,global_train,42,1234,0,FlatVelA,FlatVel-A,22351,62062,917,FlatVelA:22351
2027,global_train,42,1234,0,FlatVelA,FlatVel-A,6591,19795,918,FlatVelA:6591
2027,global_train,42,1234,0,FlatVelA,FlatVel-A,27016,73047,919,FlatVelA:27016
2027,global_train,42,1234,0,FlatVelA,FlatVel-A,29474,50129,920,FlatVelA:29474
2027,global_train,42,1234,0,FlatVelA,FlatVel-A,12992,12392,921,FlatVelA:12992
2027,global_train,42,1234,0,FlatVelA,FlatVel-A,18620,204369,922,FlatVelA:18620
2027,global_train,42,1234,0,FlatVelA,FlatVel-A,3288,164193,923,FlatVelA:3288
2027,global_train,42,1234,0,FlatVelA,FlatVel-A,12461,198739,924,FlatVelA:12461
2027,global_train,42,1234,0,FlatVelA,FlatVel-A,8087,146122,925,FlatVelA:8087
2027,global_train,42,1234,0,FlatVelA,FlatVel-A,29573,99561,926,FlatVelA:29573
2027,global_train,42,1234,0,FlatVelA,FlatVel-A,6359,81386,927,FlatVelA:6359
2027,global_train,42,1234,0,FlatVelA,FlatVel-A,15335,100324,928,FlatVelA:15335
2027,global_train,42,1234,0,FlatVelA,FlatVel-A,16423,32762,929,FlatVelA:16423
2027,global_train,42,1234,0,FlatVelA,FlatVel-A,9326,95731,930,FlatVelA:9326
2027,global_train,42,1234,0,FlatVelA,FlatVel-A,6784,114183,931,FlatVelA:6784
2027,global_train,42,1234,0,FlatVelA,FlatVel-A,20119,229580,932,FlatVelA:20119
2027,global_train,42,1234,0,FlatVelA,FlatVel-A,20745,31043,933,FlatVelA:20745
2027,global_train,42,1234,0,FlatVelA,FlatVel-A,1125,172854,934,FlatVelA:1125
2027,global_train,42,1234,0,FlatVelA,FlatVel-A,7991,148959,935,FlatVelA:7991
2027,global_train,42,1234,0,FlatVelA,FlatVel-A,21132,161236,936,FlatVelA:21132
2027,global_train,42,1234,0,FlatVelA,FlatVel-A,8365,234294,937,FlatVelA:8365
2027,global_train,42,1234,0,FlatVelA,FlatVel-A,9432,183351,938,FlatVelA:9432
2027,global_train,42,1234,0,FlatVelA,FlatVel-A,8420,189489,939,FlatVelA:8420
2027,global_train,42,1234,0,FlatVelA,FlatVel-A,3537,57310,940,FlatVelA:3537
2027,global_train,42,1234,0,FlatVelA,FlatVel-A,4176,210916,941,FlatVelA:4176
2027,global_train,42,1234,0,FlatVelA,FlatVel-A,19174,234284,942,FlatVelA:19174
2027,global_train,42,1234,0,FlatVelA,FlatVel-A,10653,200865,943,FlatVelA:10653
2027,global_train,42,1234,0,FlatVelA,FlatVel-A,15810,25811,944,FlatVelA:15810
2027,global_train,42,1234,0,FlatVelA,FlatVel-A,18036,191272,945,FlatVelA:18036
2027,global_train,42,1234,0,FlatVelA,FlatVel-A,25276,165758,946,FlatVelA:25276
2027,global_train,42,1234,0,FlatVelA,FlatVel-A,3484,100029,947,FlatVelA:3484
2027,global_train,42,1234,0,FlatVelA,FlatVel-A,27238,165021,948,FlatVelA:27238
2027,global_train,42,1234,0,FlatVelA,FlatVel-A,22200,90716,949,FlatVelA:22200
2027,global_train,42,1234,0,FlatVelA,FlatVel-A,4648,90284,950,FlatVelA:4648
2027,global_train,42,1234,0,FlatVelA,FlatVel-A,28443,66295,951,FlatVelA:28443
2027,global_train,42,1234,0,FlatVelA,FlatVel-A,13410,23146,952,FlatVelA:13410
2027,global_train,42,1234,0,FlatVelA,FlatVel-A,3353,166171,953,FlatVelA:3353
2027,global_train,42,1234,0,FlatVelA,FlatVel-A,21401,72039,954,FlatVelA:21401
2027,global_train,42,1234,0,FlatVelA,FlatVel-A,476,141420,955,FlatVelA:476
2027,global_train,42,1234,0,FlatVelA,FlatVel-A,27197,117254,956,FlatVelA:27197
2027,global_train,42,1234,0,FlatVelA,FlatVel-A,20421,127951,957,FlatVelA:20421
2027,global_train,42,1234,0,FlatVelA,FlatVel-A,27040,163735,958,FlatVelA:27040
2027,global_train,42,1234,0,FlatVelA,FlatVel-A,21923,41154,959,FlatVelA:21923
2027,global_train,42,1234,0,FlatVelA,FlatVel-A,12584,75439,960,FlatVelA:12584
2027,global_train,42,1234,0,FlatVelA,FlatVel-A,4746,185563,961,FlatVelA:4746
2027,global_train,42,1234,0,FlatVelA,FlatVel-A,24010,206872,962,FlatVelA:24010
2027,global_train,42,1234,0,FlatVelA,FlatVel-A,10837,112723,963,FlatVelA:10837
2027,global_train,42,1234,0,FlatVelA,FlatVel-A,15691,16694,964,FlatVelA:15691
2027,global_train,42,1234,0,FlatVelA,FlatVel-A,10304,201828,965,FlatVelA:10304
2027,global_train,42,1234,0,FlatVelA,FlatVel-A,16527,50945,966,FlatVelA:16527
2027,global_train,42,1234,0,FlatVelA,FlatVel-A,11905,94412,967,FlatVelA:11905
2027,global_train,42,1234,0,FlatVelA,FlatVel-A,7226,222897,968,FlatVelA:7226
2027,global_train,42,1234,0,FlatVelA,FlatVel-A,22701,196914,969,FlatVelA:22701
2027,global_train,42,1234,0,FlatVelA,FlatVel-A,3309,109652,970,FlatVelA:3309
2027,global_train,42,1234,0,FlatVelA,FlatVel-A,5334,78918,971,FlatVelA:5334
2027,global_train,42,1234,0,FlatVelA,FlatVel-A,18577,22529,972,FlatVelA:18577
2027,global_train,42,1234,0,FlatVelA,FlatVel-A,25791,129676,973,FlatVelA:25791
2027,global_train,42,1234,0,FlatVelA,FlatVel-A,12957,156500,974,FlatVelA:12957
2027,global_train,42,1234,0,FlatVelA,FlatVel-A,17660,146034,975,FlatVelA:17660
2027,global_train,42,1234,0,FlatVelA,FlatVel-A,12306,219569,976,FlatVelA:12306
2027,global_train,42,1234,0,FlatVelA,FlatVel-A,8088,118882,977,FlatVelA:8088
2027,global_train,42,1234,0,FlatVelA,FlatVel-A,15086,193882,978,FlatVelA:15086
2027,global_train,42,1234,0,FlatVelA,FlatVel-A,3646,187081,979,FlatVelA:3646
2027,global_train,42,1234,0,FlatVelA,FlatVel-A,10664,141538,980,FlatVelA:10664
2027,global_train,42,1234,0,FlatVelA,FlatVel-A,13105,201356,981,FlatVelA:13105
2027,global_train,42,1234,0,FlatVelA,FlatVel-A,6521,8207,982,FlatVelA:6521
2027,global_train,42,1234,0,FlatVelA,FlatVel-A,15395,190213,983,FlatVelA:15395
2027,global_train,42,1234,0,FlatVelA,FlatVel-A,28519,141963,984,FlatVelA:28519
2027,global_train,42,1234,0,FlatVelA,FlatVel-A,14666,83521,985,FlatVelA:14666
2027,global_train,42,1234,0,FlatVelA,FlatVel-A,1952,170301,986,FlatVelA:1952
2027,global_train,42,1234,0,FlatVelA,FlatVel-A,28044,40430,987,FlatVelA:28044
2027,global_train,42,1234,0,FlatVelA,FlatVel-A,11189,2489,988,FlatVelA:11189
2027,global_train,42,1234,0,FlatVelA,FlatVel-A,21777,54799,989,FlatVelA:21777
2027,global_train,42,1234,0,FlatVelA,FlatVel-A,12450,109584,990,FlatVelA:12450
2027,global_train,42,1234,0,FlatVelA,FlatVel-A,5352,11819,991,FlatVelA:5352
2027,global_train,42,1234,0,FlatVelA,FlatVel-A,29591,160670,992,FlatVelA:29591
2027,global_train,42,1234,0,FlatVelA,FlatVel-A,24977,72802,993,FlatVelA:24977
2027,global_train,42,1234,0,FlatVelA,FlatVel-A,4187,148507,994,FlatVelA:4187
2027,global_train,42,1234,0,FlatVelA,FlatVel-A,6106,124948,995,FlatVelA:6106
2027,global_train,42,1234,0,FlatVelA,FlatVel-A,23679,201818,996,FlatVelA:23679
2027,global_train,42,1234,0,FlatVelA,FlatVel-A,29916,190280,997,FlatVelA:29916
2027,global_train,42,1234,0,FlatVelA,FlatVel-A,29386,113979,998,FlatVelA:29386
2027,global_train,42,1234,0,FlatVelA,FlatVel-A,14583,45457,999,FlatVelA:14583
2027,global_train,42,1234,1,FlatVelB,FlatVel-B,15013,202613,0,FlatVelB:15013
2027,global_train,42,1234,1,FlatVelB,FlatVel-B,13804,203925,1,FlatVelB:13804
2027,global_train,42,1234,1,FlatVelB,FlatVel-B,1389,22124,2,FlatVelB:1389
2027,global_train,42,1234,1,FlatVelB,FlatVel-B,26831,73806,3,FlatVelB:26831
2027,global_train,42,1234,1,FlatVelB,FlatVel-B,725,101623,4,FlatVelB:725
2027,global_train,42,1234,1,FlatVelB,FlatVel-B,5493,108566,5,FlatVelB:5493
2027,global_train,42,1234,1,FlatVelB,FlatVel-B,24756,216920,6,FlatVelB:24756
2027,global_train,42,1234,1,FlatVelB,FlatVel-B,26894,170174,7,FlatVelB:26894
2027,global_train,42,1234,1,FlatVelB,FlatVel-B,984,149412,8,FlatVelB:984
2027,global_train,42,1234,1,FlatVelB,FlatVel-B,14509,26145,9,FlatVelB:14509
2027,global_train,42,1234,1,FlatVelB,FlatVel-B,7291,185131,10,FlatVelB:7291
2027,global_train,42,1234,1,FlatVelB,FlatVel-B,12637,186479,11,FlatVelB:12637
2027,global_train,42,1234,1,FlatVelB,FlatVel-B,27913,111997,12,FlatVelB:27913
2027,global_train,42,1234,1,FlatVelB,FlatVel-B,438,44670,13,FlatVelB:438
2027,global_train,42,1234,1,FlatVelB,FlatVel-B,4449,218662,14,FlatVelB:4449
2027,global_train,42,1234,1,FlatVelB,FlatVel-B,11420,214920,15,FlatVelB:11420
2027,global_train,42,1234,1,FlatVelB,FlatVel-B,12353,65367,16,FlatVelB:12353
2027,global_train,42,1234,1,FlatVelB,FlatVel-B,19584,153011,17,FlatVelB:19584
2027,global_train,42,1234,1,FlatVelB,FlatVel-B,15955,207979,18,FlatVelB:15955
2027,global_train,42,1234,1,FlatVelB,FlatVel-B,26993,100182,19,FlatVelB:26993
2027,global_train,42,1234,1,FlatVelB,FlatVel-B,3806,193993,20,FlatVelB:3806
2027,global_train,42,1234,1,FlatVelB,FlatVel-B,25097,88565,21,FlatVelB:25097
2027,global_train,42,1234,1,FlatVelB,FlatVel-B,11250,178634,22,FlatVelB:11250
2027,global_train,42,1234,1,FlatVelB,FlatVel-B,8230,103431,23,FlatVelB:8230
2027,global_train,42,1234,1,FlatVelB,FlatVel-B,23321,87716,24,FlatVelB:23321
2027,global_train,42,1234,1,FlatVelB,FlatVel-B,7150,141246,25,FlatVelB:7150
2027,global_train,42,1234,1,FlatVelB,FlatVel-B,12542,164612,26,FlatVelB:12542
2027,global_train,42,1234,1,FlatVelB,FlatVel-B,6225,60368,27,FlatVelB:6225
2027,global_train,42,1234,1,FlatVelB,FlatVel-B,11643,179367,28,FlatVelB:11643
2027,global_train,42,1234,1,FlatVelB,FlatVel-B,16405,112334,29,FlatVelB:16405
2027,global_train,42,1234,1,FlatVelB,FlatVel-B,8405,5815,30,FlatVelB:8405
2027,global_train,42,1234,1,FlatVelB,FlatVel-B,14785,12053,31,FlatVelB:14785
2027,global_train,42,1234,1,FlatVelB,FlatVel-B,439,185640,32,FlatVelB:439
2027,global_train,42,1234,1,FlatVelB,FlatVel-B,9361,30619,33,FlatVelB:9361
2027,global_train,42,1234,1,FlatVelB,FlatVel-B,27771,79539,34,FlatVelB:27771
2027,global_train,42,1234,1,FlatVelB,FlatVel-B,1704,57210,35,FlatVelB:1704
2027,global_train,42,1234,1,FlatVelB,FlatVel-B,7649,122227,36,FlatVelB:7649
2027,global_train,42,1234,1,FlatVelB,FlatVel-B,23619,31602,37,FlatVelB:23619
2027,global_train,42,1234,1,FlatVelB,FlatVel-B,7315,105978,38,FlatVelB:7315
2027,global_train,42,1234,1,FlatVelB,FlatVel-B,493,222386,39,FlatVelB:493
2027,global_train,42,1234,1,FlatVelB,FlatVel-B,26203,104441,40,FlatVelB:26203
2027,global_train,42,1234,1,FlatVelB,FlatVel-B,7169,96774,41,FlatVelB:7169
2027,global_train,42,1234,1,FlatVelB,FlatVel-B,7734,187936,42,FlatVelB:7734
2027,global_train,42,1234,1,FlatVelB,FlatVel-B,4849,170032,43,FlatVelB:4849
2027,global_train,42,1234,1,FlatVelB,FlatVel-B,23459,222919,44,FlatVelB:23459
2027,global_train,42,1234,1,FlatVelB,FlatVel-B,7889,223370,45,FlatVelB:7889
2027,global_train,42,1234,1,FlatVelB,FlatVel-B,29926,14370,46,FlatVelB:29926
2027,global_train,42,1234,1,FlatVelB,FlatVel-B,7835,137119,47,FlatVelB:7835
2027,global_train,42,1234,1,FlatVelB,FlatVel-B,16255,158957,48,FlatVelB:16255
2027,global_train,42,1234,1,FlatVelB,FlatVel-B,7949,163527,49,FlatVelB:7949
2027,global_train,42,1234,1,FlatVelB,FlatVel-B,22494,71392,50,FlatVelB:22494
2027,global_train,42,1234,1,FlatVelB,FlatVel-B,12250,116791,51,FlatVelB:12250
2027,global_train,42,1234,1,FlatVelB,FlatVel-B,10822,39411,52,FlatVelB:10822
2027,global_train,42,1234,1,FlatVelB,FlatVel-B,4582,102159,53,FlatVelB:4582
2027,global_train,42,1234,1,FlatVelB,FlatVel-B,27027,77355,54,FlatVelB:27027
2027,global_train,42,1234,1,FlatVelB,FlatVel-B,3853,175359,55,FlatVelB:3853
2027,global_train,42,1234,1,FlatVelB,FlatVel-B,25832,7239,56,FlatVelB:25832
2027,global_train,42,1234,1,FlatVelB,FlatVel-B,18832,84347,57,FlatVelB:18832
2027,global_train,42,1234,1,FlatVelB,FlatVel-B,539,93583,58,FlatVelB:539
2027,global_train,42,1234,1,FlatVelB,FlatVel-B,7523,154698,59,FlatVelB:7523
2027,global_train,42,1234,1,FlatVelB,FlatVel-B,28269,165436,60,FlatVelB:28269
2027,global_train,42,1234,1,FlatVelB,FlatVel-B,105,221993,61,FlatVelB:105
2027,global_train,42,1234,1,FlatVelB,FlatVel-B,22831,171755,62,FlatVelB:22831
2027,global_train,42,1234,1,FlatVelB,FlatVel-B,17911,172371,63,FlatVelB:17911
2027,global_train,42,1234,1,FlatVelB,FlatVel-B,16653,120909,64,FlatVelB:16653
2027,global_train,42,1234,1,FlatVelB,FlatVel-B,15531,80029,65,FlatVelB:15531
2027,global_train,42,1234,1,FlatVelB,FlatVel-B,7759,82043,66,FlatVelB:7759
2027,global_train,42,1234,1,FlatVelB,FlatVel-B,13258,101319,67,FlatVelB:13258
2027,global_train,42,1234,1,FlatVelB,FlatVel-B,19499,232377,68,FlatVelB:19499
2027,global_train,42,1234,1,FlatVelB,FlatVel-B,21406,22183,69,FlatVelB:21406
2027,global_train,42,1234,1,FlatVelB,FlatVel-B,21250,180681,70,FlatVelB:21250
2027,global_train,42,1234,1,FlatVelB,FlatVel-B,2879,30026,71,FlatVelB:2879
2027,global_train,42,1234,1,FlatVelB,FlatVel-B,19812,161702,72,FlatVelB:19812
2027,global_train,42,1234,1,FlatVelB,FlatVel-B,26341,205574,73,FlatVelB:26341
2027,global_train,42,1234,1,FlatVelB,FlatVel-B,18829,180893,74,FlatVelB:18829
2027,global_train,42,1234,1,FlatVelB,FlatVel-B,944,107363,75,FlatVelB:944
2027,global_train,42,1234,1,FlatVelB,FlatVel-B,25995,229357,76,FlatVelB:25995
2027,global_train,42,1234,1,FlatVelB,FlatVel-B,13196,88972,77,FlatVelB:13196
2027,global_train,42,1234,1,FlatVelB,FlatVel-B,26716,135131,78,FlatVelB:26716
2027,global_train,42,1234,1,FlatVelB,FlatVel-B,12029,162007,79,FlatVelB:12029
2027,global_train,42,1234,1,FlatVelB,FlatVel-B,24509,203752,80,FlatVelB:24509
2027,global_train,42,1234,1,FlatVelB,FlatVel-B,3311,105008,81,FlatVelB:3311
2027,global_train,42,1234,1,FlatVelB,FlatVel-B,13599,198407,82,FlatVelB:13599
2027,global_train,42,1234,1,FlatVelB,FlatVel-B,20153,2354,83,FlatVelB:20153
2027,global_train,42,1234,1,FlatVelB,FlatVel-B,4556,197456,84,FlatVelB:4556
2027,global_train,42,1234,1,FlatVelB,FlatVel-B,21755,62710,85,FlatVelB:21755
2027,global_train,42,1234,1,FlatVelB,FlatVel-B,6795,198271,86,FlatVelB:6795
2027,global_train,42,1234,1,FlatVelB,FlatVel-B,22595,2704,87,FlatVelB:22595
2027,global_train,42,1234,1,FlatVelB,FlatVel-B,9253,225571,88,FlatVelB:9253
2027,global_train,42,1234,1,FlatVelB,FlatVel-B,22873,158194,89,FlatVelB:22873
2027,global_train,42,1234,1,FlatVelB,FlatVel-B,12125,120402,90,FlatVelB:12125
2027,global_train,42,1234,1,FlatVelB,FlatVel-B,22088,19880,91,FlatVelB:22088
2027,global_train,42,1234,1,FlatVelB,FlatVel-B,23119,172433,92,FlatVelB:23119
2027,global_train,42,1234,1,FlatVelB,FlatVel-B,6764,156019,93,FlatVelB:6764
2027,global_train,42,1234,1,FlatVelB,FlatVel-B,23410,141271,94,FlatVelB:23410
2027,global_train,42,1234,1,FlatVelB,FlatVel-B,23571,45707,95,FlatVelB:23571
2027,global_train,42,1234,1,FlatVelB,FlatVel-B,22912,136229,96,FlatVelB:22912
2027,global_train,42,1234,1,FlatVelB,FlatVel-B,29689,181572,97,FlatVelB:29689
2027,global_train,42,1234,1,FlatVelB,FlatVel-B,13603,126295,98,FlatVelB:13603
2027,global_train,42,1234,1,FlatVelB,FlatVel-B,25599,188925,99,FlatVelB:25599
2027,global_train,42,1234,1,FlatVelB,FlatVel-B,10308,146668,100,FlatVelB:10308
2027,global_train,42,1234,1,FlatVelB,FlatVel-B,19794,120059,101,FlatVelB:19794
2027,global_train,42,1234,1,FlatVelB,FlatVel-B,29424,228574,102,FlatVelB:29424
2027,global_train,42,1234,1,FlatVelB,FlatVel-B,25715,179464,103,FlatVelB:25715
2027,global_train,42,1234,1,FlatVelB,FlatVel-B,20901,37190,104,FlatVelB:20901
2027,global_train,42,1234,1,FlatVelB,FlatVel-B,17948,165591,105,FlatVelB:17948
2027,global_train,42,1234,1,FlatVelB,FlatVel-B,18487,50569,106,FlatVelB:18487
2027,global_train,42,1234,1,FlatVelB,FlatVel-B,10688,117018,107,FlatVelB:10688
2027,global_train,42,1234,1,FlatVelB,FlatVel-B,28148,160859,108,FlatVelB:28148
2027,global_train,42,1234,1,FlatVelB,FlatVel-B,9847,145796,109,FlatVelB:9847
2027,global_train,42,1234,1,FlatVelB,FlatVel-B,25172,233029,110,FlatVelB:25172
2027,global_train,42,1234,1,FlatVelB,FlatVel-B,19831,83755,111,FlatVelB:19831
2027,global_train,42,1234,1,FlatVelB,FlatVel-B,12171,168075,112,FlatVelB:12171
2027,global_train,42,1234,1,FlatVelB,FlatVel-B,1207,176137,113,FlatVelB:1207
2027,global_train,42,1234,1,FlatVelB,FlatVel-B,25688,40338,114,FlatVelB:25688
2027,global_train,42,1234,1,FlatVelB,FlatVel-B,22129,152027,115,FlatVelB:22129
2027,global_train,42,1234,1,FlatVelB,FlatVel-B,28645,226058,116,FlatVelB:28645
2027,global_train,42,1234,1,FlatVelB,FlatVel-B,18480,193130,117,FlatVelB:18480
2027,global_train,42,1234,1,FlatVelB,FlatVel-B,22304,56913,118,FlatVelB:22304
2027,global_train,42,1234,1,FlatVelB,FlatVel-B,10443,85854,119,FlatVelB:10443
2027,global_train,42,1234,1,FlatVelB,FlatVel-B,2182,209023,120,FlatVelB:2182
2027,global_train,42,1234,1,FlatVelB,FlatVel-B,17058,130530,121,FlatVelB:17058
2027,global_train,42,1234,1,FlatVelB,FlatVel-B,9865,19869,122,FlatVelB:9865
2027,global_train,42,1234,1,FlatVelB,FlatVel-B,26604,74402,123,FlatVelB:26604
2027,global_train,42,1234,1,FlatVelB,FlatVel-B,7977,37707,124,FlatVelB:7977
2027,global_train,42,1234,1,FlatVelB,FlatVel-B,14971,65966,125,FlatVelB:14971
2027,global_train,42,1234,1,FlatVelB,FlatVel-B,24666,22655,126,FlatVelB:24666
2027,global_train,42,1234,1,FlatVelB,FlatVel-B,7099,68707,127,FlatVelB:7099
2027,global_train,42,1234,1,FlatVelB,FlatVel-B,2729,126812,128,FlatVelB:2729
2027,global_train,42,1234,1,FlatVelB,FlatVel-B,16360,98926,129,FlatVelB:16360
2027,global_train,42,1234,1,FlatVelB,FlatVel-B,14755,212510,130,FlatVelB:14755
2027,global_train,42,1234,1,FlatVelB,FlatVel-B,24442,124081,131,FlatVelB:24442
2027,global_train,42,1234,1,FlatVelB,FlatVel-B,25025,16179,132,FlatVelB:25025
2027,global_train,42,1234,1,FlatVelB,FlatVel-B,29265,194038,133,FlatVelB:29265
2027,global_train,42,1234,1,FlatVelB,FlatVel-B,26260,109612,134,FlatVelB:26260
2027,global_train,42,1234,1,FlatVelB,FlatVel-B,11121,15450,135,FlatVelB:11121
2027,global_train,42,1234,1,FlatVelB,FlatVel-B,19254,181031,136,FlatVelB:19254
2027,global_train,42,1234,1,FlatVelB,FlatVel-B,5113,81949,137,FlatVelB:5113
2027,global_train,42,1234,1,FlatVelB,FlatVel-B,10712,140265,138,FlatVelB:10712
2027,global_train,42,1234,1,FlatVelB,FlatVel-B,21549,184970,139,FlatVelB:21549
2027,global_train,42,1234,1,FlatVelB,FlatVel-B,15241,217429,140,FlatVelB:15241
2027,global_train,42,1234,1,FlatVelB,FlatVel-B,10239,220449,141,FlatVelB:10239
2027,global_train,42,1234,1,FlatVelB,FlatVel-B,5273,26571,142,FlatVelB:5273
2027,global_train,42,1234,1,FlatVelB,FlatVel-B,8267,141414,143,FlatVelB:8267
2027,global_train,42,1234,1,FlatVelB,FlatVel-B,21389,221362,144,FlatVelB:21389
2027,global_train,42,1234,1,FlatVelB,FlatVel-B,25277,98456,145,FlatVelB:25277
2027,global_train,42,1234,1,FlatVelB,FlatVel-B,284,27777,146,FlatVelB:284
2027,global_train,42,1234,1,FlatVelB,FlatVel-B,23218,142650,147,FlatVelB:23218
2027,global_train,42,1234,1,FlatVelB,FlatVel-B,96,131165,148,FlatVelB:96
2027,global_train,42,1234,1,FlatVelB,FlatVel-B,27986,197123,149,FlatVelB:27986
2027,global_train,42,1234,1,FlatVelB,FlatVel-B,22049,117362,150,FlatVelB:22049
2027,global_train,42,1234,1,FlatVelB,FlatVel-B,952,70487,151,FlatVelB:952
2027,global_train,42,1234,1,FlatVelB,FlatVel-B,13217,217259,152,FlatVelB:13217
2027,global_train,42,1234,1,FlatVelB,FlatVel-B,22271,150225,153,FlatVelB:22271
2027,global_train,42,1234,1,FlatVelB,FlatVel-B,24243,106310,154,FlatVelB:24243
2027,global_train,42,1234,1,FlatVelB,FlatVel-B,1684,223836,155,FlatVelB:1684
2027,global_train,42,1234,1,FlatVelB,FlatVel-B,3168,81316,156,FlatVelB:3168
2027,global_train,42,1234,1,FlatVelB,FlatVel-B,11778,51842,157,FlatVelB:11778
2027,global_train,42,1234,1,FlatVelB,FlatVel-B,21457,151826,158,FlatVelB:21457
2027,global_train,42,1234,1,FlatVelB,FlatVel-B,28191,22972,159,FlatVelB:28191
2027,global_train,42,1234,1,FlatVelB,FlatVel-B,958,56967,160,FlatVelB:958
2027,global_train,42,1234,1,FlatVelB,FlatVel-B,10499,193973,161,FlatVelB:10499
2027,global_train,42,1234,1,FlatVelB,FlatVel-B,24097,46041,162,FlatVelB:24097
2027,global_train,42,1234,1,FlatVelB,FlatVel-B,25457,104521,163,FlatVelB:25457
2027,global_train,42,1234,1,FlatVelB,FlatVel-B,4308,198477,164,FlatVelB:4308
2027,global_train,42,1234,1,FlatVelB,FlatVel-B,22677,28920,165,FlatVelB:22677
2027,global_train,42,1234,1,FlatVelB,FlatVel-B,11030,30923,166,FlatVelB:11030
2027,global_train,42,1234,1,FlatVelB,FlatVel-B,16444,185342,167,FlatVelB:16444
2027,global_train,42,1234,1,FlatVelB,FlatVel-B,18023,72925,168,FlatVelB:18023
2027,global_train,42,1234,1,FlatVelB,FlatVel-B,15220,205701,169,FlatVelB:15220
2027,global_train,42,1234,1,FlatVelB,FlatVel-B,12973,205876,170,FlatVelB:12973
2027,global_train,42,1234,1,FlatVelB,FlatVel-B,19733,221119,171,FlatVelB:19733
2027,global_train,42,1234,1,FlatVelB,FlatVel-B,15068,122748,172,FlatVelB:15068
2027,global_train,42,1234,1,FlatVelB,FlatVel-B,24126,32994,173,FlatVelB:24126
2027,global_train,42,1234,1,FlatVelB,FlatVel-B,15844,138504,174,FlatVelB:15844
2027,global_train,42,1234,1,FlatVelB,FlatVel-B,22686,60832,175,FlatVelB:22686
2027,global_train,42,1234,1,FlatVelB,FlatVel-B,17373,209414,176,FlatVelB:17373
2027,global_train,42,1234,1,FlatVelB,FlatVel-B,10634,74411,177,FlatVelB:10634
2027,global_train,42,1234,1,FlatVelB,FlatVel-B,6424,147584,178,FlatVelB:6424
2027,global_train,42,1234,1,FlatVelB,FlatVel-B,23831,129941,179,FlatVelB:23831
2027,global_train,42,1234,1,FlatVelB,FlatVel-B,8020,32978,180,FlatVelB:8020
2027,global_train,42,1234,1,FlatVelB,FlatVel-B,16417,144497,181,FlatVelB:16417
2027,global_train,42,1234,1,FlatVelB,FlatVel-B,14674,205207,182,FlatVelB:14674
2027,global_train,42,1234,1,FlatVelB,FlatVel-B,16121,29213,183,FlatVelB:16121
2027,global_train,42,1234,1,FlatVelB,FlatVel-B,24820,146236,184,FlatVelB:24820
2027,global_train,42,1234,1,FlatVelB,FlatVel-B,3244,28124,185,FlatVelB:3244
2027,global_train,42,1234,1,FlatVelB,FlatVel-B,14577,139943,186,FlatVelB:14577
2027,global_train,42,1234,1,FlatVelB,FlatVel-B,16548,168499,187,FlatVelB:16548
2027,global_train,42,1234,1,FlatVelB,FlatVel-B,12496,199333,188,FlatVelB:12496
2027,global_train,42,1234,1,FlatVelB,FlatVel-B,1938,226378,189,FlatVelB:1938
2027,global_train,42,1234,1,FlatVelB,FlatVel-B,10861,173751,190,FlatVelB:10861
2027,global_train,42,1234,1,FlatVelB,FlatVel-B,16997,91372,191,FlatVelB:16997
2027,global_train,42,1234,1,FlatVelB,FlatVel-B,10748,57476,192,FlatVelB:10748
2027,global_train,42,1234,1,FlatVelB,FlatVel-B,29805,168267,193,FlatVelB:29805
2027,global_train,42,1234,1,FlatVelB,FlatVel-B,4833,160575,194,FlatVelB:4833
2027,global_train,42,1234,1,FlatVelB,FlatVel-B,17810,119234,195,FlatVelB:17810
2027,global_train,42,1234,1,FlatVelB,FlatVel-B,25221,6693,196,FlatVelB:25221
2027,global_train,42,1234,1,FlatVelB,FlatVel-B,6523,27633,197,FlatVelB:6523
2027,global_train,42,1234,1,FlatVelB,FlatVel-B,14807,94549,198,FlatVelB:14807
2027,global_train,42,1234,1,FlatVelB,FlatVel-B,15171,174070,199,FlatVelB:15171
2027,global_train,42,1234,1,FlatVelB,FlatVel-B,14915,145477,200,FlatVelB:14915
2027,global_train,42,1234,1,FlatVelB,FlatVel-B,3650,136525,201,FlatVelB:3650
2027,global_train,42,1234,1,FlatVelB,FlatVel-B,11586,151806,202,FlatVelB:11586
2027,global_train,42,1234,1,FlatVelB,FlatVel-B,12640,186337,203,FlatVelB:12640
2027,global_train,42,1234,1,FlatVelB,FlatVel-B,12933,208188,204,FlatVelB:12933
2027,global_train,42,1234,1,FlatVelB,FlatVel-B,11246,167550,205,FlatVelB:11246
2027,global_train,42,1234,1,FlatVelB,FlatVel-B,22016,44121,206,FlatVelB:22016
2027,global_train,42,1234,1,FlatVelB,FlatVel-B,25622,174441,207,FlatVelB:25622
2027,global_train,42,1234,1,FlatVelB,FlatVel-B,21192,101336,208,FlatVelB:21192
2027,global_train,42,1234,1,FlatVelB,FlatVel-B,15341,16583,209,FlatVelB:15341
2027,global_train,42,1234,1,FlatVelB,FlatVel-B,12346,72820,210,FlatVelB:12346
2027,global_train,42,1234,1,FlatVelB,FlatVel-B,2058,12859,211,FlatVelB:2058
2027,global_train,42,1234,1,FlatVelB,FlatVel-B,1881,224802,212,FlatVelB:1881
2027,global_train,42,1234,1,FlatVelB,FlatVel-B,22017,150602,213,FlatVelB:22017
2027,global_train,42,1234,1,FlatVelB,FlatVel-B,16221,75524,214,FlatVelB:16221
2027,global_train,42,1234,1,FlatVelB,FlatVel-B,25403,48966,215,FlatVelB:25403
2027,global_train,42,1234,1,FlatVelB,FlatVel-B,11392,155579,216,FlatVelB:11392
2027,global_train,42,1234,1,FlatVelB,FlatVel-B,11527,107863,217,FlatVelB:11527
2027,global_train,42,1234,1,FlatVelB,FlatVel-B,15873,89203,218,FlatVelB:15873
2027,global_train,42,1234,1,FlatVelB,FlatVel-B,488,218282,219,FlatVelB:488
2027,global_train,42,1234,1,FlatVelB,FlatVel-B,13810,226264,220,FlatVelB:13810
2027,global_train,42,1234,1,FlatVelB,FlatVel-B,9018,217790,221,FlatVelB:9018
2027,global_train,42,1234,1,FlatVelB,FlatVel-B,4201,63393,222,FlatVelB:4201
2027,global_train,42,1234,1,FlatVelB,FlatVel-B,22059,170783,223,FlatVelB:22059
2027,global_train,42,1234,1,FlatVelB,FlatVel-B,15638,134296,224,FlatVelB:15638
2027,global_train,42,1234,1,FlatVelB,FlatVel-B,8252,16379,225,FlatVelB:8252
2027,global_train,42,1234,1,FlatVelB,FlatVel-B,19471,127015,226,FlatVelB:19471
2027,global_train,42,1234,1,FlatVelB,FlatVel-B,13941,201217,227,FlatVelB:13941
2027,global_train,42,1234,1,FlatVelB,FlatVel-B,21190,216621,228,FlatVelB:21190
2027,global_train,42,1234,1,FlatVelB,FlatVel-B,28943,2375,229,FlatVelB:28943
2027,global_train,42,1234,1,FlatVelB,FlatVel-B,24060,222276,230,FlatVelB:24060
2027,global_train,42,1234,1,FlatVelB,FlatVel-B,6317,18164,231,FlatVelB:6317
2027,global_train,42,1234,1,FlatVelB,FlatVel-B,25933,69713,232,FlatVelB:25933
2027,global_train,42,1234,1,FlatVelB,FlatVel-B,1667,112208,233,FlatVelB:1667
2027,global_train,42,1234,1,FlatVelB,FlatVel-B,25647,181357,234,FlatVelB:25647
2027,global_train,42,1234,1,FlatVelB,FlatVel-B,27503,26399,235,FlatVelB:27503
2027,global_train,42,1234,1,FlatVelB,FlatVel-B,20629,181746,236,FlatVelB:20629
2027,global_train,42,1234,1,FlatVelB,FlatVel-B,19824,104127,237,FlatVelB:19824
2027,global_train,42,1234,1,FlatVelB,FlatVel-B,23693,47998,238,FlatVelB:23693
2027,global_train,42,1234,1,FlatVelB,FlatVel-B,12642,180557,239,FlatVelB:12642
2027,global_train,42,1234,1,FlatVelB,FlatVel-B,7905,96095,240,FlatVelB:7905
2027,global_train,42,1234,1,FlatVelB,FlatVel-B,21300,62123,241,FlatVelB:21300
2027,global_train,42,1234,1,FlatVelB,FlatVel-B,1836,74814,242,FlatVelB:1836
2027,global_train,42,1234,1,FlatVelB,FlatVel-B,14228,120622,243,FlatVelB:14228
2027,global_train,42,1234,1,FlatVelB,FlatVel-B,13859,167216,244,FlatVelB:13859
2027,global_train,42,1234,1,FlatVelB,FlatVel-B,22936,171471,245,FlatVelB:22936
2027,global_train,42,1234,1,FlatVelB,FlatVel-B,29625,1129,246,FlatVelB:29625
2027,global_train,42,1234,1,FlatVelB,FlatVel-B,4227,22032,247,FlatVelB:4227
2027,global_train,42,1234,1,FlatVelB,FlatVel-B,19980,35115,248,FlatVelB:19980
2027,global_train,42,1234,1,FlatVelB,FlatVel-B,29362,117063,249,FlatVelB:29362
2027,global_train,42,1234,1,FlatVelB,FlatVel-B,24317,67928,250,FlatVelB:24317
2027,global_train,42,1234,1,FlatVelB,FlatVel-B,24942,36221,251,FlatVelB:24942
2027,global_train,42,1234,1,FlatVelB,FlatVel-B,13511,175118,252,FlatVelB:13511
2027,global_train,42,1234,1,FlatVelB,FlatVel-B,12118,66683,253,FlatVelB:12118
2027,global_train,42,1234,1,FlatVelB,FlatVel-B,17481,91147,254,FlatVelB:17481
2027,global_train,42,1234,1,FlatVelB,FlatVel-B,14287,202363,255,FlatVelB:14287
2027,global_train,42,1234,1,FlatVelB,FlatVel-B,21863,1130,256,FlatVelB:21863
2027,global_train,42,1234,1,FlatVelB,FlatVel-B,3322,65205,257,FlatVelB:3322
2027,global_train,42,1234,1,FlatVelB,FlatVel-B,560,141844,258,FlatVelB:560
2027,global_train,42,1234,1,FlatVelB,FlatVel-B,22331,197227,259,FlatVelB:22331
2027,global_train,42,1234,1,FlatVelB,FlatVel-B,19187,145516,260,FlatVelB:19187
2027,global_train,42,1234,1,FlatVelB,FlatVel-B,13260,151556,261,FlatVelB:13260
2027,global_train,42,1234,1,FlatVelB,FlatVel-B,525,107890,262,FlatVelB:525
2027,global_train,42,1234,1,FlatVelB,FlatVel-B,13598,122159,263,FlatVelB:13598
2027,global_train,42,1234,1,FlatVelB,FlatVel-B,6694,35781,264,FlatVelB:6694
2027,global_train,42,1234,1,FlatVelB,FlatVel-B,8769,124448,265,FlatVelB:8769
2027,global_train,42,1234,1,FlatVelB,FlatVel-B,10819,65426,266,FlatVelB:10819
2027,global_train,42,1234,1,FlatVelB,FlatVel-B,8394,149751,267,FlatVelB:8394
2027,global_train,42,1234,1,FlatVelB,FlatVel-B,17269,174951,268,FlatVelB:17269
2027,global_train,42,1234,1,FlatVelB,FlatVel-B,2079,23670,269,FlatVelB:2079
2027,global_train,42,1234,1,FlatVelB,FlatVel-B,23642,50996,270,FlatVelB:23642
2027,global_train,42,1234,1,FlatVelB,FlatVel-B,13649,172915,271,FlatVelB:13649
2027,global_train,42,1234,1,FlatVelB,FlatVel-B,21227,154308,272,FlatVelB:21227
2027,global_train,42,1234,1,FlatVelB,FlatVel-B,7583,223400,273,FlatVelB:7583
2027,global_train,42,1234,1,FlatVelB,FlatVel-B,8719,201950,274,FlatVelB:8719
2027,global_train,42,1234,1,FlatVelB,FlatVel-B,10675,46721,275,FlatVelB:10675
2027,global_train,42,1234,1,FlatVelB,FlatVel-B,19711,228190,276,FlatVelB:19711
2027,global_train,42,1234,1,FlatVelB,FlatVel-B,13645,222155,277,FlatVelB:13645
2027,global_train,42,1234,1,FlatVelB,FlatVel-B,24910,232627,278,FlatVelB:24910
2027,global_train,42,1234,1,FlatVelB,FlatVel-B,3266,5251,279,FlatVelB:3266
2027,global_train,42,1234,1,FlatVelB,FlatVel-B,16571,127756,280,FlatVelB:16571
2027,global_train,42,1234,1,FlatVelB,FlatVel-B,5317,127961,281,FlatVelB:5317
2027,global_train,42,1234,1,FlatVelB,FlatVel-B,25742,129035,282,FlatVelB:25742
2027,global_train,42,1234,1,FlatVelB,FlatVel-B,21565,105624,283,FlatVelB:21565
2027,global_train,42,1234,1,FlatVelB,FlatVel-B,16154,12535,284,FlatVelB:16154
2027,global_train,42,1234,1,FlatVelB,FlatVel-B,5410,131403,285,FlatVelB:5410
2027,global_train,42,1234,1,FlatVelB,FlatVel-B,10175,187013,286,FlatVelB:10175
2027,global_train,42,1234,1,FlatVelB,FlatVel-B,11692,125171,287,FlatVelB:11692
2027,global_train,42,1234,1,FlatVelB,FlatVel-B,16054,87802,288,FlatVelB:16054
2027,global_train,42,1234,1,FlatVelB,FlatVel-B,3852,45711,289,FlatVelB:3852
2027,global_train,42,1234,1,FlatVelB,FlatVel-B,18979,18062,290,FlatVelB:18979
2027,global_train,42,1234,1,FlatVelB,FlatVel-B,13032,144149,291,FlatVelB:13032
2027,global_train,42,1234,1,FlatVelB,FlatVel-B,7825,103152,292,FlatVelB:7825
2027,global_train,42,1234,1,FlatVelB,FlatVel-B,5278,34042,293,FlatVelB:5278
2027,global_train,42,1234,1,FlatVelB,FlatVel-B,28899,197843,294,FlatVelB:28899
2027,global_train,42,1234,1,FlatVelB,FlatVel-B,17255,205957,295,FlatVelB:17255
2027,global_train,42,1234,1,FlatVelB,FlatVel-B,7443,172195,296,FlatVelB:7443
2027,global_train,42,1234,1,FlatVelB,FlatVel-B,10314,68107,297,FlatVelB:10314
2027,global_train,42,1234,1,FlatVelB,FlatVel-B,22442,70502,298,FlatVelB:22442
2027,global_train,42,1234,1,FlatVelB,FlatVel-B,24998,26594,299,FlatVelB:24998
2027,global_train,42,1234,1,FlatVelB,FlatVel-B,23618,171981,300,FlatVelB:23618
2027,global_train,42,1234,1,FlatVelB,FlatVel-B,12233,703,301,FlatVelB:12233
2027,global_train,42,1234,1,FlatVelB,FlatVel-B,25535,103766,302,FlatVelB:25535
2027,global_train,42,1234,1,FlatVelB,FlatVel-B,9275,150722,303,FlatVelB:9275
2027,global_train,42,1234,1,FlatVelB,FlatVel-B,6863,98557,304,FlatVelB:6863
2027,global_train,42,1234,1,FlatVelB,FlatVel-B,26444,76974,305,FlatVelB:26444
2027,global_train,42,1234,1,FlatVelB,FlatVel-B,4855,83075,306,FlatVelB:4855
2027,global_train,42,1234,1,FlatVelB,FlatVel-B,18227,142246,307,FlatVelB:18227
2027,global_train,42,1234,1,FlatVelB,FlatVel-B,8243,73297,308,FlatVelB:8243
2027,global_train,42,1234,1,FlatVelB,FlatVel-B,17912,114408,309,FlatVelB:17912
2027,global_train,42,1234,1,FlatVelB,FlatVel-B,26183,87406,310,FlatVelB:26183
2027,global_train,42,1234,1,FlatVelB,FlatVel-B,11362,63829,311,FlatVelB:11362
2027,global_train,42,1234,1,FlatVelB,FlatVel-B,11976,64071,312,FlatVelB:11976
2027,global_train,42,1234,1,FlatVelB,FlatVel-B,8505,49372,313,FlatVelB:8505
2027,global_train,42,1234,1,FlatVelB,FlatVel-B,16368,56946,314,FlatVelB:16368
2027,global_train,42,1234,1,FlatVelB,FlatVel-B,2835,103516,315,FlatVelB:2835
2027,global_train,42,1234,1,FlatVelB,FlatVel-B,10466,75264,316,FlatVelB:10466
2027,global_train,42,1234,1,FlatVelB,FlatVel-B,28876,161431,317,FlatVelB:28876
2027,global_train,42,1234,1,FlatVelB,FlatVel-B,20771,204151,318,FlatVelB:20771
2027,global_train,42,1234,1,FlatVelB,FlatVel-B,26859,134965,319,FlatVelB:26859
2027,global_train,42,1234,1,FlatVelB,FlatVel-B,15715,190960,320,FlatVelB:15715
2027,global_train,42,1234,1,FlatVelB,FlatVel-B,21399,39923,321,FlatVelB:21399
2027,global_train,42,1234,1,FlatVelB,FlatVel-B,26104,218258,322,FlatVelB:26104
2027,global_train,42,1234,1,FlatVelB,FlatVel-B,24763,152570,323,FlatVelB:24763
2027,global_train,42,1234,1,FlatVelB,FlatVel-B,26469,162928,324,FlatVelB:26469
2027,global_train,42,1234,1,FlatVelB,FlatVel-B,27717,122164,325,FlatVelB:27717
2027,global_train,42,1234,1,FlatVelB,FlatVel-B,23819,71693,326,FlatVelB:23819
2027,global_train,42,1234,1,FlatVelB,FlatVel-B,16375,92499,327,FlatVelB:16375
2027,global_train,42,1234,1,FlatVelB,FlatVel-B,5910,36094,328,FlatVelB:5910
2027,global_train,42,1234,1,FlatVelB,FlatVel-B,13873,23245,329,FlatVelB:13873
2027,global_train,42,1234,1,FlatVelB,FlatVel-B,14152,57513,330,FlatVelB:14152
2027,global_train,42,1234,1,FlatVelB,FlatVel-B,5931,192808,331,FlatVelB:5931
2027,global_train,42,1234,1,FlatVelB,FlatVel-B,29832,219574,332,FlatVelB:29832
2027,global_train,42,1234,1,FlatVelB,FlatVel-B,11252,142074,333,FlatVelB:11252
2027,global_train,42,1234,1,FlatVelB,FlatVel-B,22292,134120,334,FlatVelB:22292
2027,global_train,42,1234,1,FlatVelB,FlatVel-B,27741,231443,335,FlatVelB:27741
2027,global_train,42,1234,1,FlatVelB,FlatVel-B,9728,154895,336,FlatVelB:9728
2027,global_train,42,1234,1,FlatVelB,FlatVel-B,26559,19639,337,FlatVelB:26559
2027,global_train,42,1234,1,FlatVelB,FlatVel-B,3186,140212,338,FlatVelB:3186
2027,global_train,42,1234,1,FlatVelB,FlatVel-B,9617,184399,339,FlatVelB:9617
2027,global_train,42,1234,1,FlatVelB,FlatVel-B,15319,203475,340,FlatVelB:15319
2027,global_train,42,1234,1,FlatVelB,FlatVel-B,14103,3785,341,FlatVelB:14103
2027,global_train,42,1234,1,FlatVelB,FlatVel-B,16577,103098,342,FlatVelB:16577
2027,global_train,42,1234,1,FlatVelB,FlatVel-B,21204,189701,343,FlatVelB:21204
2027,global_train,42,1234,1,FlatVelB,FlatVel-B,21526,117315,344,FlatVelB:21526
2027,global_train,42,1234,1,FlatVelB,FlatVel-B,15304,192366,345,FlatVelB:15304
2027,global_train,42,1234,1,FlatVelB,FlatVel-B,28015,117350,346,FlatVelB:28015
2027,global_train,42,1234,1,FlatVelB,FlatVel-B,18482,25104,347,FlatVelB:18482
2027,global_train,42,1234,1,FlatVelB,FlatVel-B,13118,1146,348,FlatVelB:13118
2027,global_train,42,1234,1,FlatVelB,FlatVel-B,2421,50862,349,FlatVelB:2421
2027,global_train,42,1234,1,FlatVelB,FlatVel-B,3606,68771,350,FlatVelB:3606
2027,global_train,42,1234,1,FlatVelB,FlatVel-B,19921,119121,351,FlatVelB:19921
2027,global_train,42,1234,1,FlatVelB,FlatVel-B,193,89628,352,FlatVelB:193
2027,global_train,42,1234,1,FlatVelB,FlatVel-B,20751,154541,353,FlatVelB:20751
2027,global_train,42,1234,1,FlatVelB,FlatVel-B,1649,12506,354,FlatVelB:1649
2027,global_train,42,1234,1,FlatVelB,FlatVel-B,24411,42416,355,FlatVelB:24411
2027,global_train,42,1234,1,FlatVelB,FlatVel-B,24932,60421,356,FlatVelB:24932
2027,global_train,42,1234,1,FlatVelB,FlatVel-B,6930,228238,357,FlatVelB:6930
2027,global_train,42,1234,1,FlatVelB,FlatVel-B,24915,75627,358,FlatVelB:24915
2027,global_train,42,1234,1,FlatVelB,FlatVel-B,26502,140720,359,FlatVelB:26502
2027,global_train,42,1234,1,FlatVelB,FlatVel-B,18141,227778,360,FlatVelB:18141
2027,global_train,42,1234,1,FlatVelB,FlatVel-B,17124,99553,361,FlatVelB:17124
2027,global_train,42,1234,1,FlatVelB,FlatVel-B,28365,217994,362,FlatVelB:28365
2027,global_train,42,1234,1,FlatVelB,FlatVel-B,1553,223883,363,FlatVelB:1553
2027,global_train,42,1234,1,FlatVelB,FlatVel-B,20680,94612,364,FlatVelB:20680
2027,global_train,42,1234,1,FlatVelB,FlatVel-B,17863,200829,365,FlatVelB:17863
2027,global_train,42,1234,1,FlatVelB,FlatVel-B,11625,207749,366,FlatVelB:11625
2027,global_train,42,1234,1,FlatVelB,FlatVel-B,17735,221832,367,FlatVelB:17735
2027,global_train,42,1234,1,FlatVelB,FlatVel-B,8113,102939,368,FlatVelB:8113
2027,global_train,42,1234,1,FlatVelB,FlatVel-B,6103,107636,369,FlatVelB:6103
2027,global_train,42,1234,1,FlatVelB,FlatVel-B,25364,158414,370,FlatVelB:25364
2027,global_train,42,1234,1,FlatVelB,FlatVel-B,2117,154003,371,FlatVelB:2117
2027,global_train,42,1234,1,FlatVelB,FlatVel-B,472,104091,372,FlatVelB:472
2027,global_train,42,1234,1,FlatVelB,FlatVel-B,5934,230642,373,FlatVelB:5934
2027,global_train,42,1234,1,FlatVelB,FlatVel-B,20229,84710,374,FlatVelB:20229
2027,global_train,42,1234,1,FlatVelB,FlatVel-B,21879,211759,375,FlatVelB:21879
2027,global_train,42,1234,1,FlatVelB,FlatVel-B,13751,168857,376,FlatVelB:13751
2027,global_train,42,1234,1,FlatVelB,FlatVel-B,20027,95679,377,FlatVelB:20027
2027,global_train,42,1234,1,FlatVelB,FlatVel-B,27355,131307,378,FlatVelB:27355
2027,global_train,42,1234,1,FlatVelB,FlatVel-B,18140,29503,379,FlatVelB:18140
2027,global_train,42,1234,1,FlatVelB,FlatVel-B,15876,82587,380,FlatVelB:15876
2027,global_train,42,1234,1,FlatVelB,FlatVel-B,10642,216071,381,FlatVelB:10642
2027,global_train,42,1234,1,FlatVelB,FlatVel-B,107,129779,382,FlatVelB:107
2027,global_train,42,1234,1,FlatVelB,FlatVel-B,11733,123573,383,FlatVelB:11733
2027,global_train,42,1234,1,FlatVelB,FlatVel-B,22245,131894,384,FlatVelB:22245
2027,global_train,42,1234,1,FlatVelB,FlatVel-B,2431,165055,385,FlatVelB:2431
2027,global_train,42,1234,1,FlatVelB,FlatVel-B,23861,138670,386,FlatVelB:23861
2027,global_train,42,1234,1,FlatVelB,FlatVel-B,8638,209263,387,FlatVelB:8638
2027,global_train,42,1234,1,FlatVelB,FlatVel-B,9688,134466,388,FlatVelB:9688
2027,global_train,42,1234,1,FlatVelB,FlatVel-B,18731,70817,389,FlatVelB:18731
2027,global_train,42,1234,1,FlatVelB,FlatVel-B,13081,34637,390,FlatVelB:13081
2027,global_train,42,1234,1,FlatVelB,FlatVel-B,3850,151208,391,FlatVelB:3850
2027,global_train,42,1234,1,FlatVelB,FlatVel-B,4516,76004,392,FlatVelB:4516
2027,global_train,42,1234,1,FlatVelB,FlatVel-B,10321,41702,393,FlatVelB:10321
2027,global_train,42,1234,1,FlatVelB,FlatVel-B,15759,54204,394,FlatVelB:15759
2027,global_train,42,1234,1,FlatVelB,FlatVel-B,15278,138234,395,FlatVelB:15278
2027,global_train,42,1234,1,FlatVelB,FlatVel-B,7463,203380,396,FlatVelB:7463
2027,global_train,42,1234,1,FlatVelB,FlatVel-B,17720,10414,397,FlatVelB:17720
2027,global_train,42,1234,1,FlatVelB,FlatVel-B,20237,127144,398,FlatVelB:20237
2027,global_train,42,1234,1,FlatVelB,FlatVel-B,3293,157481,399,FlatVelB:3293
2027,global_train,42,1234,1,FlatVelB,FlatVel-B,14121,18688,400,FlatVelB:14121
2027,global_train,42,1234,1,FlatVelB,FlatVel-B,14630,197159,401,FlatVelB:14630
2027,global_train,42,1234,1,FlatVelB,FlatVel-B,20593,123899,402,FlatVelB:20593
2027,global_train,42,1234,1,FlatVelB,FlatVel-B,21601,180509,403,FlatVelB:21601
2027,global_train,42,1234,1,FlatVelB,FlatVel-B,11875,226450,404,FlatVelB:11875
2027,global_train,42,1234,1,FlatVelB,FlatVel-B,17954,53768,405,FlatVelB:17954
2027,global_train,42,1234,1,FlatVelB,FlatVel-B,6246,192437,406,FlatVelB:6246
2027,global_train,42,1234,1,FlatVelB,FlatVel-B,6613,147565,407,FlatVelB:6613
2027,global_train,42,1234,1,FlatVelB,FlatVel-B,9726,106797,408,FlatVelB:9726
2027,global_train,42,1234,1,FlatVelB,FlatVel-B,26332,74565,409,FlatVelB:26332
2027,global_train,42,1234,1,FlatVelB,FlatVel-B,7110,70105,410,FlatVelB:7110
2027,global_train,42,1234,1,FlatVelB,FlatVel-B,2126,47296,411,FlatVelB:2126
2027,global_train,42,1234,1,FlatVelB,FlatVel-B,991,128521,412,FlatVelB:991
2027,global_train,42,1234,1,FlatVelB,FlatVel-B,7069,144036,413,FlatVelB:7069
2027,global_train,42,1234,1,FlatVelB,FlatVel-B,8720,210175,414,FlatVelB:8720
2027,global_train,42,1234,1,FlatVelB,FlatVel-B,24846,122892,415,FlatVelB:24846
2027,global_train,42,1234,1,FlatVelB,FlatVel-B,827,222597,416,FlatVelB:827
2027,global_train,42,1234,1,FlatVelB,FlatVel-B,7712,12589,417,FlatVelB:7712
2027,global_train,42,1234,1,FlatVelB,FlatVel-B,15850,56605,418,FlatVelB:15850
2027,global_train,42,1234,1,FlatVelB,FlatVel-B,794,150018,419,FlatVelB:794
2027,global_train,42,1234,1,FlatVelB,FlatVel-B,24162,125504,420,FlatVelB:24162
2027,global_train,42,1234,1,FlatVelB,FlatVel-B,21898,7347,421,FlatVelB:21898
2027,global_train,42,1234,1,FlatVelB,FlatVel-B,21202,130308,422,FlatVelB:21202
2027,global_train,42,1234,1,FlatVelB,FlatVel-B,14125,127219,423,FlatVelB:14125
2027,global_train,42,1234,1,FlatVelB,FlatVel-B,6208,155303,424,FlatVelB:6208
2027,global_train,42,1234,1,FlatVelB,FlatVel-B,13743,11475,425,FlatVelB:13743
2027,global_train,42,1234,1,FlatVelB,FlatVel-B,25707,151409,426,FlatVelB:25707
2027,global_train,42,1234,1,FlatVelB,FlatVel-B,8019,74731,427,FlatVelB:8019
2027,global_train,42,1234,1,FlatVelB,FlatVel-B,21860,56262,428,FlatVelB:21860
2027,global_train,42,1234,1,FlatVelB,FlatVel-B,2655,86884,429,FlatVelB:2655
2027,global_train,42,1234,1,FlatVelB,FlatVel-B,16213,144076,430,FlatVelB:16213
2027,global_train,42,1234,1,FlatVelB,FlatVel-B,5310,108503,431,FlatVelB:5310
2027,global_train,42,1234,1,FlatVelB,FlatVel-B,26430,64400,432,FlatVelB:26430
2027,global_train,42,1234,1,FlatVelB,FlatVel-B,17858,59512,433,FlatVelB:17858
2027,global_train,42,1234,1,FlatVelB,FlatVel-B,13316,90253,434,FlatVelB:13316
2027,global_train,42,1234,1,FlatVelB,FlatVel-B,19998,198035,435,FlatVelB:19998
2027,global_train,42,1234,1,FlatVelB,FlatVel-B,4958,4990,436,FlatVelB:4958
2027,global_train,42,1234,1,FlatVelB,FlatVel-B,16159,23060,437,FlatVelB:16159
2027,global_train,42,1234,1,FlatVelB,FlatVel-B,8820,21835,438,FlatVelB:8820
2027,global_train,42,1234,1,FlatVelB,FlatVel-B,26084,215168,439,FlatVelB:26084
2027,global_train,42,1234,1,FlatVelB,FlatVel-B,24868,83910,440,FlatVelB:24868
2027,global_train,42,1234,1,FlatVelB,FlatVel-B,19495,232478,441,FlatVelB:19495
2027,global_train,42,1234,1,FlatVelB,FlatVel-B,1223,122280,442,FlatVelB:1223
2027,global_train,42,1234,1,FlatVelB,FlatVel-B,12547,94654,443,FlatVelB:12547
2027,global_train,42,1234,1,FlatVelB,FlatVel-B,27339,233378,444,FlatVelB:27339
2027,global_train,42,1234,1,FlatVelB,FlatVel-B,2941,37151,445,FlatVelB:2941
2027,global_train,42,1234,1,FlatVelB,FlatVel-B,676,78083,446,FlatVelB:676
2027,global_train,42,1234,1,FlatVelB,FlatVel-B,1385,92685,447,FlatVelB:1385
2027,global_train,42,1234,1,FlatVelB,FlatVel-B,7638,179471,448,FlatVelB:7638
2027,global_train,42,1234,1,FlatVelB,FlatVel-B,28519,118357,449,FlatVelB:28519
2027,global_train,42,1234,1,FlatVelB,FlatVel-B,3956,131013,450,FlatVelB:3956
2027,global_train,42,1234,1,FlatVelB,FlatVel-B,12028,144086,451,FlatVelB:12028
2027,global_train,42,1234,1,FlatVelB,FlatVel-B,23416,179764,452,FlatVelB:23416
2027,global_train,42,1234,1,FlatVelB,FlatVel-B,3982,128368,453,FlatVelB:3982
2027,global_train,42,1234,1,FlatVelB,FlatVel-B,13345,5337,454,FlatVelB:13345
2027,global_train,42,1234,1,FlatVelB,FlatVel-B,12392,146019,455,FlatVelB:12392
2027,global_train,42,1234,1,FlatVelB,FlatVel-B,6212,87223,456,FlatVelB:6212
2027,global_train,42,1234,1,FlatVelB,FlatVel-B,20993,52985,457,FlatVelB:20993
2027,global_train,42,1234,1,FlatVelB,FlatVel-B,19256,197265,458,FlatVelB:19256
2027,global_train,42,1234,1,FlatVelB,FlatVel-B,29893,166471,459,FlatVelB:29893
2027,global_train,42,1234,1,FlatVelB,FlatVel-B,12270,68929,460,FlatVelB:12270
2027,global_train,42,1234,1,FlatVelB,FlatVel-B,6769,172153,461,FlatVelB:6769
2027,global_train,42,1234,1,FlatVelB,FlatVel-B,24081,174562,462,FlatVelB:24081
2027,global_train,42,1234,1,FlatVelB,FlatVel-B,25687,68398,463,FlatVelB:25687
2027,global_train,42,1234,1,FlatVelB,FlatVel-B,20481,21771,464,FlatVelB:20481
2027,global_train,42,1234,1,FlatVelB,FlatVel-B,28533,97041,465,FlatVelB:28533
2027,global_train,42,1234,1,FlatVelB,FlatVel-B,9532,64458,466,FlatVelB:9532
2027,global_train,42,1234,1,FlatVelB,FlatVel-B,16315,228878,467,FlatVelB:16315
2027,global_train,42,1234,1,FlatVelB,FlatVel-B,11697,186393,468,FlatVelB:11697
2027,global_train,42,1234,1,FlatVelB,FlatVel-B,17861,82440,469,FlatVelB:17861
2027,global_train,42,1234,1,FlatVelB,FlatVel-B,26338,36057,470,FlatVelB:26338
2027,global_train,42,1234,1,FlatVelB,FlatVel-B,9584,218831,471,FlatVelB:9584
2027,global_train,42,1234,1,FlatVelB,FlatVel-B,21776,72368,472,FlatVelB:21776
2027,global_train,42,1234,1,FlatVelB,FlatVel-B,11356,130660,473,FlatVelB:11356
2027,global_train,42,1234,1,FlatVelB,FlatVel-B,26800,21866,474,FlatVelB:26800
2027,global_train,42,1234,1,FlatVelB,FlatVel-B,24880,110043,475,FlatVelB:24880
2027,global_train,42,1234,1,FlatVelB,FlatVel-B,26163,14955,476,FlatVelB:26163
2027,global_train,42,1234,1,FlatVelB,FlatVel-B,26552,153609,477,FlatVelB:26552
2027,global_train,42,1234,1,FlatVelB,FlatVel-B,12953,170060,478,FlatVelB:12953
2027,global_train,42,1234,1,FlatVelB,FlatVel-B,8294,57717,479,FlatVelB:8294
2027,global_train,42,1234,1,FlatVelB,FlatVel-B,4266,127787,480,FlatVelB:4266
2027,global_train,42,1234,1,FlatVelB,FlatVel-B,5040,176813,481,FlatVelB:5040
2027,global_train,42,1234,1,FlatVelB,FlatVel-B,25193,73076,482,FlatVelB:25193
2027,global_train,42,1234,1,FlatVelB,FlatVel-B,16966,205677,483,FlatVelB:16966
2027,global_train,42,1234,1,FlatVelB,FlatVel-B,3831,231683,484,FlatVelB:3831
2027,global_train,42,1234,1,FlatVelB,FlatVel-B,8102,187611,485,FlatVelB:8102
2027,global_train,42,1234,1,FlatVelB,FlatVel-B,12497,214389,486,FlatVelB:12497
2027,global_train,42,1234,1,FlatVelB,FlatVel-B,25565,184818,487,FlatVelB:25565
2027,global_train,42,1234,1,FlatVelB,FlatVel-B,26091,166525,488,FlatVelB:26091
2027,global_train,42,1234,1,FlatVelB,FlatVel-B,28607,226242,489,FlatVelB:28607
2027,global_train,42,1234,1,FlatVelB,FlatVel-B,13513,193194,490,FlatVelB:13513
2027,global_train,42,1234,1,FlatVelB,FlatVel-B,2993,74727,491,FlatVelB:2993
2027,global_train,42,1234,1,FlatVelB,FlatVel-B,25167,101196,492,FlatVelB:25167
2027,global_train,42,1234,1,FlatVelB,FlatVel-B,21924,132844,493,FlatVelB:21924
2027,global_train,42,1234,1,FlatVelB,FlatVel-B,12837,169489,494,FlatVelB:12837
2027,global_train,42,1234,1,FlatVelB,FlatVel-B,7984,12627,495,FlatVelB:7984
2027,global_train,42,1234,1,FlatVelB,FlatVel-B,9386,97000,496,FlatVelB:9386
2027,global_train,42,1234,1,FlatVelB,FlatVel-B,5629,183835,497,FlatVelB:5629
2027,global_train,42,1234,1,FlatVelB,FlatVel-B,12821,106898,498,FlatVelB:12821
2027,global_train,42,1234,1,FlatVelB,FlatVel-B,19086,213078,499,FlatVelB:19086
2027,global_train,42,1234,1,FlatVelB,FlatVel-B,7046,164996,500,FlatVelB:7046
2027,global_train,42,1234,1,FlatVelB,FlatVel-B,4998,218329,501,FlatVelB:4998
2027,global_train,42,1234,1,FlatVelB,FlatVel-B,3044,25541,502,FlatVelB:3044
2027,global_train,42,1234,1,FlatVelB,FlatVel-B,12412,82360,503,FlatVelB:12412
2027,global_train,42,1234,1,FlatVelB,FlatVel-B,29310,160603,504,FlatVelB:29310
2027,global_train,42,1234,1,FlatVelB,FlatVel-B,17374,125474,505,FlatVelB:17374
2027,global_train,42,1234,1,FlatVelB,FlatVel-B,1587,176181,506,FlatVelB:1587
2027,global_train,42,1234,1,FlatVelB,FlatVel-B,8106,179956,507,FlatVelB:8106
2027,global_train,42,1234,1,FlatVelB,FlatVel-B,22043,32081,508,FlatVelB:22043
2027,global_train,42,1234,1,FlatVelB,FlatVel-B,14220,134007,509,FlatVelB:14220
2027,global_train,42,1234,1,FlatVelB,FlatVel-B,17164,55040,510,FlatVelB:17164
2027,global_train,42,1234,1,FlatVelB,FlatVel-B,9655,58301,511,FlatVelB:9655
2027,global_train,42,1234,1,FlatVelB,FlatVel-B,22880,229577,512,FlatVelB:22880
2027,global_train,42,1234,1,FlatVelB,FlatVel-B,11845,99922,513,FlatVelB:11845
2027,global_train,42,1234,1,FlatVelB,FlatVel-B,6652,46355,514,FlatVelB:6652
2027,global_train,42,1234,1,FlatVelB,FlatVel-B,4317,219760,515,FlatVelB:4317
2027,global_train,42,1234,1,FlatVelB,FlatVel-B,22162,63611,516,FlatVelB:22162
2027,global_train,42,1234,1,FlatVelB,FlatVel-B,11791,94533,517,FlatVelB:11791
2027,global_train,42,1234,1,FlatVelB,FlatVel-B,3809,162619,518,FlatVelB:3809
2027,global_train,42,1234,1,FlatVelB,FlatVel-B,1630,135045,519,FlatVelB:1630
2027,global_train,42,1234,1,FlatVelB,FlatVel-B,16700,27242,520,FlatVelB:16700
2027,global_train,42,1234,1,FlatVelB,FlatVel-B,6239,157503,521,FlatVelB:6239
2027,global_train,42,1234,1,FlatVelB,FlatVel-B,3871,185866,522,FlatVelB:3871
2027,global_train,42,1234,1,FlatVelB,FlatVel-B,18081,26331,523,FlatVelB:18081
2027,global_train,42,1234,1,FlatVelB,FlatVel-B,19775,39180,524,FlatVelB:19775
2027,global_train,42,1234,1,FlatVelB,FlatVel-B,12874,124438,525,FlatVelB:12874
2027,global_train,42,1234,1,FlatVelB,FlatVel-B,15348,125884,526,FlatVelB:15348
2027,global_train,42,1234,1,FlatVelB,FlatVel-B,22682,33700,527,FlatVelB:22682
2027,global_train,42,1234,1,FlatVelB,FlatVel-B,29664,99489,528,FlatVelB:29664
2027,global_train,42,1234,1,FlatVelB,FlatVel-B,8712,53425,529,FlatVelB:8712
2027,global_train,42,1234,1,FlatVelB,FlatVel-B,20749,74596,530,FlatVelB:20749
2027,global_train,42,1234,1,FlatVelB,FlatVel-B,17168,149434,531,FlatVelB:17168
2027,global_train,42,1234,1,FlatVelB,FlatVel-B,10498,68575,532,FlatVelB:10498
2027,global_train,42,1234,1,FlatVelB,FlatVel-B,4907,23706,533,FlatVelB:4907
2027,global_train,42,1234,1,FlatVelB,FlatVel-B,5758,179224,534,FlatVelB:5758
2027,global_train,42,1234,1,FlatVelB,FlatVel-B,7128,132058,535,FlatVelB:7128
2027,global_train,42,1234,1,FlatVelB,FlatVel-B,4112,13058,536,FlatVelB:4112
2027,global_train,42,1234,1,FlatVelB,FlatVel-B,28560,57731,537,FlatVelB:28560
2027,global_train,42,1234,1,FlatVelB,FlatVel-B,9585,201485,538,FlatVelB:9585
2027,global_train,42,1234,1,FlatVelB,FlatVel-B,19874,224377,539,FlatVelB:19874
2027,global_train,42,1234,1,FlatVelB,FlatVel-B,26735,6525,540,FlatVelB:26735
2027,global_train,42,1234,1,FlatVelB,FlatVel-B,25376,83955,541,FlatVelB:25376
2027,global_train,42,1234,1,FlatVelB,FlatVel-B,8619,38800,542,FlatVelB:8619
2027,global_train,42,1234,1,FlatVelB,FlatVel-B,28972,112891,543,FlatVelB:28972
2027,global_train,42,1234,1,FlatVelB,FlatVel-B,13359,38813,544,FlatVelB:13359
2027,global_train,42,1234,1,FlatVelB,FlatVel-B,15285,26047,545,FlatVelB:15285
2027,global_train,42,1234,1,FlatVelB,FlatVel-B,403,77388,546,FlatVelB:403
2027,global_train,42,1234,1,FlatVelB,FlatVel-B,14369,113571,547,FlatVelB:14369
2027,global_train,42,1234,1,FlatVelB,FlatVel-B,16084,172583,548,FlatVelB:16084
2027,global_train,42,1234,1,FlatVelB,FlatVel-B,1422,83754,549,FlatVelB:1422
2027,global_train,42,1234,1,FlatVelB,FlatVel-B,3485,154518,550,FlatVelB:3485
2027,global_train,42,1234,1,FlatVelB,FlatVel-B,20262,140812,551,FlatVelB:20262
2027,global_train,42,1234,1,FlatVelB,FlatVel-B,22478,80048,552,FlatVelB:22478
2027,global_train,42,1234,1,FlatVelB,FlatVel-B,6665,7818,553,FlatVelB:6665
2027,global_train,42,1234,1,FlatVelB,FlatVel-B,23089,210963,554,FlatVelB:23089
2027,global_train,42,1234,1,FlatVelB,FlatVel-B,3389,190839,555,FlatVelB:3389
2027,global_train,42,1234,1,FlatVelB,FlatVel-B,25125,96335,556,FlatVelB:25125
2027,global_train,42,1234,1,FlatVelB,FlatVel-B,29229,3376,557,FlatVelB:29229
2027,global_train,42,1234,1,FlatVelB,FlatVel-B,17002,176173,558,FlatVelB:17002
2027,global_train,42,1234,1,FlatVelB,FlatVel-B,23028,190641,559,FlatVelB:23028
2027,global_train,42,1234,1,FlatVelB,FlatVel-B,5863,183761,560,FlatVelB:5863
2027,global_train,42,1234,1,FlatVelB,FlatVel-B,18159,16923,561,FlatVelB:18159
2027,global_train,42,1234,1,FlatVelB,FlatVel-B,13482,187546,562,FlatVelB:13482
2027,global_train,42,1234,1,FlatVelB,FlatVel-B,22444,56247,563,FlatVelB:22444
2027,global_train,42,1234,1,FlatVelB,FlatVel-B,6366,130299,564,FlatVelB:6366
2027,global_train,42,1234,1,FlatVelB,FlatVel-B,934,2286,565,FlatVelB:934
2027,global_train,42,1234,1,FlatVelB,FlatVel-B,21791,166240,566,FlatVelB:21791
2027,global_train,42,1234,1,FlatVelB,FlatVel-B,12541,181945,567,FlatVelB:12541
2027,global_train,42,1234,1,FlatVelB,FlatVel-B,25820,138434,568,FlatVelB:25820
2027,global_train,42,1234,1,FlatVelB,FlatVel-B,5653,45301,569,FlatVelB:5653
2027,global_train,42,1234,1,FlatVelB,FlatVel-B,4871,151737,570,FlatVelB:4871
2027,global_train,42,1234,1,FlatVelB,FlatVel-B,25603,141693,571,FlatVelB:25603
2027,global_train,42,1234,1,FlatVelB,FlatVel-B,12370,35821,572,FlatVelB:12370
2027,global_train,42,1234,1,FlatVelB,FlatVel-B,13670,48671,573,FlatVelB:13670
2027,global_train,42,1234,1,FlatVelB,FlatVel-B,16804,52597,574,FlatVelB:16804
2027,global_train,42,1234,1,FlatVelB,FlatVel-B,18430,130138,575,FlatVelB:18430
2027,global_train,42,1234,1,FlatVelB,FlatVel-B,2620,111246,576,FlatVelB:2620
2027,global_train,42,1234,1,FlatVelB,FlatVel-B,21806,201110,577,FlatVelB:21806
2027,global_train,42,1234,1,FlatVelB,FlatVel-B,26634,182075,578,FlatVelB:26634
2027,global_train,42,1234,1,FlatVelB,FlatVel-B,6937,199544,579,FlatVelB:6937
2027,global_train,42,1234,1,FlatVelB,FlatVel-B,15979,76730,580,FlatVelB:15979
2027,global_train,42,1234,1,FlatVelB,FlatVel-B,8566,124773,581,FlatVelB:8566
2027,global_train,42,1234,1,FlatVelB,FlatVel-B,12421,36880,582,FlatVelB:12421
2027,global_train,42,1234,1,FlatVelB,FlatVel-B,29145,219013,583,FlatVelB:29145
2027,global_train,42,1234,1,FlatVelB,FlatVel-B,9881,112287,584,FlatVelB:9881
2027,global_train,42,1234,1,FlatVelB,FlatVel-B,16244,59097,585,FlatVelB:16244
2027,global_train,42,1234,1,FlatVelB,FlatVel-B,8907,213171,586,FlatVelB:8907
2027,global_train,42,1234,1,FlatVelB,FlatVel-B,14443,200078,587,FlatVelB:14443
2027,global_train,42,1234,1,FlatVelB,FlatVel-B,17625,160244,588,FlatVelB:17625
2027,global_train,42,1234,1,FlatVelB,FlatVel-B,3127,92060,589,FlatVelB:3127
2027,global_train,42,1234,1,FlatVelB,FlatVel-B,20242,80227,590,FlatVelB:20242
2027,global_train,42,1234,1,FlatVelB,FlatVel-B,4001,20251,591,FlatVelB:4001
2027,global_train,42,1234,1,FlatVelB,FlatVel-B,2569,233351,592,FlatVelB:2569
2027,global_train,42,1234,1,FlatVelB,FlatVel-B,18418,165557,593,FlatVelB:18418
2027,global_train,42,1234,1,FlatVelB,FlatVel-B,1326,71764,594,FlatVelB:1326
2027,global_train,42,1234,1,FlatVelB,FlatVel-B,23795,212168,595,FlatVelB:23795
2027,global_train,42,1234,1,FlatVelB,FlatVel-B,2118,159788,596,FlatVelB:2118
2027,global_train,42,1234,1,FlatVelB,FlatVel-B,3135,10756,597,FlatVelB:3135
2027,global_train,42,1234,1,FlatVelB,FlatVel-B,17842,179398,598,FlatVelB:17842
2027,global_train,42,1234,1,FlatVelB,FlatVel-B,19148,168239,599,FlatVelB:19148
2027,global_train,42,1234,1,FlatVelB,FlatVel-B,23191,23946,600,FlatVelB:23191
2027,global_train,42,1234,1,FlatVelB,FlatVel-B,8616,34686,601,FlatVelB:8616
2027,global_train,42,1234,1,FlatVelB,FlatVel-B,21397,40142,602,FlatVelB:21397
2027,global_train,42,1234,1,FlatVelB,FlatVel-B,12980,184192,603,FlatVelB:12980
2027,global_train,42,1234,1,FlatVelB,FlatVel-B,26068,195444,604,FlatVelB:26068
2027,global_train,42,1234,1,FlatVelB,FlatVel-B,7795,112140,605,FlatVelB:7795
2027,global_train,42,1234,1,FlatVelB,FlatVel-B,8350,162456,606,FlatVelB:8350
2027,global_train,42,1234,1,FlatVelB,FlatVel-B,17837,27020,607,FlatVelB:17837
2027,global_train,42,1234,1,FlatVelB,FlatVel-B,16499,5415,608,FlatVelB:16499
2027,global_train,42,1234,1,FlatVelB,FlatVel-B,13197,52623,609,FlatVelB:13197
2027,global_train,42,1234,1,FlatVelB,FlatVel-B,23499,52012,610,FlatVelB:23499
2027,global_train,42,1234,1,FlatVelB,FlatVel-B,11296,216155,611,FlatVelB:11296
2027,global_train,42,1234,1,FlatVelB,FlatVel-B,20825,215117,612,FlatVelB:20825
2027,global_train,42,1234,1,FlatVelB,FlatVel-B,29827,125980,613,FlatVelB:29827
2027,global_train,42,1234,1,FlatVelB,FlatVel-B,28944,144400,614,FlatVelB:28944
2027,global_train,42,1234,1,FlatVelB,FlatVel-B,11920,211242,615,FlatVelB:11920
2027,global_train,42,1234,1,FlatVelB,FlatVel-B,152,177370,616,FlatVelB:152
2027,global_train,42,1234,1,FlatVelB,FlatVel-B,9033,86753,617,FlatVelB:9033
2027,global_train,42,1234,1,FlatVelB,FlatVel-B,13868,72544,618,FlatVelB:13868
2027,global_train,42,1234,1,FlatVelB,FlatVel-B,8369,211534,619,FlatVelB:8369
2027,global_train,42,1234,1,FlatVelB,FlatVel-B,29934,118709,620,FlatVelB:29934
2027,global_train,42,1234,1,FlatVelB,FlatVel-B,8754,131475,621,FlatVelB:8754
2027,global_train,42,1234,1,FlatVelB,FlatVel-B,8544,116302,622,FlatVelB:8544
2027,global_train,42,1234,1,FlatVelB,FlatVel-B,25388,146586,623,FlatVelB:25388
2027,global_train,42,1234,1,FlatVelB,FlatVel-B,6263,27391,624,FlatVelB:6263
2027,global_train,42,1234,1,FlatVelB,FlatVel-B,28066,95359,625,FlatVelB:28066
2027,global_train,42,1234,1,FlatVelB,FlatVel-B,19322,131276,626,FlatVelB:19322
2027,global_train,42,1234,1,FlatVelB,FlatVel-B,9034,170246,627,FlatVelB:9034
2027,global_train,42,1234,1,FlatVelB,FlatVel-B,12292,223263,628,FlatVelB:12292
2027,global_train,42,1234,1,FlatVelB,FlatVel-B,5116,118850,629,FlatVelB:5116
2027,global_train,42,1234,1,FlatVelB,FlatVel-B,3553,151591,630,FlatVelB:3553
2027,global_train,42,1234,1,FlatVelB,FlatVel-B,26240,47994,631,FlatVelB:26240
2027,global_train,42,1234,1,FlatVelB,FlatVel-B,14992,224817,632,FlatVelB:14992
2027,global_train,42,1234,1,FlatVelB,FlatVel-B,8516,226964,633,FlatVelB:8516
2027,global_train,42,1234,1,FlatVelB,FlatVel-B,14034,26005,634,FlatVelB:14034
2027,global_train,42,1234,1,FlatVelB,FlatVel-B,9986,126705,635,FlatVelB:9986
2027,global_train,42,1234,1,FlatVelB,FlatVel-B,23065,8500,636,FlatVelB:23065
2027,global_train,42,1234,1,FlatVelB,FlatVel-B,13567,48522,637,FlatVelB:13567
2027,global_train,42,1234,1,FlatVelB,FlatVel-B,17244,147226,638,FlatVelB:17244
2027,global_train,42,1234,1,FlatVelB,FlatVel-B,22551,18943,639,FlatVelB:22551
2027,global_train,42,1234,1,FlatVelB,FlatVel-B,3570,201364,640,FlatVelB:3570
2027,global_train,42,1234,1,FlatVelB,FlatVel-B,1069,196310,641,FlatVelB:1069
2027,global_train,42,1234,1,FlatVelB,FlatVel-B,9890,117284,642,FlatVelB:9890
2027,global_train,42,1234,1,FlatVelB,FlatVel-B,5394,222802,643,FlatVelB:5394
2027,global_train,42,1234,1,FlatVelB,FlatVel-B,29593,124253,644,FlatVelB:29593
2027,global_train,42,1234,1,FlatVelB,FlatVel-B,3542,47201,645,FlatVelB:3542
2027,global_train,42,1234,1,FlatVelB,FlatVel-B,13390,113817,646,FlatVelB:13390
2027,global_train,42,1234,1,FlatVelB,FlatVel-B,890,97825,647,FlatVelB:890
2027,global_train,42,1234,1,FlatVelB,FlatVel-B,4038,21045,648,FlatVelB:4038
2027,global_train,42,1234,1,FlatVelB,FlatVel-B,16587,53842,649,FlatVelB:16587
2027,global_train,42,1234,1,FlatVelB,FlatVel-B,594,22412,650,FlatVelB:594
2027,global_train,42,1234,1,FlatVelB,FlatVel-B,18683,203998,651,FlatVelB:18683
2027,global_train,42,1234,1,FlatVelB,FlatVel-B,11014,163493,652,FlatVelB:11014
2027,global_train,42,1234,1,FlatVelB,FlatVel-B,3069,82586,653,FlatVelB:3069
2027,global_train,42,1234,1,FlatVelB,FlatVel-B,21778,41257,654,FlatVelB:21778
2027,global_train,42,1234,1,FlatVelB,FlatVel-B,16214,27445,655,FlatVelB:16214
2027,global_train,42,1234,1,FlatVelB,FlatVel-B,17463,159261,656,FlatVelB:17463
2027,global_train,42,1234,1,FlatVelB,FlatVel-B,12937,63532,657,FlatVelB:12937
2027,global_train,42,1234,1,FlatVelB,FlatVel-B,16288,54392,658,FlatVelB:16288
2027,global_train,42,1234,1,FlatVelB,FlatVel-B,21194,232154,659,FlatVelB:21194
2027,global_train,42,1234,1,FlatVelB,FlatVel-B,10165,36799,660,FlatVelB:10165
2027,global_train,42,1234,1,FlatVelB,FlatVel-B,21484,97444,661,FlatVelB:21484
2027,global_train,42,1234,1,FlatVelB,FlatVel-B,15477,139414,662,FlatVelB:15477
2027,global_train,42,1234,1,FlatVelB,FlatVel-B,18917,166055,663,FlatVelB:18917
2027,global_train,42,1234,1,FlatVelB,FlatVel-B,17112,48961,664,FlatVelB:17112
2027,global_train,42,1234,1,FlatVelB,FlatVel-B,9501,67578,665,FlatVelB:9501
2027,global_train,42,1234,1,FlatVelB,FlatVel-B,16513,4961,666,FlatVelB:16513
2027,global_train,42,1234,1,FlatVelB,FlatVel-B,21170,209266,667,FlatVelB:21170
2027,global_train,42,1234,1,FlatVelB,FlatVel-B,6730,61528,668,FlatVelB:6730
2027,global_train,42,1234,1,FlatVelB,FlatVel-B,19455,151282,669,FlatVelB:19455
2027,global_train,42,1234,1,FlatVelB,FlatVel-B,1514,154830,670,FlatVelB:1514
2027,global_train,42,1234,1,FlatVelB,FlatVel-B,19039,232986,671,FlatVelB:19039
2027,global_train,42,1234,1,FlatVelB,FlatVel-B,20706,216862,672,FlatVelB:20706
2027,global_train,42,1234,1,FlatVelB,FlatVel-B,23367,95737,673,FlatVelB:23367
2027,global_train,42,1234,1,FlatVelB,FlatVel-B,24565,65117,674,FlatVelB:24565
2027,global_train,42,1234,1,FlatVelB,FlatVel-B,3043,166014,675,FlatVelB:3043
2027,global_train,42,1234,1,FlatVelB,FlatVel-B,3487,74153,676,FlatVelB:3487
2027,global_train,42,1234,1,FlatVelB,FlatVel-B,14299,32903,677,FlatVelB:14299
2027,global_train,42,1234,1,FlatVelB,FlatVel-B,5782,130596,678,FlatVelB:5782
2027,global_train,42,1234,1,FlatVelB,FlatVel-B,18351,27542,679,FlatVelB:18351
2027,global_train,42,1234,1,FlatVelB,FlatVel-B,13656,68873,680,FlatVelB:13656
2027,global_train,42,1234,1,FlatVelB,FlatVel-B,411,65758,681,FlatVelB:411
2027,global_train,42,1234,1,FlatVelB,FlatVel-B,29065,162812,682,FlatVelB:29065
2027,global_train,42,1234,1,FlatVelB,FlatVel-B,6935,200716,683,FlatVelB:6935
2027,global_train,42,1234,1,FlatVelB,FlatVel-B,20091,195905,684,FlatVelB:20091
2027,global_train,42,1234,1,FlatVelB,FlatVel-B,2237,48413,685,FlatVelB:2237
2027,global_train,42,1234,1,FlatVelB,FlatVel-B,20728,58847,686,FlatVelB:20728
2027,global_train,42,1234,1,FlatVelB,FlatVel-B,505,120162,687,FlatVelB:505
2027,global_train,42,1234,1,FlatVelB,FlatVel-B,14175,28586,688,FlatVelB:14175
2027,global_train,42,1234,1,FlatVelB,FlatVel-B,22104,116833,689,FlatVelB:22104
2027,global_train,42,1234,1,FlatVelB,FlatVel-B,5741,198592,690,FlatVelB:5741
2027,global_train,42,1234,1,FlatVelB,FlatVel-B,2566,81003,691,FlatVelB:2566
2027,global_train,42,1234,1,FlatVelB,FlatVel-B,17696,234396,692,FlatVelB:17696
2027,global_train,42,1234,1,FlatVelB,FlatVel-B,22564,216656,693,FlatVelB:22564
2027,global_train,42,1234,1,FlatVelB,FlatVel-B,5995,84003,694,FlatVelB:5995
2027,global_train,42,1234,1,FlatVelB,FlatVel-B,29661,229886,695,FlatVelB:29661
2027,global_train,42,1234,1,FlatVelB,FlatVel-B,13317,141728,696,FlatVelB:13317
2027,global_train,42,1234,1,FlatVelB,FlatVel-B,6445,159168,697,FlatVelB:6445
2027,global_train,42,1234,1,FlatVelB,FlatVel-B,17716,131431,698,FlatVelB:17716
2027,global_train,42,1234,1,FlatVelB,FlatVel-B,27777,96412,699,FlatVelB:27777
2027,global_train,42,1234,1,FlatVelB,FlatVel-B,2891,225160,700,FlatVelB:2891
2027,global_train,42,1234,1,FlatVelB,FlatVel-B,1206,23108,701,FlatVelB:1206
2027,global_train,42,1234,1,FlatVelB,FlatVel-B,3283,137417,702,FlatVelB:3283
2027,global_train,42,1234,1,FlatVelB,FlatVel-B,15257,202561,703,FlatVelB:15257
2027,global_train,42,1234,1,FlatVelB,FlatVel-B,21734,127661,704,FlatVelB:21734
2027,global_train,42,1234,1,FlatVelB,FlatVel-B,16141,125577,705,FlatVelB:16141
2027,global_train,42,1234,1,FlatVelB,FlatVel-B,14308,18496,706,FlatVelB:14308
2027,global_train,42,1234,1,FlatVelB,FlatVel-B,29839,23950,707,FlatVelB:29839
2027,global_train,42,1234,1,FlatVelB,FlatVel-B,10946,148037,708,FlatVelB:10946
2027,global_train,42,1234,1,FlatVelB,FlatVel-B,19018,68774,709,FlatVelB:19018
2027,global_train,42,1234,1,FlatVelB,FlatVel-B,13940,67040,710,FlatVelB:13940
2027,global_train,42,1234,1,FlatVelB,FlatVel-B,24615,100264,711,FlatVelB:24615
2027,global_train,42,1234,1,FlatVelB,FlatVel-B,949,231865,712,FlatVelB:949
2027,global_train,42,1234,1,FlatVelB,FlatVel-B,5791,156831,713,FlatVelB:5791
2027,global_train,42,1234,1,FlatVelB,FlatVel-B,23698,151323,714,FlatVelB:23698
2027,global_train,42,1234,1,FlatVelB,FlatVel-B,20941,143,715,FlatVelB:20941
2027,global_train,42,1234,1,FlatVelB,FlatVel-B,29645,64906,716,FlatVelB:29645
2027,global_train,42,1234,1,FlatVelB,FlatVel-B,26166,185125,717,FlatVelB:26166
2027,global_train,42,1234,1,FlatVelB,FlatVel-B,22067,195731,718,FlatVelB:22067
2027,global_train,42,1234,1,FlatVelB,FlatVel-B,27220,188921,719,FlatVelB:27220
2027,global_train,42,1234,1,FlatVelB,FlatVel-B,19675,71773,720,FlatVelB:19675
2027,global_train,42,1234,1,FlatVelB,FlatVel-B,12236,175807,721,FlatVelB:12236
2027,global_train,42,1234,1,FlatVelB,FlatVel-B,22839,97132,722,FlatVelB:22839
2027,global_train,42,1234,1,FlatVelB,FlatVel-B,27905,58291,723,FlatVelB:27905
2027,global_train,42,1234,1,FlatVelB,FlatVel-B,20681,149035,724,FlatVelB:20681
2027,global_train,42,1234,1,FlatVelB,FlatVel-B,29377,173765,725,FlatVelB:29377
2027,global_train,42,1234,1,FlatVelB,FlatVel-B,3480,29744,726,FlatVelB:3480
2027,global_train,42,1234,1,FlatVelB,FlatVel-B,16818,109574,727,FlatVelB:16818
2027,global_train,42,1234,1,FlatVelB,FlatVel-B,4469,128715,728,FlatVelB:4469
2027,global_train,42,1234,1,FlatVelB,FlatVel-B,2995,147965,729,FlatVelB:2995
2027,global_train,42,1234,1,FlatVelB,FlatVel-B,11148,101642,730,FlatVelB:11148
2027,global_train,42,1234,1,FlatVelB,FlatVel-B,28251,116590,731,FlatVelB:28251
2027,global_train,42,1234,1,FlatVelB,FlatVel-B,3878,103276,732,FlatVelB:3878
2027,global_train,42,1234,1,FlatVelB,FlatVel-B,343,6129,733,FlatVelB:343
2027,global_train,42,1234,1,FlatVelB,FlatVel-B,16963,96458,734,FlatVelB:16963
2027,global_train,42,1234,1,FlatVelB,FlatVel-B,21263,76594,735,FlatVelB:21263
2027,global_train,42,1234,1,FlatVelB,FlatVel-B,26060,139569,736,FlatVelB:26060
2027,global_train,42,1234,1,FlatVelB,FlatVel-B,13152,26853,737,FlatVelB:13152
2027,global_train,42,1234,1,FlatVelB,FlatVel-B,5823,13358,738,FlatVelB:5823
2027,global_train,42,1234,1,FlatVelB,FlatVel-B,29785,185227,739,FlatVelB:29785
2027,global_train,42,1234,1,FlatVelB,FlatVel-B,18316,120436,740,FlatVelB:18316
2027,global_train,42,1234,1,FlatVelB,FlatVel-B,26038,166913,741,FlatVelB:26038
2027,global_train,42,1234,1,FlatVelB,FlatVel-B,10731,12495,742,FlatVelB:10731
2027,global_train,42,1234,1,FlatVelB,FlatVel-B,11064,49409,743,FlatVelB:11064
2027,global_train,42,1234,1,FlatVelB,FlatVel-B,6032,131559,744,FlatVelB:6032
2027,global_train,42,1234,1,FlatVelB,FlatVel-B,25337,224520,745,FlatVelB:25337
2027,global_train,42,1234,1,FlatVelB,FlatVel-B,6006,219045,746,FlatVelB:6006
2027,global_train,42,1234,1,FlatVelB,FlatVel-B,25013,154051,747,FlatVelB:25013
2027,global_train,42,1234,1,FlatVelB,FlatVel-B,16236,119134,748,FlatVelB:16236
2027,global_train,42,1234,1,FlatVelB,FlatVel-B,10095,83994,749,FlatVelB:10095
2027,global_train,42,1234,1,FlatVelB,FlatVel-B,19283,208769,750,FlatVelB:19283
2027,global_train,42,1234,1,FlatVelB,FlatVel-B,19544,231474,751,FlatVelB:19544
2027,global_train,42,1234,1,FlatVelB,FlatVel-B,7914,178009,752,FlatVelB:7914
2027,global_train,42,1234,1,FlatVelB,FlatVel-B,1015,84415,753,FlatVelB:1015
2027,global_train,42,1234,1,FlatVelB,FlatVel-B,18434,157458,754,FlatVelB:18434
2027,global_train,42,1234,1,FlatVelB,FlatVel-B,11562,122467,755,FlatVelB:11562
2027,global_train,42,1234,1,FlatVelB,FlatVel-B,21091,97963,756,FlatVelB:21091
2027,global_train,42,1234,1,FlatVelB,FlatVel-B,4261,95913,757,FlatVelB:4261
2027,global_train,42,1234,1,FlatVelB,FlatVel-B,29938,96840,758,FlatVelB:29938
2027,global_train,42,1234,1,FlatVelB,FlatVel-B,10118,27327,759,FlatVelB:10118
2027,global_train,42,1234,1,FlatVelB,FlatVel-B,18297,2331,760,FlatVelB:18297
2027,global_train,42,1234,1,FlatVelB,FlatVel-B,3776,119181,761,FlatVelB:3776
2027,global_train,42,1234,1,FlatVelB,FlatVel-B,18678,219319,762,FlatVelB:18678
2027,global_train,42,1234,1,FlatVelB,FlatVel-B,20764,112544,763,FlatVelB:20764
2027,global_train,42,1234,1,FlatVelB,FlatVel-B,14855,171244,764,FlatVelB:14855
2027,global_train,42,1234,1,FlatVelB,FlatVel-B,1365,156434,765,FlatVelB:1365
2027,global_train,42,1234,1,FlatVelB,FlatVel-B,8336,157451,766,FlatVelB:8336
2027,global_train,42,1234,1,FlatVelB,FlatVel-B,15358,110710,767,FlatVelB:15358
2027,global_train,42,1234,1,FlatVelB,FlatVel-B,23447,15396,768,FlatVelB:23447
2027,global_train,42,1234,1,FlatVelB,FlatVel-B,28636,59148,769,FlatVelB:28636
2027,global_train,42,1234,1,FlatVelB,FlatVel-B,17088,195168,770,FlatVelB:17088
2027,global_train,42,1234,1,FlatVelB,FlatVel-B,25416,164405,771,FlatVelB:25416
2027,global_train,42,1234,1,FlatVelB,FlatVel-B,23384,80076,772,FlatVelB:23384
2027,global_train,42,1234,1,FlatVelB,FlatVel-B,23301,74284,773,FlatVelB:23301
2027,global_train,42,1234,1,FlatVelB,FlatVel-B,11350,136057,774,FlatVelB:11350
2027,global_train,42,1234,1,FlatVelB,FlatVel-B,20434,231310,775,FlatVelB:20434
2027,global_train,42,1234,1,FlatVelB,FlatVel-B,29855,115195,776,FlatVelB:29855
2027,global_train,42,1234,1,FlatVelB,FlatVel-B,6839,69655,777,FlatVelB:6839
2027,global_train,42,1234,1,FlatVelB,FlatVel-B,13097,116309,778,FlatVelB:13097
2027,global_train,42,1234,1,FlatVelB,FlatVel-B,5812,19673,779,FlatVelB:5812
2027,global_train,42,1234,1,FlatVelB,FlatVel-B,1396,96892,780,FlatVelB:1396
2027,global_train,42,1234,1,FlatVelB,FlatVel-B,23661,25239,781,FlatVelB:23661
2027,global_train,42,1234,1,FlatVelB,FlatVel-B,28794,206840,782,FlatVelB:28794
2027,global_train,42,1234,1,FlatVelB,FlatVel-B,29407,178185,783,FlatVelB:29407
2027,global_train,42,1234,1,FlatVelB,FlatVel-B,13201,188779,784,FlatVelB:13201
2027,global_train,42,1234,1,FlatVelB,FlatVel-B,10276,208847,785,FlatVelB:10276
2027,global_train,42,1234,1,FlatVelB,FlatVel-B,7730,58380,786,FlatVelB:7730
2027,global_train,42,1234,1,FlatVelB,FlatVel-B,3854,233088,787,FlatVelB:3854
2027,global_train,42,1234,1,FlatVelB,FlatVel-B,10179,8696,788,FlatVelB:10179
2027,global_train,42,1234,1,FlatVelB,FlatVel-B,20918,46589,789,FlatVelB:20918
2027,global_train,42,1234,1,FlatVelB,FlatVel-B,5926,116649,790,FlatVelB:5926
2027,global_train,42,1234,1,FlatVelB,FlatVel-B,23315,140936,791,FlatVelB:23315
2027,global_train,42,1234,1,FlatVelB,FlatVel-B,14670,117424,792,FlatVelB:14670
2027,global_train,42,1234,1,FlatVelB,FlatVel-B,10870,76309,793,FlatVelB:10870
2027,global_train,42,1234,1,FlatVelB,FlatVel-B,21266,211918,794,FlatVelB:21266
2027,global_train,42,1234,1,FlatVelB,FlatVel-B,28535,218754,795,FlatVelB:28535
2027,global_train,42,1234,1,FlatVelB,FlatVel-B,20382,22281,796,FlatVelB:20382
2027,global_train,42,1234,1,FlatVelB,FlatVel-B,1492,60479,797,FlatVelB:1492
2027,global_train,42,1234,1,FlatVelB,FlatVel-B,21492,50340,798,FlatVelB:21492
2027,global_train,42,1234,1,FlatVelB,FlatVel-B,25526,35635,799,FlatVelB:25526
2027,global_train,42,1234,1,FlatVelB,FlatVel-B,21894,94659,800,FlatVelB:21894
2027,global_train,42,1234,1,FlatVelB,FlatVel-B,20433,129872,801,FlatVelB:20433
2027,global_train,42,1234,1,FlatVelB,FlatVel-B,13379,111206,802,FlatVelB:13379
2027,global_train,42,1234,1,FlatVelB,FlatVel-B,22204,57455,803,FlatVelB:22204
2027,global_train,42,1234,1,FlatVelB,FlatVel-B,4497,165295,804,FlatVelB:4497
2027,global_train,42,1234,1,FlatVelB,FlatVel-B,27175,125499,805,FlatVelB:27175
2027,global_train,42,1234,1,FlatVelB,FlatVel-B,26220,179622,806,FlatVelB:26220
2027,global_train,42,1234,1,FlatVelB,FlatVel-B,13114,220011,807,FlatVelB:13114
2027,global_train,42,1234,1,FlatVelB,FlatVel-B,875,104447,808,FlatVelB:875
2027,global_train,42,1234,1,FlatVelB,FlatVel-B,3478,50825,809,FlatVelB:3478
2027,global_train,42,1234,1,FlatVelB,FlatVel-B,14543,199158,810,FlatVelB:14543
2027,global_train,42,1234,1,FlatVelB,FlatVel-B,17458,181772,811,FlatVelB:17458
2027,global_train,42,1234,1,FlatVelB,FlatVel-B,1976,196942,812,FlatVelB:1976
2027,global_train,42,1234,1,FlatVelB,FlatVel-B,767,225505,813,FlatVelB:767
2027,global_train,42,1234,1,FlatVelB,FlatVel-B,26621,84122,814,FlatVelB:26621
2027,global_train,42,1234,1,FlatVelB,FlatVel-B,19098,148675,815,FlatVelB:19098
2027,global_train,42,1234,1,FlatVelB,FlatVel-B,28742,65912,816,FlatVelB:28742
2027,global_train,42,1234,1,FlatVelB,FlatVel-B,18333,20715,817,FlatVelB:18333
2027,global_train,42,1234,1,FlatVelB,FlatVel-B,24957,219020,818,FlatVelB:24957
2027,global_train,42,1234,1,FlatVelB,FlatVel-B,5991,140350,819,FlatVelB:5991
2027,global_train,42,1234,1,FlatVelB,FlatVel-B,14552,174147,820,FlatVelB:14552
2027,global_train,42,1234,1,FlatVelB,FlatVel-B,27542,34397,821,FlatVelB:27542
2027,global_train,42,1234,1,FlatVelB,FlatVel-B,4035,187628,822,FlatVelB:4035
2027,global_train,42,1234,1,FlatVelB,FlatVel-B,6597,152012,823,FlatVelB:6597
2027,global_train,42,1234,1,FlatVelB,FlatVel-B,28135,234293,824,FlatVelB:28135
2027,global_train,42,1234,1,FlatVelB,FlatVel-B,2105,1652,825,FlatVelB:2105
2027,global_train,42,1234,1,FlatVelB,FlatVel-B,16452,37949,826,FlatVelB:16452
2027,global_train,42,1234,1,FlatVelB,FlatVel-B,25394,209321,827,FlatVelB:25394
2027,global_train,42,1234,1,FlatVelB,FlatVel-B,25406,72138,828,FlatVelB:25406
2027,global_train,42,1234,1,FlatVelB,FlatVel-B,28012,96041,829,FlatVelB:28012
2027,global_train,42,1234,1,FlatVelB,FlatVel-B,28684,2463,830,FlatVelB:28684
2027,global_train,42,1234,1,FlatVelB,FlatVel-B,233,167862,831,FlatVelB:233
2027,global_train,42,1234,1,FlatVelB,FlatVel-B,14835,42232,832,FlatVelB:14835
2027,global_train,42,1234,1,FlatVelB,FlatVel-B,8241,186657,833,FlatVelB:8241
2027,global_train,42,1234,1,FlatVelB,FlatVel-B,16076,211542,834,FlatVelB:16076
2027,global_train,42,1234,1,FlatVelB,FlatVel-B,4232,74482,835,FlatVelB:4232
2027,global_train,42,1234,1,FlatVelB,FlatVel-B,20427,6308,836,FlatVelB:20427
2027,global_train,42,1234,1,FlatVelB,FlatVel-B,16816,114659,837,FlatVelB:16816
2027,global_train,42,1234,1,FlatVelB,FlatVel-B,11467,212844,838,FlatVelB:11467
2027,global_train,42,1234,1,FlatVelB,FlatVel-B,7590,70073,839,FlatVelB:7590
2027,global_train,42,1234,1,FlatVelB,FlatVel-B,26790,234504,840,FlatVelB:26790
2027,global_train,42,1234,1,FlatVelB,FlatVel-B,26753,126689,841,FlatVelB:26753
2027,global_train,42,1234,1,FlatVelB,FlatVel-B,18580,185495,842,FlatVelB:18580
2027,global_train,42,1234,1,FlatVelB,FlatVel-B,7966,33111,843,FlatVelB:7966
2027,global_train,42,1234,1,FlatVelB,FlatVel-B,14324,126899,844,FlatVelB:14324
2027,global_train,42,1234,1,FlatVelB,FlatVel-B,22180,230269,845,FlatVelB:22180
2027,global_train,42,1234,1,FlatVelB,FlatVel-B,20852,230128,846,FlatVelB:20852
2027,global_train,42,1234,1,FlatVelB,FlatVel-B,6986,152897,847,FlatVelB:6986
2027,global_train,42,1234,1,FlatVelB,FlatVel-B,27645,109923,848,FlatVelB:27645
2027,global_train,42,1234,1,FlatVelB,FlatVel-B,20964,161801,849,FlatVelB:20964
2027,global_train,42,1234,1,FlatVelB,FlatVel-B,121,23157,850,FlatVelB:121
2027,global_train,42,1234,1,FlatVelB,FlatVel-B,2093,111542,851,FlatVelB:2093
2027,global_train,42,1234,1,FlatVelB,FlatVel-B,9860,155744,852,FlatVelB:9860
2027,global_train,42,1234,1,FlatVelB,FlatVel-B,21146,155586,853,FlatVelB:21146
2027,global_train,42,1234,1,FlatVelB,FlatVel-B,11049,54788,854,FlatVelB:11049
2027,global_train,42,1234,1,FlatVelB,FlatVel-B,21232,174764,855,FlatVelB:21232
2027,global_train,42,1234,1,FlatVelB,FlatVel-B,12998,225845,856,FlatVelB:12998
2027,global_train,42,1234,1,FlatVelB,FlatVel-B,7347,75253,857,FlatVelB:7347
2027,global_train,42,1234,1,FlatVelB,FlatVel-B,5118,229339,858,FlatVelB:5118
2027,global_train,42,1234,1,FlatVelB,FlatVel-B,8158,161222,859,FlatVelB:8158
2027,global_train,42,1234,1,FlatVelB,FlatVel-B,27379,161246,860,FlatVelB:27379
2027,global_train,42,1234,1,FlatVelB,FlatVel-B,29420,37618,861,FlatVelB:29420
2027,global_train,42,1234,1,FlatVelB,FlatVel-B,2930,52663,862,FlatVelB:2930
2027,global_train,42,1234,1,FlatVelB,FlatVel-B,16206,50625,863,FlatVelB:16206
2027,global_train,42,1234,1,FlatVelB,FlatVel-B,1469,100009,864,FlatVelB:1469
2027,global_train,42,1234,1,FlatVelB,FlatVel-B,20542,192220,865,FlatVelB:20542
2027,global_train,42,1234,1,FlatVelB,FlatVel-B,18332,206841,866,FlatVelB:18332
2027,global_train,42,1234,1,FlatVelB,FlatVel-B,9199,120089,867,FlatVelB:9199
2027,global_train,42,1234,1,FlatVelB,FlatVel-B,13036,112857,868,FlatVelB:13036
2027,global_train,42,1234,1,FlatVelB,FlatVel-B,9482,209509,869,FlatVelB:9482
2027,global_train,42,1234,1,FlatVelB,FlatVel-B,19070,177942,870,FlatVelB:19070
2027,global_train,42,1234,1,FlatVelB,FlatVel-B,22985,15759,871,FlatVelB:22985
2027,global_train,42,1234,1,FlatVelB,FlatVel-B,10982,57195,872,FlatVelB:10982
2027,global_train,42,1234,1,FlatVelB,FlatVel-B,3080,45458,873,FlatVelB:3080
2027,global_train,42,1234,1,FlatVelB,FlatVel-B,18919,109898,874,FlatVelB:18919
2027,global_train,42,1234,1,FlatVelB,FlatVel-B,29399,45655,875,FlatVelB:29399
2027,global_train,42,1234,1,FlatVelB,FlatVel-B,4897,206625,876,FlatVelB:4897
2027,global_train,42,1234,1,FlatVelB,FlatVel-B,15272,19699,877,FlatVelB:15272
2027,global_train,42,1234,1,FlatVelB,FlatVel-B,15073,165110,878,FlatVelB:15073
2027,global_train,42,1234,1,FlatVelB,FlatVel-B,12320,136834,879,FlatVelB:12320
2027,global_train,42,1234,1,FlatVelB,FlatVel-B,23439,48633,880,FlatVelB:23439
2027,global_train,42,1234,1,FlatVelB,FlatVel-B,18122,103185,881,FlatVelB:18122
2027,global_train,42,1234,1,FlatVelB,FlatVel-B,4298,234649,882,FlatVelB:4298
2027,global_train,42,1234,1,FlatVelB,FlatVel-B,16223,209126,883,FlatVelB:16223
2027,global_train,42,1234,1,FlatVelB,FlatVel-B,27201,143059,884,FlatVelB:27201
2027,global_train,42,1234,1,FlatVelB,FlatVel-B,5942,213152,885,FlatVelB:5942
2027,global_train,42,1234,1,FlatVelB,FlatVel-B,8328,234740,886,FlatVelB:8328
2027,global_train,42,1234,1,FlatVelB,FlatVel-B,10331,103984,887,FlatVelB:10331
2027,global_train,42,1234,1,FlatVelB,FlatVel-B,23651,172231,888,FlatVelB:23651
2027,global_train,42,1234,1,FlatVelB,FlatVel-B,17904,210056,889,FlatVelB:17904
2027,global_train,42,1234,1,FlatVelB,FlatVel-B,26397,227100,890,FlatVelB:26397
2027,global_train,42,1234,1,FlatVelB,FlatVel-B,15740,131221,891,FlatVelB:15740
2027,global_train,42,1234,1,FlatVelB,FlatVel-B,240,127559,892,FlatVelB:240
2027,global_train,42,1234,1,FlatVelB,FlatVel-B,17001,40371,893,FlatVelB:17001
2027,global_train,42,1234,1,FlatVelB,FlatVel-B,19012,224801,894,FlatVelB:19012
2027,global_train,42,1234,1,FlatVelB,FlatVel-B,10044,131681,895,FlatVelB:10044
2027,global_train,42,1234,1,FlatVelB,FlatVel-B,25828,38473,896,FlatVelB:25828
2027,global_train,42,1234,1,FlatVelB,FlatVel-B,21919,3985,897,FlatVelB:21919
2027,global_train,42,1234,1,FlatVelB,FlatVel-B,13542,184055,898,FlatVelB:13542
2027,global_train,42,1234,1,FlatVelB,FlatVel-B,25889,98651,899,FlatVelB:25889
2027,global_train,42,1234,1,FlatVelB,FlatVel-B,20037,121117,900,FlatVelB:20037
2027,global_train,42,1234,1,FlatVelB,FlatVel-B,16532,204069,901,FlatVelB:16532
2027,global_train,42,1234,1,FlatVelB,FlatVel-B,20144,13464,902,FlatVelB:20144
2027,global_train,42,1234,1,FlatVelB,FlatVel-B,7698,201574,903,FlatVelB:7698
2027,global_train,42,1234,1,FlatVelB,FlatVel-B,17651,233951,904,FlatVelB:17651
2027,global_train,42,1234,1,FlatVelB,FlatVel-B,29548,19574,905,FlatVelB:29548
2027,global_train,42,1234,1,FlatVelB,FlatVel-B,14344,152684,906,FlatVelB:14344
2027,global_train,42,1234,1,FlatVelB,FlatVel-B,13295,222034,907,FlatVelB:13295
2027,global_train,42,1234,1,FlatVelB,FlatVel-B,24132,145244,908,FlatVelB:24132
2027,global_train,42,1234,1,FlatVelB,FlatVel-B,4271,93152,909,FlatVelB:4271
2027,global_train,42,1234,1,FlatVelB,FlatVel-B,2029,263,910,FlatVelB:2029
2027,global_train,42,1234,1,FlatVelB,FlatVel-B,19558,35786,911,FlatVelB:19558
2027,global_train,42,1234,1,FlatVelB,FlatVel-B,12297,103425,912,FlatVelB:12297
2027,global_train,42,1234,1,FlatVelB,FlatVel-B,781,232456,913,FlatVelB:781
2027,global_train,42,1234,1,FlatVelB,FlatVel-B,19712,108376,914,FlatVelB:19712
2027,global_train,42,1234,1,FlatVelB,FlatVel-B,27634,56478,915,FlatVelB:27634
2027,global_train,42,1234,1,FlatVelB,FlatVel-B,25585,20241,916,FlatVelB:25585
2027,global_train,42,1234,1,FlatVelB,FlatVel-B,20704,167981,917,FlatVelB:20704
2027,global_train,42,1234,1,FlatVelB,FlatVel-B,5869,94699,918,FlatVelB:5869
2027,global_train,42,1234,1,FlatVelB,FlatVel-B,24148,68357,919,FlatVelB:24148
2027,global_train,42,1234,1,FlatVelB,FlatVel-B,18505,192898,920,FlatVelB:18505
2027,global_train,42,1234,1,FlatVelB,FlatVel-B,19229,51207,921,FlatVelB:19229
2027,global_train,42,1234,1,FlatVelB,FlatVel-B,28110,203093,922,FlatVelB:28110
2027,global_train,42,1234,1,FlatVelB,FlatVel-B,20813,41555,923,FlatVelB:20813
2027,global_train,42,1234,1,FlatVelB,FlatVel-B,4724,132955,924,FlatVelB:4724
2027,global_train,42,1234,1,FlatVelB,FlatVel-B,5152,44721,925,FlatVelB:5152
2027,global_train,42,1234,1,FlatVelB,FlatVel-B,3084,130019,926,FlatVelB:3084
2027,global_train,42,1234,1,FlatVelB,FlatVel-B,25000,167442,927,FlatVelB:25000
2027,global_train,42,1234,1,FlatVelB,FlatVel-B,15524,233482,928,FlatVelB:15524
2027,global_train,42,1234,1,FlatVelB,FlatVel-B,21581,216349,929,FlatVelB:21581
2027,global_train,42,1234,1,FlatVelB,FlatVel-B,25639,51377,930,FlatVelB:25639
2027,global_train,42,1234,1,FlatVelB,FlatVel-B,9588,227901,931,FlatVelB:9588
2027,global_train,42,1234,1,FlatVelB,FlatVel-B,17929,35752,932,FlatVelB:17929
2027,global_train,42,1234,1,FlatVelB,FlatVel-B,22193,102879,933,FlatVelB:22193
2027,global_train,42,1234,1,FlatVelB,FlatVel-B,16667,27064,934,FlatVelB:16667
2027,global_train,42,1234,1,FlatVelB,FlatVel-B,21217,94776,935,FlatVelB:21217
2027,global_train,42,1234,1,FlatVelB,FlatVel-B,11438,4507,936,FlatVelB:11438
2027,global_train,42,1234,1,FlatVelB,FlatVel-B,10661,42059,937,FlatVelB:10661
2027,global_train,42,1234,1,FlatVelB,FlatVel-B,2524,150150,938,FlatVelB:2524
2027,global_train,42,1234,1,FlatVelB,FlatVel-B,18097,54824,939,FlatVelB:18097
2027,global_train,42,1234,1,FlatVelB,FlatVel-B,3363,22779,940,FlatVelB:3363
2027,global_train,42,1234,1,FlatVelB,FlatVel-B,14204,131347,941,FlatVelB:14204
2027,global_train,42,1234,1,FlatVelB,FlatVel-B,6501,209626,942,FlatVelB:6501
2027,global_train,42,1234,1,FlatVelB,FlatVel-B,23010,49211,943,FlatVelB:23010
2027,global_train,42,1234,1,FlatVelB,FlatVel-B,12838,129000,944,FlatVelB:12838
2027,global_train,42,1234,1,FlatVelB,FlatVel-B,10752,9490,945,FlatVelB:10752
2027,global_train,42,1234,1,FlatVelB,FlatVel-B,641,96901,946,FlatVelB:641
2027,global_train,42,1234,1,FlatVelB,FlatVel-B,28158,180647,947,FlatVelB:28158
2027,global_train,42,1234,1,FlatVelB,FlatVel-B,11882,76979,948,FlatVelB:11882
2027,global_train,42,1234,1,FlatVelB,FlatVel-B,8038,209699,949,FlatVelB:8038
2027,global_train,42,1234,1,FlatVelB,FlatVel-B,15625,190401,950,FlatVelB:15625
2027,global_train,42,1234,1,FlatVelB,FlatVel-B,14118,210740,951,FlatVelB:14118
2027,global_train,42,1234,1,FlatVelB,FlatVel-B,25379,35924,952,FlatVelB:25379
2027,global_train,42,1234,1,FlatVelB,FlatVel-B,3222,214079,953,FlatVelB:3222
2027,global_train,42,1234,1,FlatVelB,FlatVel-B,5209,181909,954,FlatVelB:5209
2027,global_train,42,1234,1,FlatVelB,FlatVel-B,17042,128836,955,FlatVelB:17042
2027,global_train,42,1234,1,FlatVelB,FlatVel-B,9605,142267,956,FlatVelB:9605
2027,global_train,42,1234,1,FlatVelB,FlatVel-B,20726,224852,957,FlatVelB:20726
2027,global_train,42,1234,1,FlatVelB,FlatVel-B,23319,36055,958,FlatVelB:23319
2027,global_train,42,1234,1,FlatVelB,FlatVel-B,21341,162032,959,FlatVelB:21341
2027,global_train,42,1234,1,FlatVelB,FlatVel-B,18375,103014,960,FlatVelB:18375
2027,global_train,42,1234,1,FlatVelB,FlatVel-B,22336,210643,961,FlatVelB:22336
2027,global_train,42,1234,1,FlatVelB,FlatVel-B,17683,196712,962,FlatVelB:17683
2027,global_train,42,1234,1,FlatVelB,FlatVel-B,6319,25296,963,FlatVelB:6319
2027,global_train,42,1234,1,FlatVelB,FlatVel-B,25818,50049,964,FlatVelB:25818
2027,global_train,42,1234,1,FlatVelB,FlatVel-B,24974,232940,965,FlatVelB:24974
2027,global_train,42,1234,1,FlatVelB,FlatVel-B,7636,145183,966,FlatVelB:7636
2027,global_train,42,1234,1,FlatVelB,FlatVel-B,20420,190534,967,FlatVelB:20420
2027,global_train,42,1234,1,FlatVelB,FlatVel-B,11260,92884,968,FlatVelB:11260
2027,global_train,42,1234,1,FlatVelB,FlatVel-B,29803,149277,969,FlatVelB:29803
2027,global_train,42,1234,1,FlatVelB,FlatVel-B,9228,207099,970,FlatVelB:9228
2027,global_train,42,1234,1,FlatVelB,FlatVel-B,11696,81391,971,FlatVelB:11696
2027,global_train,42,1234,1,FlatVelB,FlatVel-B,22482,194842,972,FlatVelB:22482
2027,global_train,42,1234,1,FlatVelB,FlatVel-B,23710,72734,973,FlatVelB:23710
2027,global_train,42,1234,1,FlatVelB,FlatVel-B,20735,192403,974,FlatVelB:20735
2027,global_train,42,1234,1,FlatVelB,FlatVel-B,28907,6649,975,FlatVelB:28907
2027,global_train,42,1234,1,FlatVelB,FlatVel-B,23062,229599,976,FlatVelB:23062
2027,global_train,42,1234,1,FlatVelB,FlatVel-B,3138,133915,977,FlatVelB:3138
2027,global_train,42,1234,1,FlatVelB,FlatVel-B,20444,221734,978,FlatVelB:20444
2027,global_train,42,1234,1,FlatVelB,FlatVel-B,2080,122022,979,FlatVelB:2080
2027,global_train,42,1234,1,FlatVelB,FlatVel-B,8475,173149,980,FlatVelB:8475
2027,global_train,42,1234,1,FlatVelB,FlatVel-B,15510,206076,981,FlatVelB:15510
2027,global_train,42,1234,1,FlatVelB,FlatVel-B,25569,17905,982,FlatVelB:25569
2027,global_train,42,1234,1,FlatVelB,FlatVel-B,5332,61221,983,FlatVelB:5332
2027,global_train,42,1234,1,FlatVelB,FlatVel-B,3014,43255,984,FlatVelB:3014
2027,global_train,42,1234,1,FlatVelB,FlatVel-B,17504,58146,985,FlatVelB:17504
2027,global_train,42,1234,1,FlatVelB,FlatVel-B,22785,174621,986,FlatVelB:22785
2027,global_train,42,1234,1,FlatVelB,FlatVel-B,21947,64786,987,FlatVelB:21947
2027,global_train,42,1234,1,FlatVelB,FlatVel-B,7567,200774,988,FlatVelB:7567
2027,global_train,42,1234,1,FlatVelB,FlatVel-B,6240,3501,989,FlatVelB:6240
2027,global_train,42,1234,1,FlatVelB,FlatVel-B,21493,196692,990,FlatVelB:21493
2027,global_train,42,1234,1,FlatVelB,FlatVel-B,14235,208813,991,FlatVelB:14235
2027,global_train,42,1234,1,FlatVelB,FlatVel-B,27492,2668,992,FlatVelB:27492
2027,global_train,42,1234,1,FlatVelB,FlatVel-B,19620,219038,993,FlatVelB:19620
2027,global_train,42,1234,1,FlatVelB,FlatVel-B,20699,8436,994,FlatVelB:20699
2027,global_train,42,1234,1,FlatVelB,FlatVel-B,9757,114725,995,FlatVelB:9757
2027,global_train,42,1234,1,FlatVelB,FlatVel-B,17184,146523,996,FlatVelB:17184
2027,global_train,42,1234,1,FlatVelB,FlatVel-B,26954,189353,997,FlatVelB:26954
2027,global_train,42,1234,1,FlatVelB,FlatVel-B,27416,186258,998,FlatVelB:27416
2027,global_train,42,1234,1,FlatVelB,FlatVel-B,1410,187530,999,FlatVelB:1410
2027,global_train,42,1234,2,CurveVelA,CurveVel-A,12862,139827,0,CurveVelA:12862
2027,global_train,42,1234,2,CurveVelA,CurveVel-A,9008,224954,1,CurveVelA:9008
2027,global_train,42,1234,2,CurveVelA,CurveVel-A,18207,218586,2,CurveVelA:18207
2027,global_train,42,1234,2,CurveVelA,CurveVel-A,22994,100521,3,CurveVelA:22994
2027,global_train,42,1234,2,CurveVelA,CurveVel-A,29230,215914,4,CurveVelA:29230
2027,global_train,42,1234,2,CurveVelA,CurveVel-A,10163,22698,5,CurveVelA:10163
2027,global_train,42,1234,2,CurveVelA,CurveVel-A,24336,231965,6,CurveVelA:24336
2027,global_train,42,1234,2,CurveVelA,CurveVel-A,25772,201980,7,CurveVelA:25772
2027,global_train,42,1234,2,CurveVelA,CurveVel-A,16196,77209,8,CurveVelA:16196
2027,global_train,42,1234,2,CurveVelA,CurveVel-A,28020,229516,9,CurveVelA:28020
2027,global_train,42,1234,2,CurveVelA,CurveVel-A,21224,6202,10,CurveVelA:21224
2027,global_train,42,1234,2,CurveVelA,CurveVel-A,27632,10181,11,CurveVelA:27632
2027,global_train,42,1234,2,CurveVelA,CurveVel-A,25298,131184,12,CurveVelA:25298
2027,global_train,42,1234,2,CurveVelA,CurveVel-A,18191,196702,13,CurveVelA:18191
2027,global_train,42,1234,2,CurveVelA,CurveVel-A,10369,44985,14,CurveVelA:10369
2027,global_train,42,1234,2,CurveVelA,CurveVel-A,20909,29325,15,CurveVelA:20909
2027,global_train,42,1234,2,CurveVelA,CurveVel-A,11562,37875,16,CurveVelA:11562
2027,global_train,42,1234,2,CurveVelA,CurveVel-A,26584,176197,17,CurveVelA:26584
2027,global_train,42,1234,2,CurveVelA,CurveVel-A,29436,118605,18,CurveVelA:29436
2027,global_train,42,1234,2,CurveVelA,CurveVel-A,17604,234140,19,CurveVelA:17604
2027,global_train,42,1234,2,CurveVelA,CurveVel-A,28997,135082,20,CurveVelA:28997
2027,global_train,42,1234,2,CurveVelA,CurveVel-A,6752,19777,21,CurveVelA:6752
2027,global_train,42,1234,2,CurveVelA,CurveVel-A,4644,84139,22,CurveVelA:4644
2027,global_train,42,1234,2,CurveVelA,CurveVel-A,19514,153774,23,CurveVelA:19514
2027,global_train,42,1234,2,CurveVelA,CurveVel-A,18725,83154,24,CurveVelA:18725
2027,global_train,42,1234,2,CurveVelA,CurveVel-A,5067,40728,25,CurveVelA:5067
2027,global_train,42,1234,2,CurveVelA,CurveVel-A,3651,197425,26,CurveVelA:3651
2027,global_train,42,1234,2,CurveVelA,CurveVel-A,25082,234186,27,CurveVelA:25082
2027,global_train,42,1234,2,CurveVelA,CurveVel-A,4246,160356,28,CurveVelA:4246
2027,global_train,42,1234,2,CurveVelA,CurveVel-A,27901,84186,29,CurveVelA:27901
2027,global_train,42,1234,2,CurveVelA,CurveVel-A,22736,192028,30,CurveVelA:22736
2027,global_train,42,1234,2,CurveVelA,CurveVel-A,7005,53836,31,CurveVelA:7005
2027,global_train,42,1234,2,CurveVelA,CurveVel-A,26146,186976,32,CurveVelA:26146
2027,global_train,42,1234,2,CurveVelA,CurveVel-A,23467,201758,33,CurveVelA:23467
2027,global_train,42,1234,2,CurveVelA,CurveVel-A,13599,112670,34,CurveVelA:13599
2027,global_train,42,1234,2,CurveVelA,CurveVel-A,24148,22768,35,CurveVelA:24148
2027,global_train,42,1234,2,CurveVelA,CurveVel-A,4914,78927,36,CurveVelA:4914
2027,global_train,42,1234,2,CurveVelA,CurveVel-A,8307,197809,37,CurveVelA:8307
2027,global_train,42,1234,2,CurveVelA,CurveVel-A,19345,51344,38,CurveVelA:19345
2027,global_train,42,1234,2,CurveVelA,CurveVel-A,16585,206248,39,CurveVelA:16585
2027,global_train,42,1234,2,CurveVelA,CurveVel-A,17561,58482,40,CurveVelA:17561
2027,global_train,42,1234,2,CurveVelA,CurveVel-A,9207,50638,41,CurveVelA:9207
2027,global_train,42,1234,2,CurveVelA,CurveVel-A,13676,141606,42,CurveVelA:13676
2027,global_train,42,1234,2,CurveVelA,CurveVel-A,6682,7339,43,CurveVelA:6682
2027,global_train,42,1234,2,CurveVelA,CurveVel-A,5321,96021,44,CurveVelA:5321
2027,global_train,42,1234,2,CurveVelA,CurveVel-A,8883,123452,45,CurveVelA:8883
2027,global_train,42,1234,2,CurveVelA,CurveVel-A,23360,102402,46,CurveVelA:23360
2027,global_train,42,1234,2,CurveVelA,CurveVel-A,16730,55726,47,CurveVelA:16730
2027,global_train,42,1234,2,CurveVelA,CurveVel-A,29550,142987,48,CurveVelA:29550
2027,global_train,42,1234,2,CurveVelA,CurveVel-A,9804,18974,49,CurveVelA:9804
2027,global_train,42,1234,2,CurveVelA,CurveVel-A,27777,125760,50,CurveVelA:27777
2027,global_train,42,1234,2,CurveVelA,CurveVel-A,22050,121017,51,CurveVelA:22050
2027,global_train,42,1234,2,CurveVelA,CurveVel-A,20556,107582,52,CurveVelA:20556
2027,global_train,42,1234,2,CurveVelA,CurveVel-A,15229,88954,53,CurveVelA:15229
2027,global_train,42,1234,2,CurveVelA,CurveVel-A,24930,130963,54,CurveVelA:24930
2027,global_train,42,1234,2,CurveVelA,CurveVel-A,22434,57224,55,CurveVelA:22434
2027,global_train,42,1234,2,CurveVelA,CurveVel-A,23371,35405,56,CurveVelA:23371
2027,global_train,42,1234,2,CurveVelA,CurveVel-A,26269,207307,57,CurveVelA:26269
2027,global_train,42,1234,2,CurveVelA,CurveVel-A,27517,231423,58,CurveVelA:27517
2027,global_train,42,1234,2,CurveVelA,CurveVel-A,6035,14715,59,CurveVelA:6035
2027,global_train,42,1234,2,CurveVelA,CurveVel-A,9344,83900,60,CurveVelA:9344
2027,global_train,42,1234,2,CurveVelA,CurveVel-A,22873,62909,61,CurveVelA:22873
2027,global_train,42,1234,2,CurveVelA,CurveVel-A,3633,208108,62,CurveVelA:3633
2027,global_train,42,1234,2,CurveVelA,CurveVel-A,18023,139121,63,CurveVelA:18023
2027,global_train,42,1234,2,CurveVelA,CurveVel-A,22388,16887,64,CurveVelA:22388
2027,global_train,42,1234,2,CurveVelA,CurveVel-A,20951,87145,65,CurveVelA:20951
2027,global_train,42,1234,2,CurveVelA,CurveVel-A,24763,166650,66,CurveVelA:24763
2027,global_train,42,1234,2,CurveVelA,CurveVel-A,2160,206447,67,CurveVelA:2160
2027,global_train,42,1234,2,CurveVelA,CurveVel-A,5388,144590,68,CurveVelA:5388
2027,global_train,42,1234,2,CurveVelA,CurveVel-A,11241,37807,69,CurveVelA:11241
2027,global_train,42,1234,2,CurveVelA,CurveVel-A,5781,121192,70,CurveVelA:5781
2027,global_train,42,1234,2,CurveVelA,CurveVel-A,8912,55114,71,CurveVelA:8912
2027,global_train,42,1234,2,CurveVelA,CurveVel-A,20071,146757,72,CurveVelA:20071
2027,global_train,42,1234,2,CurveVelA,CurveVel-A,29368,175471,73,CurveVelA:29368
2027,global_train,42,1234,2,CurveVelA,CurveVel-A,72,217487,74,CurveVelA:72
2027,global_train,42,1234,2,CurveVelA,CurveVel-A,26930,188696,75,CurveVelA:26930
2027,global_train,42,1234,2,CurveVelA,CurveVel-A,2982,170355,76,CurveVelA:2982
2027,global_train,42,1234,2,CurveVelA,CurveVel-A,12896,212079,77,CurveVelA:12896
2027,global_train,42,1234,2,CurveVelA,CurveVel-A,29283,226126,78,CurveVelA:29283
2027,global_train,42,1234,2,CurveVelA,CurveVel-A,20943,68144,79,CurveVelA:20943
2027,global_train,42,1234,2,CurveVelA,CurveVel-A,24799,40385,80,CurveVelA:24799
2027,global_train,42,1234,2,CurveVelA,CurveVel-A,17659,90914,81,CurveVelA:17659
2027,global_train,42,1234,2,CurveVelA,CurveVel-A,27138,113867,82,CurveVelA:27138
2027,global_train,42,1234,2,CurveVelA,CurveVel-A,3771,136861,83,CurveVelA:3771
2027,global_train,42,1234,2,CurveVelA,CurveVel-A,10076,22963,84,CurveVelA:10076
2027,global_train,42,1234,2,CurveVelA,CurveVel-A,15365,62439,85,CurveVelA:15365
2027,global_train,42,1234,2,CurveVelA,CurveVel-A,22870,57317,86,CurveVelA:22870
2027,global_train,42,1234,2,CurveVelA,CurveVel-A,15168,11414,87,CurveVelA:15168
2027,global_train,42,1234,2,CurveVelA,CurveVel-A,25058,198689,88,CurveVelA:25058
2027,global_train,42,1234,2,CurveVelA,CurveVel-A,11038,45393,89,CurveVelA:11038
2027,global_train,42,1234,2,CurveVelA,CurveVel-A,5671,79038,90,CurveVelA:5671
2027,global_train,42,1234,2,CurveVelA,CurveVel-A,13005,128228,91,CurveVelA:13005
2027,global_train,42,1234,2,CurveVelA,CurveVel-A,12175,58623,92,CurveVelA:12175
2027,global_train,42,1234,2,CurveVelA,CurveVel-A,20781,193885,93,CurveVelA:20781
2027,global_train,42,1234,2,CurveVelA,CurveVel-A,17240,147126,94,CurveVelA:17240
2027,global_train,42,1234,2,CurveVelA,CurveVel-A,29662,109421,95,CurveVelA:29662
2027,global_train,42,1234,2,CurveVelA,CurveVel-A,9701,38931,96,CurveVelA:9701
2027,global_train,42,1234,2,CurveVelA,CurveVel-A,19222,202725,97,CurveVelA:19222
2027,global_train,42,1234,2,CurveVelA,CurveVel-A,27496,234791,98,CurveVelA:27496
2027,global_train,42,1234,2,CurveVelA,CurveVel-A,12973,3947,99,CurveVelA:12973
2027,global_train,42,1234,2,CurveVelA,CurveVel-A,22792,223680,100,CurveVelA:22792
2027,global_train,42,1234,2,CurveVelA,CurveVel-A,22577,5943,101,CurveVelA:22577
2027,global_train,42,1234,2,CurveVelA,CurveVel-A,24858,74124,102,CurveVelA:24858
2027,global_train,42,1234,2,CurveVelA,CurveVel-A,20680,194693,103,CurveVelA:20680
2027,global_train,42,1234,2,CurveVelA,CurveVel-A,9210,102752,104,CurveVelA:9210
2027,global_train,42,1234,2,CurveVelA,CurveVel-A,12036,84232,105,CurveVelA:12036
2027,global_train,42,1234,2,CurveVelA,CurveVel-A,14321,206517,106,CurveVelA:14321
2027,global_train,42,1234,2,CurveVelA,CurveVel-A,4690,172885,107,CurveVelA:4690
2027,global_train,42,1234,2,CurveVelA,CurveVel-A,9390,110880,108,CurveVelA:9390
2027,global_train,42,1234,2,CurveVelA,CurveVel-A,17138,85532,109,CurveVelA:17138
2027,global_train,42,1234,2,CurveVelA,CurveVel-A,24688,200465,110,CurveVelA:24688
2027,global_train,42,1234,2,CurveVelA,CurveVel-A,8477,39863,111,CurveVelA:8477
2027,global_train,42,1234,2,CurveVelA,CurveVel-A,24035,11967,112,CurveVelA:24035
2027,global_train,42,1234,2,CurveVelA,CurveVel-A,20210,15473,113,CurveVelA:20210
2027,global_train,42,1234,2,CurveVelA,CurveVel-A,17902,20350,114,CurveVelA:17902
2027,global_train,42,1234,2,CurveVelA,CurveVel-A,17672,58178,115,CurveVelA:17672
2027,global_train,42,1234,2,CurveVelA,CurveVel-A,23567,133882,116,CurveVelA:23567
2027,global_train,42,1234,2,CurveVelA,CurveVel-A,15575,183873,117,CurveVelA:15575
2027,global_train,42,1234,2,CurveVelA,CurveVel-A,17925,98793,118,CurveVelA:17925
2027,global_train,42,1234,2,CurveVelA,CurveVel-A,9750,129268,119,CurveVelA:9750
2027,global_train,42,1234,2,CurveVelA,CurveVel-A,18835,212238,120,CurveVelA:18835
2027,global_train,42,1234,2,CurveVelA,CurveVel-A,15268,183848,121,CurveVelA:15268
2027,global_train,42,1234,2,CurveVelA,CurveVel-A,28245,19781,122,CurveVelA:28245
2027,global_train,42,1234,2,CurveVelA,CurveVel-A,19968,221347,123,CurveVelA:19968
2027,global_train,42,1234,2,CurveVelA,CurveVel-A,191,144535,124,CurveVelA:191
2027,global_train,42,1234,2,CurveVelA,CurveVel-A,11748,231556,125,CurveVelA:11748
2027,global_train,42,1234,2,CurveVelA,CurveVel-A,5940,43575,126,CurveVelA:5940
2027,global_train,42,1234,2,CurveVelA,CurveVel-A,29832,41809,127,CurveVelA:29832
2027,global_train,42,1234,2,CurveVelA,CurveVel-A,27193,25059,128,CurveVelA:27193
2027,global_train,42,1234,2,CurveVelA,CurveVel-A,21487,36357,129,CurveVelA:21487
2027,global_train,42,1234,2,CurveVelA,CurveVel-A,779,195325,130,CurveVelA:779
2027,global_train,42,1234,2,CurveVelA,CurveVel-A,7955,41530,131,CurveVelA:7955
2027,global_train,42,1234,2,CurveVelA,CurveVel-A,3766,226541,132,CurveVelA:3766
2027,global_train,42,1234,2,CurveVelA,CurveVel-A,8077,22949,133,CurveVelA:8077
2027,global_train,42,1234,2,CurveVelA,CurveVel-A,29460,142571,134,CurveVelA:29460
2027,global_train,42,1234,2,CurveVelA,CurveVel-A,5500,101598,135,CurveVelA:5500
2027,global_train,42,1234,2,CurveVelA,CurveVel-A,5537,183731,136,CurveVelA:5537
2027,global_train,42,1234,2,CurveVelA,CurveVel-A,13950,124256,137,CurveVelA:13950
2027,global_train,42,1234,2,CurveVelA,CurveVel-A,11517,67671,138,CurveVelA:11517
2027,global_train,42,1234,2,CurveVelA,CurveVel-A,10446,48666,139,CurveVelA:10446
2027,global_train,42,1234,2,CurveVelA,CurveVel-A,15530,124963,140,CurveVelA:15530
2027,global_train,42,1234,2,CurveVelA,CurveVel-A,6159,140057,141,CurveVelA:6159
2027,global_train,42,1234,2,CurveVelA,CurveVel-A,14649,70812,142,CurveVelA:14649
2027,global_train,42,1234,2,CurveVelA,CurveVel-A,7709,129117,143,CurveVelA:7709
2027,global_train,42,1234,2,CurveVelA,CurveVel-A,11534,204741,144,CurveVelA:11534
2027,global_train,42,1234,2,CurveVelA,CurveVel-A,18079,142096,145,CurveVelA:18079
2027,global_train,42,1234,2,CurveVelA,CurveVel-A,17150,62906,146,CurveVelA:17150
2027,global_train,42,1234,2,CurveVelA,CurveVel-A,9623,83081,147,CurveVelA:9623
2027,global_train,42,1234,2,CurveVelA,CurveVel-A,5653,174321,148,CurveVelA:5653
2027,global_train,42,1234,2,CurveVelA,CurveVel-A,2156,214368,149,CurveVelA:2156
2027,global_train,42,1234,2,CurveVelA,CurveVel-A,24878,83807,150,CurveVelA:24878
2027,global_train,42,1234,2,CurveVelA,CurveVel-A,29890,128310,151,CurveVelA:29890
2027,global_train,42,1234,2,CurveVelA,CurveVel-A,21107,76010,152,CurveVelA:21107
2027,global_train,42,1234,2,CurveVelA,CurveVel-A,17003,149864,153,CurveVelA:17003
2027,global_train,42,1234,2,CurveVelA,CurveVel-A,335,136300,154,CurveVelA:335
2027,global_train,42,1234,2,CurveVelA,CurveVel-A,24518,181266,155,CurveVelA:24518
2027,global_train,42,1234,2,CurveVelA,CurveVel-A,25508,20626,156,CurveVelA:25508
2027,global_train,42,1234,2,CurveVelA,CurveVel-A,5029,152361,157,CurveVelA:5029
2027,global_train,42,1234,2,CurveVelA,CurveVel-A,25241,39752,158,CurveVelA:25241
2027,global_train,42,1234,2,CurveVelA,CurveVel-A,15762,2292,159,CurveVelA:15762
2027,global_train,42,1234,2,CurveVelA,CurveVel-A,9842,187588,160,CurveVelA:9842
2027,global_train,42,1234,2,CurveVelA,CurveVel-A,27646,79024,161,CurveVelA:27646
2027,global_train,42,1234,2,CurveVelA,CurveVel-A,27302,134068,162,CurveVelA:27302
2027,global_train,42,1234,2,CurveVelA,CurveVel-A,12264,11518,163,CurveVelA:12264
2027,global_train,42,1234,2,CurveVelA,CurveVel-A,24976,72599,164,CurveVelA:24976
2027,global_train,42,1234,2,CurveVelA,CurveVel-A,16990,195213,165,CurveVelA:16990
2027,global_train,42,1234,2,CurveVelA,CurveVel-A,9979,12444,166,CurveVelA:9979
2027,global_train,42,1234,2,CurveVelA,CurveVel-A,25346,66883,167,CurveVelA:25346
2027,global_train,42,1234,2,CurveVelA,CurveVel-A,14088,139159,168,CurveVelA:14088
2027,global_train,42,1234,2,CurveVelA,CurveVel-A,5882,129951,169,CurveVelA:5882
2027,global_train,42,1234,2,CurveVelA,CurveVel-A,25342,205689,170,CurveVelA:25342
2027,global_train,42,1234,2,CurveVelA,CurveVel-A,9217,1714,171,CurveVelA:9217
2027,global_train,42,1234,2,CurveVelA,CurveVel-A,22018,69867,172,CurveVelA:22018
2027,global_train,42,1234,2,CurveVelA,CurveVel-A,1057,82158,173,CurveVelA:1057
2027,global_train,42,1234,2,CurveVelA,CurveVel-A,17957,229004,174,CurveVelA:17957
2027,global_train,42,1234,2,CurveVelA,CurveVel-A,5585,110477,175,CurveVelA:5585
2027,global_train,42,1234,2,CurveVelA,CurveVel-A,23922,177315,176,CurveVelA:23922
2027,global_train,42,1234,2,CurveVelA,CurveVel-A,27690,162646,177,CurveVelA:27690
2027,global_train,42,1234,2,CurveVelA,CurveVel-A,10588,222291,178,CurveVelA:10588
2027,global_train,42,1234,2,CurveVelA,CurveVel-A,7963,233930,179,CurveVelA:7963
2027,global_train,42,1234,2,CurveVelA,CurveVel-A,22240,202310,180,CurveVelA:22240
2027,global_train,42,1234,2,CurveVelA,CurveVel-A,15937,95002,181,CurveVelA:15937
2027,global_train,42,1234,2,CurveVelA,CurveVel-A,10666,142204,182,CurveVelA:10666
2027,global_train,42,1234,2,CurveVelA,CurveVel-A,6294,134042,183,CurveVelA:6294
2027,global_train,42,1234,2,CurveVelA,CurveVel-A,18692,201908,184,CurveVelA:18692
2027,global_train,42,1234,2,CurveVelA,CurveVel-A,22068,40254,185,CurveVelA:22068
2027,global_train,42,1234,2,CurveVelA,CurveVel-A,10214,151099,186,CurveVelA:10214
2027,global_train,42,1234,2,CurveVelA,CurveVel-A,5214,190203,187,CurveVelA:5214
2027,global_train,42,1234,2,CurveVelA,CurveVel-A,21433,131426,188,CurveVelA:21433
2027,global_train,42,1234,2,CurveVelA,CurveVel-A,25306,199492,189,CurveVelA:25306
2027,global_train,42,1234,2,CurveVelA,CurveVel-A,12339,57050,190,CurveVelA:12339
2027,global_train,42,1234,2,CurveVelA,CurveVel-A,27571,101300,191,CurveVelA:27571
2027,global_train,42,1234,2,CurveVelA,CurveVel-A,16537,87669,192,CurveVelA:16537
2027,global_train,42,1234,2,CurveVelA,CurveVel-A,629,21057,193,CurveVelA:629
2027,global_train,42,1234,2,CurveVelA,CurveVel-A,5135,131662,194,CurveVelA:5135
2027,global_train,42,1234,2,CurveVelA,CurveVel-A,854,108836,195,CurveVelA:854
2027,global_train,42,1234,2,CurveVelA,CurveVel-A,7177,84935,196,CurveVelA:7177
2027,global_train,42,1234,2,CurveVelA,CurveVel-A,4383,138949,197,CurveVelA:4383
2027,global_train,42,1234,2,CurveVelA,CurveVel-A,15716,145100,198,CurveVelA:15716
2027,global_train,42,1234,2,CurveVelA,CurveVel-A,14812,191664,199,CurveVelA:14812
2027,global_train,42,1234,2,CurveVelA,CurveVel-A,22455,21525,200,CurveVelA:22455
2027,global_train,42,1234,2,CurveVelA,CurveVel-A,19338,182817,201,CurveVelA:19338
2027,global_train,42,1234,2,CurveVelA,CurveVel-A,532,230020,202,CurveVelA:532
2027,global_train,42,1234,2,CurveVelA,CurveVel-A,8029,76606,203,CurveVelA:8029
2027,global_train,42,1234,2,CurveVelA,CurveVel-A,24248,222721,204,CurveVelA:24248
2027,global_train,42,1234,2,CurveVelA,CurveVel-A,29912,35744,205,CurveVelA:29912
2027,global_train,42,1234,2,CurveVelA,CurveVel-A,28543,208639,206,CurveVelA:28543
2027,global_train,42,1234,2,CurveVelA,CurveVel-A,21678,211639,207,CurveVelA:21678
2027,global_train,42,1234,2,CurveVelA,CurveVel-A,14642,209482,208,CurveVelA:14642
2027,global_train,42,1234,2,CurveVelA,CurveVel-A,17073,188096,209,CurveVelA:17073
2027,global_train,42,1234,2,CurveVelA,CurveVel-A,18276,206868,210,CurveVelA:18276
2027,global_train,42,1234,2,CurveVelA,CurveVel-A,6785,73328,211,CurveVelA:6785
2027,global_train,42,1234,2,CurveVelA,CurveVel-A,26837,123083,212,CurveVelA:26837
2027,global_train,42,1234,2,CurveVelA,CurveVel-A,2361,129965,213,CurveVelA:2361
2027,global_train,42,1234,2,CurveVelA,CurveVel-A,17292,4171,214,CurveVelA:17292
2027,global_train,42,1234,2,CurveVelA,CurveVel-A,1928,233260,215,CurveVelA:1928
2027,global_train,42,1234,2,CurveVelA,CurveVel-A,11367,116084,216,CurveVelA:11367
2027,global_train,42,1234,2,CurveVelA,CurveVel-A,24556,31969,217,CurveVelA:24556
2027,global_train,42,1234,2,CurveVelA,CurveVel-A,22893,86343,218,CurveVelA:22893
2027,global_train,42,1234,2,CurveVelA,CurveVel-A,5144,24750,219,CurveVelA:5144
2027,global_train,42,1234,2,CurveVelA,CurveVel-A,9267,13570,220,CurveVelA:9267
2027,global_train,42,1234,2,CurveVelA,CurveVel-A,10711,65392,221,CurveVelA:10711
2027,global_train,42,1234,2,CurveVelA,CurveVel-A,28575,58462,222,CurveVelA:28575
2027,global_train,42,1234,2,CurveVelA,CurveVel-A,25463,51579,223,CurveVelA:25463
2027,global_train,42,1234,2,CurveVelA,CurveVel-A,20206,227265,224,CurveVelA:20206
2027,global_train,42,1234,2,CurveVelA,CurveVel-A,5733,147825,225,CurveVelA:5733
2027,global_train,42,1234,2,CurveVelA,CurveVel-A,23525,161483,226,CurveVelA:23525
2027,global_train,42,1234,2,CurveVelA,CurveVel-A,12016,214490,227,CurveVelA:12016
2027,global_train,42,1234,2,CurveVelA,CurveVel-A,27956,18984,228,CurveVelA:27956
2027,global_train,42,1234,2,CurveVelA,CurveVel-A,11316,197148,229,CurveVelA:11316
2027,global_train,42,1234,2,CurveVelA,CurveVel-A,6378,7947,230,CurveVelA:6378
2027,global_train,42,1234,2,CurveVelA,CurveVel-A,9000,65411,231,CurveVelA:9000
2027,global_train,42,1234,2,CurveVelA,CurveVel-A,18960,228972,232,CurveVelA:18960
2027,global_train,42,1234,2,CurveVelA,CurveVel-A,14628,233002,233,CurveVelA:14628
2027,global_train,42,1234,2,CurveVelA,CurveVel-A,24673,180198,234,CurveVelA:24673
2027,global_train,42,1234,2,CurveVelA,CurveVel-A,23194,145058,235,CurveVelA:23194
2027,global_train,42,1234,2,CurveVelA,CurveVel-A,25181,27265,236,CurveVelA:25181
2027,global_train,42,1234,2,CurveVelA,CurveVel-A,26383,221554,237,CurveVelA:26383
2027,global_train,42,1234,2,CurveVelA,CurveVel-A,28895,210853,238,CurveVelA:28895
2027,global_train,42,1234,2,CurveVelA,CurveVel-A,29850,193716,239,CurveVelA:29850
2027,global_train,42,1234,2,CurveVelA,CurveVel-A,24841,82082,240,CurveVelA:24841
2027,global_train,42,1234,2,CurveVelA,CurveVel-A,1356,221823,241,CurveVelA:1356
2027,global_train,42,1234,2,CurveVelA,CurveVel-A,10378,27070,242,CurveVelA:10378
2027,global_train,42,1234,2,CurveVelA,CurveVel-A,29569,226514,243,CurveVelA:29569
2027,global_train,42,1234,2,CurveVelA,CurveVel-A,15554,197204,244,CurveVelA:15554
2027,global_train,42,1234,2,CurveVelA,CurveVel-A,26592,137034,245,CurveVelA:26592
2027,global_train,42,1234,2,CurveVelA,CurveVel-A,25654,200445,246,CurveVelA:25654
2027,global_train,42,1234,2,CurveVelA,CurveVel-A,13694,230113,247,CurveVelA:13694
2027,global_train,42,1234,2,CurveVelA,CurveVel-A,18502,11668,248,CurveVelA:18502
2027,global_train,42,1234,2,CurveVelA,CurveVel-A,5146,22166,249,CurveVelA:5146
2027,global_train,42,1234,2,CurveVelA,CurveVel-A,247,44283,250,CurveVelA:247
2027,global_train,42,1234,2,CurveVelA,CurveVel-A,5865,10490,251,CurveVelA:5865
2027,global_train,42,1234,2,CurveVelA,CurveVel-A,2782,175317,252,CurveVelA:2782
2027,global_train,42,1234,2,CurveVelA,CurveVel-A,12934,198116,253,CurveVelA:12934
2027,global_train,42,1234,2,CurveVelA,CurveVel-A,123,9073,254,CurveVelA:123
2027,global_train,42,1234,2,CurveVelA,CurveVel-A,29568,23681,255,CurveVelA:29568
2027,global_train,42,1234,2,CurveVelA,CurveVel-A,25674,226480,256,CurveVelA:25674
2027,global_train,42,1234,2,CurveVelA,CurveVel-A,11664,175095,257,CurveVelA:11664
2027,global_train,42,1234,2,CurveVelA,CurveVel-A,12348,10695,258,CurveVelA:12348
2027,global_train,42,1234,2,CurveVelA,CurveVel-A,27797,156284,259,CurveVelA:27797
2027,global_train,42,1234,2,CurveVelA,CurveVel-A,10462,191324,260,CurveVelA:10462
2027,global_train,42,1234,2,CurveVelA,CurveVel-A,4709,124863,261,CurveVelA:4709
2027,global_train,42,1234,2,CurveVelA,CurveVel-A,5520,233162,262,CurveVelA:5520
2027,global_train,42,1234,2,CurveVelA,CurveVel-A,17715,33955,263,CurveVelA:17715
2027,global_train,42,1234,2,CurveVelA,CurveVel-A,24505,161718,264,CurveVelA:24505
2027,global_train,42,1234,2,CurveVelA,CurveVel-A,21899,104284,265,CurveVelA:21899
2027,global_train,42,1234,2,CurveVelA,CurveVel-A,29486,46034,266,CurveVelA:29486
2027,global_train,42,1234,2,CurveVelA,CurveVel-A,2911,232675,267,CurveVelA:2911
2027,global_train,42,1234,2,CurveVelA,CurveVel-A,7897,31389,268,CurveVelA:7897
2027,global_train,42,1234,2,CurveVelA,CurveVel-A,3384,161410,269,CurveVelA:3384
2027,global_train,42,1234,2,CurveVelA,CurveVel-A,27944,115874,270,CurveVelA:27944
2027,global_train,42,1234,2,CurveVelA,CurveVel-A,23463,220148,271,CurveVelA:23463
2027,global_train,42,1234,2,CurveVelA,CurveVel-A,13612,110991,272,CurveVelA:13612
2027,global_train,42,1234,2,CurveVelA,CurveVel-A,6185,142552,273,CurveVelA:6185
2027,global_train,42,1234,2,CurveVelA,CurveVel-A,11291,141807,274,CurveVelA:11291
2027,global_train,42,1234,2,CurveVelA,CurveVel-A,4757,162744,275,CurveVelA:4757
2027,global_train,42,1234,2,CurveVelA,CurveVel-A,11895,91869,276,CurveVelA:11895
2027,global_train,42,1234,2,CurveVelA,CurveVel-A,21552,51762,277,CurveVelA:21552
2027,global_train,42,1234,2,CurveVelA,CurveVel-A,25319,185559,278,CurveVelA:25319
2027,global_train,42,1234,2,CurveVelA,CurveVel-A,29996,180341,279,CurveVelA:29996
2027,global_train,42,1234,2,CurveVelA,CurveVel-A,9681,52894,280,CurveVelA:9681
2027,global_train,42,1234,2,CurveVelA,CurveVel-A,22517,133782,281,CurveVelA:22517
2027,global_train,42,1234,2,CurveVelA,CurveVel-A,16379,206744,282,CurveVelA:16379
2027,global_train,42,1234,2,CurveVelA,CurveVel-A,15035,72164,283,CurveVelA:15035
2027,global_train,42,1234,2,CurveVelA,CurveVel-A,15774,141595,284,CurveVelA:15774
2027,global_train,42,1234,2,CurveVelA,CurveVel-A,24708,218130,285,CurveVelA:24708
2027,global_train,42,1234,2,CurveVelA,CurveVel-A,135,91294,286,CurveVelA:135
2027,global_train,42,1234,2,CurveVelA,CurveVel-A,10179,172487,287,CurveVelA:10179
2027,global_train,42,1234,2,CurveVelA,CurveVel-A,12232,72475,288,CurveVelA:12232
2027,global_train,42,1234,2,CurveVelA,CurveVel-A,7439,128875,289,CurveVelA:7439
2027,global_train,42,1234,2,CurveVelA,CurveVel-A,28341,165639,290,CurveVelA:28341
2027,global_train,42,1234,2,CurveVelA,CurveVel-A,5956,148169,291,CurveVelA:5956
2027,global_train,42,1234,2,CurveVelA,CurveVel-A,11467,95946,292,CurveVelA:11467
2027,global_train,42,1234,2,CurveVelA,CurveVel-A,3263,128709,293,CurveVelA:3263
2027,global_train,42,1234,2,CurveVelA,CurveVel-A,18925,127170,294,CurveVelA:18925
2027,global_train,42,1234,2,CurveVelA,CurveVel-A,20067,49936,295,CurveVelA:20067
2027,global_train,42,1234,2,CurveVelA,CurveVel-A,21934,64830,296,CurveVelA:21934
2027,global_train,42,1234,2,CurveVelA,CurveVel-A,7537,52842,297,CurveVelA:7537
2027,global_train,42,1234,2,CurveVelA,CurveVel-A,21342,61679,298,CurveVelA:21342
2027,global_train,42,1234,2,CurveVelA,CurveVel-A,27199,224387,299,CurveVelA:27199
2027,global_train,42,1234,2,CurveVelA,CurveVel-A,23800,193025,300,CurveVelA:23800
2027,global_train,42,1234,2,CurveVelA,CurveVel-A,14402,100998,301,CurveVelA:14402
2027,global_train,42,1234,2,CurveVelA,CurveVel-A,9208,193104,302,CurveVelA:9208
2027,global_train,42,1234,2,CurveVelA,CurveVel-A,6382,204803,303,CurveVelA:6382
2027,global_train,42,1234,2,CurveVelA,CurveVel-A,10508,111789,304,CurveVelA:10508
2027,global_train,42,1234,2,CurveVelA,CurveVel-A,15646,61764,305,CurveVelA:15646
2027,global_train,42,1234,2,CurveVelA,CurveVel-A,8022,15563,306,CurveVelA:8022
2027,global_train,42,1234,2,CurveVelA,CurveVel-A,108,17844,307,CurveVelA:108
2027,global_train,42,1234,2,CurveVelA,CurveVel-A,28453,20908,308,CurveVelA:28453
2027,global_train,42,1234,2,CurveVelA,CurveVel-A,26817,85145,309,CurveVelA:26817
2027,global_train,42,1234,2,CurveVelA,CurveVel-A,12755,156049,310,CurveVelA:12755
2027,global_train,42,1234,2,CurveVelA,CurveVel-A,25473,110844,311,CurveVelA:25473
2027,global_train,42,1234,2,CurveVelA,CurveVel-A,3543,209997,312,CurveVelA:3543
2027,global_train,42,1234,2,CurveVelA,CurveVel-A,25337,34766,313,CurveVelA:25337
2027,global_train,42,1234,2,CurveVelA,CurveVel-A,414,167330,314,CurveVelA:414
2027,global_train,42,1234,2,CurveVelA,CurveVel-A,29458,68967,315,CurveVelA:29458
2027,global_train,42,1234,2,CurveVelA,CurveVel-A,6338,197853,316,CurveVelA:6338
2027,global_train,42,1234,2,CurveVelA,CurveVel-A,4032,225937,317,CurveVelA:4032
2027,global_train,42,1234,2,CurveVelA,CurveVel-A,22417,82660,318,CurveVelA:22417
2027,global_train,42,1234,2,CurveVelA,CurveVel-A,8411,51741,319,CurveVelA:8411
2027,global_train,42,1234,2,CurveVelA,CurveVel-A,11043,72264,320,CurveVelA:11043
2027,global_train,42,1234,2,CurveVelA,CurveVel-A,14503,2149,321,CurveVelA:14503
2027,global_train,42,1234,2,CurveVelA,CurveVel-A,8842,65577,322,CurveVelA:8842
2027,global_train,42,1234,2,CurveVelA,CurveVel-A,4518,175811,323,CurveVelA:4518
2027,global_train,42,1234,2,CurveVelA,CurveVel-A,18049,150217,324,CurveVelA:18049
2027,global_train,42,1234,2,CurveVelA,CurveVel-A,12145,202765,325,CurveVelA:12145
2027,global_train,42,1234,2,CurveVelA,CurveVel-A,11537,230034,326,CurveVelA:11537
2027,global_train,42,1234,2,CurveVelA,CurveVel-A,3362,79175,327,CurveVelA:3362
2027,global_train,42,1234,2,CurveVelA,CurveVel-A,26126,10647,328,CurveVelA:26126
2027,global_train,42,1234,2,CurveVelA,CurveVel-A,22660,100028,329,CurveVelA:22660
2027,global_train,42,1234,2,CurveVelA,CurveVel-A,12157,88335,330,CurveVelA:12157
2027,global_train,42,1234,2,CurveVelA,CurveVel-A,4705,214610,331,CurveVelA:4705
2027,global_train,42,1234,2,CurveVelA,CurveVel-A,29393,54725,332,CurveVelA:29393
2027,global_train,42,1234,2,CurveVelA,CurveVel-A,16014,132941,333,CurveVelA:16014
2027,global_train,42,1234,2,CurveVelA,CurveVel-A,10467,112906,334,CurveVelA:10467
2027,global_train,42,1234,2,CurveVelA,CurveVel-A,4405,7840,335,CurveVelA:4405
2027,global_train,42,1234,2,CurveVelA,CurveVel-A,1698,38308,336,CurveVelA:1698
2027,global_train,42,1234,2,CurveVelA,CurveVel-A,28977,110279,337,CurveVelA:28977
2027,global_train,42,1234,2,CurveVelA,CurveVel-A,14947,12511,338,CurveVelA:14947
2027,global_train,42,1234,2,CurveVelA,CurveVel-A,1206,48982,339,CurveVelA:1206
2027,global_train,42,1234,2,CurveVelA,CurveVel-A,11056,46508,340,CurveVelA:11056
2027,global_train,42,1234,2,CurveVelA,CurveVel-A,1660,139470,341,CurveVelA:1660
2027,global_train,42,1234,2,CurveVelA,CurveVel-A,11777,216882,342,CurveVelA:11777
2027,global_train,42,1234,2,CurveVelA,CurveVel-A,23473,223700,343,CurveVelA:23473
2027,global_train,42,1234,2,CurveVelA,CurveVel-A,7832,149149,344,CurveVelA:7832
2027,global_train,42,1234,2,CurveVelA,CurveVel-A,23968,42009,345,CurveVelA:23968
2027,global_train,42,1234,2,CurveVelA,CurveVel-A,10522,20713,346,CurveVelA:10522
2027,global_train,42,1234,2,CurveVelA,CurveVel-A,12176,167674,347,CurveVelA:12176
2027,global_train,42,1234,2,CurveVelA,CurveVel-A,27305,230518,348,CurveVelA:27305
2027,global_train,42,1234,2,CurveVelA,CurveVel-A,657,202014,349,CurveVelA:657
2027,global_train,42,1234,2,CurveVelA,CurveVel-A,29401,103094,350,CurveVelA:29401
2027,global_train,42,1234,2,CurveVelA,CurveVel-A,2039,129747,351,CurveVelA:2039
2027,global_train,42,1234,2,CurveVelA,CurveVel-A,14281,158445,352,CurveVelA:14281
2027,global_train,42,1234,2,CurveVelA,CurveVel-A,13863,81438,353,CurveVelA:13863
2027,global_train,42,1234,2,CurveVelA,CurveVel-A,9845,176742,354,CurveVelA:9845
2027,global_train,42,1234,2,CurveVelA,CurveVel-A,17572,62791,355,CurveVelA:17572
2027,global_train,42,1234,2,CurveVelA,CurveVel-A,15460,1980,356,CurveVelA:15460
2027,global_train,42,1234,2,CurveVelA,CurveVel-A,5231,224285,357,CurveVelA:5231
2027,global_train,42,1234,2,CurveVelA,CurveVel-A,25290,96159,358,CurveVelA:25290
2027,global_train,42,1234,2,CurveVelA,CurveVel-A,5745,93635,359,CurveVelA:5745
2027,global_train,42,1234,2,CurveVelA,CurveVel-A,25544,35545,360,CurveVelA:25544
2027,global_train,42,1234,2,CurveVelA,CurveVel-A,489,220338,361,CurveVelA:489
2027,global_train,42,1234,2,CurveVelA,CurveVel-A,23381,224338,362,CurveVelA:23381
2027,global_train,42,1234,2,CurveVelA,CurveVel-A,6422,226856,363,CurveVelA:6422
2027,global_train,42,1234,2,CurveVelA,CurveVel-A,759,116600,364,CurveVelA:759
2027,global_train,42,1234,2,CurveVelA,CurveVel-A,16658,182242,365,CurveVelA:16658
2027,global_train,42,1234,2,CurveVelA,CurveVel-A,9679,58050,366,CurveVelA:9679
2027,global_train,42,1234,2,CurveVelA,CurveVel-A,20188,191999,367,CurveVelA:20188
2027,global_train,42,1234,2,CurveVelA,CurveVel-A,12512,130281,368,CurveVelA:12512
2027,global_train,42,1234,2,CurveVelA,CurveVel-A,20728,64016,369,CurveVelA:20728
2027,global_train,42,1234,2,CurveVelA,CurveVel-A,21419,139476,370,CurveVelA:21419
2027,global_train,42,1234,2,CurveVelA,CurveVel-A,8324,66225,371,CurveVelA:8324
2027,global_train,42,1234,2,CurveVelA,CurveVel-A,24713,193730,372,CurveVelA:24713
2027,global_train,42,1234,2,CurveVelA,CurveVel-A,20193,125786,373,CurveVelA:20193
2027,global_train,42,1234,2,CurveVelA,CurveVel-A,25766,159918,374,CurveVelA:25766
2027,global_train,42,1234,2,CurveVelA,CurveVel-A,12718,203726,375,CurveVelA:12718
2027,global_train,42,1234,2,CurveVelA,CurveVel-A,13080,51696,376,CurveVelA:13080
2027,global_train,42,1234,2,CurveVelA,CurveVel-A,8038,17203,377,CurveVelA:8038
2027,global_train,42,1234,2,CurveVelA,CurveVel-A,22459,83149,378,CurveVelA:22459
2027,global_train,42,1234,2,CurveVelA,CurveVel-A,17108,173119,379,CurveVelA:17108
2027,global_train,42,1234,2,CurveVelA,CurveVel-A,1738,28673,380,CurveVelA:1738
2027,global_train,42,1234,2,CurveVelA,CurveVel-A,9940,123812,381,CurveVelA:9940
2027,global_train,42,1234,2,CurveVelA,CurveVel-A,22659,91573,382,CurveVelA:22659
2027,global_train,42,1234,2,CurveVelA,CurveVel-A,2563,201433,383,CurveVelA:2563
2027,global_train,42,1234,2,CurveVelA,CurveVel-A,5129,111996,384,CurveVelA:5129
2027,global_train,42,1234,2,CurveVelA,CurveVel-A,21614,105716,385,CurveVelA:21614
2027,global_train,42,1234,2,CurveVelA,CurveVel-A,17441,198593,386,CurveVelA:17441
2027,global_train,42,1234,2,CurveVelA,CurveVel-A,24881,179227,387,CurveVelA:24881
2027,global_train,42,1234,2,CurveVelA,CurveVel-A,28101,166564,388,CurveVelA:28101
2027,global_train,42,1234,2,CurveVelA,CurveVel-A,8853,219284,389,CurveVelA:8853
2027,global_train,42,1234,2,CurveVelA,CurveVel-A,11775,169331,390,CurveVelA:11775
2027,global_train,42,1234,2,CurveVelA,CurveVel-A,837,78224,391,CurveVelA:837
2027,global_train,42,1234,2,CurveVelA,CurveVel-A,14233,187694,392,CurveVelA:14233
2027,global_train,42,1234,2,CurveVelA,CurveVel-A,13386,233049,393,CurveVelA:13386
2027,global_train,42,1234,2,CurveVelA,CurveVel-A,22286,153952,394,CurveVelA:22286
2027,global_train,42,1234,2,CurveVelA,CurveVel-A,13649,220916,395,CurveVelA:13649
2027,global_train,42,1234,2,CurveVelA,CurveVel-A,18182,135997,396,CurveVelA:18182
2027,global_train,42,1234,2,CurveVelA,CurveVel-A,8206,155913,397,CurveVelA:8206
2027,global_train,42,1234,2,CurveVelA,CurveVel-A,25046,121675,398,CurveVelA:25046
2027,global_train,42,1234,2,CurveVelA,CurveVel-A,14626,57715,399,CurveVelA:14626
2027,global_train,42,1234,2,CurveVelA,CurveVel-A,23277,56377,400,CurveVelA:23277
2027,global_train,42,1234,2,CurveVelA,CurveVel-A,25399,90454,401,CurveVelA:25399
2027,global_train,42,1234,2,CurveVelA,CurveVel-A,10089,225455,402,CurveVelA:10089
2027,global_train,42,1234,2,CurveVelA,CurveVel-A,12871,30469,403,CurveVelA:12871
2027,global_train,42,1234,2,CurveVelA,CurveVel-A,6698,205125,404,CurveVelA:6698
2027,global_train,42,1234,2,CurveVelA,CurveVel-A,22580,69300,405,CurveVelA:22580
2027,global_train,42,1234,2,CurveVelA,CurveVel-A,1979,48365,406,CurveVelA:1979
2027,global_train,42,1234,2,CurveVelA,CurveVel-A,16264,92200,407,CurveVelA:16264
2027,global_train,42,1234,2,CurveVelA,CurveVel-A,6388,50020,408,CurveVelA:6388
2027,global_train,42,1234,2,CurveVelA,CurveVel-A,17601,120028,409,CurveVelA:17601
2027,global_train,42,1234,2,CurveVelA,CurveVel-A,28638,173925,410,CurveVelA:28638
2027,global_train,42,1234,2,CurveVelA,CurveVel-A,2903,122897,411,CurveVelA:2903
2027,global_train,42,1234,2,CurveVelA,CurveVel-A,8645,193546,412,CurveVelA:8645
2027,global_train,42,1234,2,CurveVelA,CurveVel-A,11329,69124,413,CurveVelA:11329
2027,global_train,42,1234,2,CurveVelA,CurveVel-A,1458,194214,414,CurveVelA:1458
2027,global_train,42,1234,2,CurveVelA,CurveVel-A,21542,126839,415,CurveVelA:21542
2027,global_train,42,1234,2,CurveVelA,CurveVel-A,5957,62608,416,CurveVelA:5957
2027,global_train,42,1234,2,CurveVelA,CurveVel-A,27145,97888,417,CurveVelA:27145
2027,global_train,42,1234,2,CurveVelA,CurveVel-A,16155,13248,418,CurveVelA:16155
2027,global_train,42,1234,2,CurveVelA,CurveVel-A,12254,96072,419,CurveVelA:12254
2027,global_train,42,1234,2,CurveVelA,CurveVel-A,11713,30073,420,CurveVelA:11713
2027,global_train,42,1234,2,CurveVelA,CurveVel-A,44,185732,421,CurveVelA:44
2027,global_train,42,1234,2,CurveVelA,CurveVel-A,27664,231606,422,CurveVelA:27664
2027,global_train,42,1234,2,CurveVelA,CurveVel-A,17282,177798,423,CurveVelA:17282
2027,global_train,42,1234,2,CurveVelA,CurveVel-A,21015,229206,424,CurveVelA:21015
2027,global_train,42,1234,2,CurveVelA,CurveVel-A,940,204167,425,CurveVelA:940
2027,global_train,42,1234,2,CurveVelA,CurveVel-A,5763,225836,426,CurveVelA:5763
2027,global_train,42,1234,2,CurveVelA,CurveVel-A,8562,101601,427,CurveVelA:8562
2027,global_train,42,1234,2,CurveVelA,CurveVel-A,13106,227427,428,CurveVelA:13106
2027,global_train,42,1234,2,CurveVelA,CurveVel-A,15952,127419,429,CurveVelA:15952
2027,global_train,42,1234,2,CurveVelA,CurveVel-A,23025,202075,430,CurveVelA:23025
2027,global_train,42,1234,2,CurveVelA,CurveVel-A,10357,153896,431,CurveVelA:10357
2027,global_train,42,1234,2,CurveVelA,CurveVel-A,29437,118752,432,CurveVelA:29437
2027,global_train,42,1234,2,CurveVelA,CurveVel-A,9469,173061,433,CurveVelA:9469
2027,global_train,42,1234,2,CurveVelA,CurveVel-A,16362,13198,434,CurveVelA:16362
2027,global_train,42,1234,2,CurveVelA,CurveVel-A,27446,213657,435,CurveVelA:27446
2027,global_train,42,1234,2,CurveVelA,CurveVel-A,9947,186160,436,CurveVelA:9947
2027,global_train,42,1234,2,CurveVelA,CurveVel-A,13359,76838,437,CurveVelA:13359
2027,global_train,42,1234,2,CurveVelA,CurveVel-A,3255,143775,438,CurveVelA:3255
2027,global_train,42,1234,2,CurveVelA,CurveVel-A,5700,19858,439,CurveVelA:5700
2027,global_train,42,1234,2,CurveVelA,CurveVel-A,22969,217055,440,CurveVelA:22969
2027,global_train,42,1234,2,CurveVelA,CurveVel-A,11755,81186,441,CurveVelA:11755
2027,global_train,42,1234,2,CurveVelA,CurveVel-A,13411,119407,442,CurveVelA:13411
2027,global_train,42,1234,2,CurveVelA,CurveVel-A,5912,1567,443,CurveVelA:5912
2027,global_train,42,1234,2,CurveVelA,CurveVel-A,14335,11377,444,CurveVelA:14335
2027,global_train,42,1234,2,CurveVelA,CurveVel-A,10202,41982,445,CurveVelA:10202
2027,global_train,42,1234,2,CurveVelA,CurveVel-A,7320,138675,446,CurveVelA:7320
2027,global_train,42,1234,2,CurveVelA,CurveVel-A,2432,110943,447,CurveVelA:2432
2027,global_train,42,1234,2,CurveVelA,CurveVel-A,21734,148592,448,CurveVelA:21734
2027,global_train,42,1234,2,CurveVelA,CurveVel-A,29360,201109,449,CurveVelA:29360
2027,global_train,42,1234,2,CurveVelA,CurveVel-A,23465,154782,450,CurveVelA:23465
2027,global_train,42,1234,2,CurveVelA,CurveVel-A,14323,60082,451,CurveVelA:14323
2027,global_train,42,1234,2,CurveVelA,CurveVel-A,29544,11101,452,CurveVelA:29544
2027,global_train,42,1234,2,CurveVelA,CurveVel-A,11985,147287,453,CurveVelA:11985
2027,global_train,42,1234,2,CurveVelA,CurveVel-A,5261,54016,454,CurveVelA:5261
2027,global_train,42,1234,2,CurveVelA,CurveVel-A,10505,68166,455,CurveVelA:10505
2027,global_train,42,1234,2,CurveVelA,CurveVel-A,4079,68554,456,CurveVelA:4079
2027,global_train,42,1234,2,CurveVelA,CurveVel-A,11015,50964,457,CurveVelA:11015
2027,global_train,42,1234,2,CurveVelA,CurveVel-A,17839,91752,458,CurveVelA:17839
2027,global_train,42,1234,2,CurveVelA,CurveVel-A,9841,41538,459,CurveVelA:9841
2027,global_train,42,1234,2,CurveVelA,CurveVel-A,28489,76233,460,CurveVelA:28489
2027,global_train,42,1234,2,CurveVelA,CurveVel-A,18517,90297,461,CurveVelA:18517
2027,global_train,42,1234,2,CurveVelA,CurveVel-A,7081,40127,462,CurveVelA:7081
2027,global_train,42,1234,2,CurveVelA,CurveVel-A,16042,198989,463,CurveVelA:16042
2027,global_train,42,1234,2,CurveVelA,CurveVel-A,28861,223106,464,CurveVelA:28861
2027,global_train,42,1234,2,CurveVelA,CurveVel-A,5151,63424,465,CurveVelA:5151
2027,global_train,42,1234,2,CurveVelA,CurveVel-A,16659,573,466,CurveVelA:16659
2027,global_train,42,1234,2,CurveVelA,CurveVel-A,13941,12532,467,CurveVelA:13941
2027,global_train,42,1234,2,CurveVelA,CurveVel-A,13407,110329,468,CurveVelA:13407
2027,global_train,42,1234,2,CurveVelA,CurveVel-A,6237,5071,469,CurveVelA:6237
2027,global_train,42,1234,2,CurveVelA,CurveVel-A,4800,81933,470,CurveVelA:4800
2027,global_train,42,1234,2,CurveVelA,CurveVel-A,7919,84115,471,CurveVelA:7919
2027,global_train,42,1234,2,CurveVelA,CurveVel-A,11260,11930,472,CurveVelA:11260
2027,global_train,42,1234,2,CurveVelA,CurveVel-A,27971,19962,473,CurveVelA:27971
2027,global_train,42,1234,2,CurveVelA,CurveVel-A,18375,182651,474,CurveVelA:18375
2027,global_train,42,1234,2,CurveVelA,CurveVel-A,9553,152905,475,CurveVelA:9553
2027,global_train,42,1234,2,CurveVelA,CurveVel-A,3618,96217,476,CurveVelA:3618
2027,global_train,42,1234,2,CurveVelA,CurveVel-A,5804,115289,477,CurveVelA:5804
2027,global_train,42,1234,2,CurveVelA,CurveVel-A,6239,150405,478,CurveVelA:6239
2027,global_train,42,1234,2,CurveVelA,CurveVel-A,3597,17728,479,CurveVelA:3597
2027,global_train,42,1234,2,CurveVelA,CurveVel-A,2286,79961,480,CurveVelA:2286
2027,global_train,42,1234,2,CurveVelA,CurveVel-A,20435,97458,481,CurveVelA:20435
2027,global_train,42,1234,2,CurveVelA,CurveVel-A,14382,145692,482,CurveVelA:14382
2027,global_train,42,1234,2,CurveVelA,CurveVel-A,8936,107607,483,CurveVelA:8936
2027,global_train,42,1234,2,CurveVelA,CurveVel-A,8937,33228,484,CurveVelA:8937
2027,global_train,42,1234,2,CurveVelA,CurveVel-A,13207,111025,485,CurveVelA:13207
2027,global_train,42,1234,2,CurveVelA,CurveVel-A,12171,57139,486,CurveVelA:12171
2027,global_train,42,1234,2,CurveVelA,CurveVel-A,24712,51464,487,CurveVelA:24712
2027,global_train,42,1234,2,CurveVelA,CurveVel-A,22561,203229,488,CurveVelA:22561
2027,global_train,42,1234,2,CurveVelA,CurveVel-A,1761,173164,489,CurveVelA:1761
2027,global_train,42,1234,2,CurveVelA,CurveVel-A,20848,126085,490,CurveVelA:20848
2027,global_train,42,1234,2,CurveVelA,CurveVel-A,2852,120240,491,CurveVelA:2852
2027,global_train,42,1234,2,CurveVelA,CurveVel-A,21705,33615,492,CurveVelA:21705
2027,global_train,42,1234,2,CurveVelA,CurveVel-A,27740,137825,493,CurveVelA:27740
2027,global_train,42,1234,2,CurveVelA,CurveVel-A,19101,131151,494,CurveVelA:19101
2027,global_train,42,1234,2,CurveVelA,CurveVel-A,7133,231860,495,CurveVelA:7133
2027,global_train,42,1234,2,CurveVelA,CurveVel-A,19433,175218,496,CurveVelA:19433
2027,global_train,42,1234,2,CurveVelA,CurveVel-A,19401,171959,497,CurveVelA:19401
2027,global_train,42,1234,2,CurveVelA,CurveVel-A,27010,86719,498,CurveVelA:27010
2027,global_train,42,1234,2,CurveVelA,CurveVel-A,18628,136844,499,CurveVelA:18628
2027,global_train,42,1234,2,CurveVelA,CurveVel-A,2503,96907,500,CurveVelA:2503
2027,global_train,42,1234,2,CurveVelA,CurveVel-A,11131,193656,501,CurveVelA:11131
2027,global_train,42,1234,2,CurveVelA,CurveVel-A,12020,3765,502,CurveVelA:12020
2027,global_train,42,1234,2,CurveVelA,CurveVel-A,25119,192802,503,CurveVelA:25119
2027,global_train,42,1234,2,CurveVelA,CurveVel-A,16727,37487,504,CurveVelA:16727
2027,global_train,42,1234,2,CurveVelA,CurveVel-A,27588,38580,505,CurveVelA:27588
2027,global_train,42,1234,2,CurveVelA,CurveVel-A,16629,105113,506,CurveVelA:16629
2027,global_train,42,1234,2,CurveVelA,CurveVel-A,3803,45960,507,CurveVelA:3803
2027,global_train,42,1234,2,CurveVelA,CurveVel-A,12690,233581,508,CurveVelA:12690
2027,global_train,42,1234,2,CurveVelA,CurveVel-A,7939,27543,509,CurveVelA:7939
2027,global_train,42,1234,2,CurveVelA,CurveVel-A,4356,125680,510,CurveVelA:4356
2027,global_train,42,1234,2,CurveVelA,CurveVel-A,24631,98323,511,CurveVelA:24631
2027,global_train,42,1234,2,CurveVelA,CurveVel-A,14776,190215,512,CurveVelA:14776
2027,global_train,42,1234,2,CurveVelA,CurveVel-A,477,96660,513,CurveVelA:477
2027,global_train,42,1234,2,CurveVelA,CurveVel-A,17706,35685,514,CurveVelA:17706
2027,global_train,42,1234,2,CurveVelA,CurveVel-A,13670,63811,515,CurveVelA:13670
2027,global_train,42,1234,2,CurveVelA,CurveVel-A,6216,134873,516,CurveVelA:6216
2027,global_train,42,1234,2,CurveVelA,CurveVel-A,15366,42392,517,CurveVelA:15366
2027,global_train,42,1234,2,CurveVelA,CurveVel-A,25350,40678,518,CurveVelA:25350
2027,global_train,42,1234,2,CurveVelA,CurveVel-A,12825,64563,519,CurveVelA:12825
2027,global_train,42,1234,2,CurveVelA,CurveVel-A,24104,101809,520,CurveVelA:24104
2027,global_train,42,1234,2,CurveVelA,CurveVel-A,21489,79626,521,CurveVelA:21489
2027,global_train,42,1234,2,CurveVelA,CurveVel-A,13299,114319,522,CurveVelA:13299
2027,global_train,42,1234,2,CurveVelA,CurveVel-A,5908,83839,523,CurveVelA:5908
2027,global_train,42,1234,2,CurveVelA,CurveVel-A,14163,208472,524,CurveVelA:14163
2027,global_train,42,1234,2,CurveVelA,CurveVel-A,15602,71401,525,CurveVelA:15602
2027,global_train,42,1234,2,CurveVelA,CurveVel-A,26818,194697,526,CurveVelA:26818
2027,global_train,42,1234,2,CurveVelA,CurveVel-A,7183,95687,527,CurveVelA:7183
2027,global_train,42,1234,2,CurveVelA,CurveVel-A,20426,66583,528,CurveVelA:20426
2027,global_train,42,1234,2,CurveVelA,CurveVel-A,20050,27699,529,CurveVelA:20050
2027,global_train,42,1234,2,CurveVelA,CurveVel-A,8289,219637,530,CurveVelA:8289
2027,global_train,42,1234,2,CurveVelA,CurveVel-A,14356,165626,531,CurveVelA:14356
2027,global_train,42,1234,2,CurveVelA,CurveVel-A,5570,111595,532,CurveVelA:5570
2027,global_train,42,1234,2,CurveVelA,CurveVel-A,21509,93436,533,CurveVelA:21509
2027,global_train,42,1234,2,CurveVelA,CurveVel-A,12154,74102,534,CurveVelA:12154
2027,global_train,42,1234,2,CurveVelA,CurveVel-A,8360,140862,535,CurveVelA:8360
2027,global_train,42,1234,2,CurveVelA,CurveVel-A,15657,196154,536,CurveVelA:15657
2027,global_train,42,1234,2,CurveVelA,CurveVel-A,29406,53268,537,CurveVelA:29406
2027,global_train,42,1234,2,CurveVelA,CurveVel-A,9408,167214,538,CurveVelA:9408
2027,global_train,42,1234,2,CurveVelA,CurveVel-A,2661,33708,539,CurveVelA:2661
2027,global_train,42,1234,2,CurveVelA,CurveVel-A,7723,196452,540,CurveVelA:7723
2027,global_train,42,1234,2,CurveVelA,CurveVel-A,21052,211365,541,CurveVelA:21052
2027,global_train,42,1234,2,CurveVelA,CurveVel-A,15326,44885,542,CurveVelA:15326
2027,global_train,42,1234,2,CurveVelA,CurveVel-A,27327,148923,543,CurveVelA:27327
2027,global_train,42,1234,2,CurveVelA,CurveVel-A,17631,54053,544,CurveVelA:17631
2027,global_train,42,1234,2,CurveVelA,CurveVel-A,16880,219678,545,CurveVelA:16880
2027,global_train,42,1234,2,CurveVelA,CurveVel-A,23707,125650,546,CurveVelA:23707
2027,global_train,42,1234,2,CurveVelA,CurveVel-A,19718,100250,547,CurveVelA:19718
2027,global_train,42,1234,2,CurveVelA,CurveVel-A,26006,198781,548,CurveVelA:26006
2027,global_train,42,1234,2,CurveVelA,CurveVel-A,1496,34458,549,CurveVelA:1496
2027,global_train,42,1234,2,CurveVelA,CurveVel-A,11186,95717,550,CurveVelA:11186
2027,global_train,42,1234,2,CurveVelA,CurveVel-A,20972,134572,551,CurveVelA:20972
2027,global_train,42,1234,2,CurveVelA,CurveVel-A,12368,14748,552,CurveVelA:12368
2027,global_train,42,1234,2,CurveVelA,CurveVel-A,9357,95418,553,CurveVelA:9357
2027,global_train,42,1234,2,CurveVelA,CurveVel-A,6710,1747,554,CurveVelA:6710
2027,global_train,42,1234,2,CurveVelA,CurveVel-A,13489,75559,555,CurveVelA:13489
2027,global_train,42,1234,2,CurveVelA,CurveVel-A,28974,205234,556,CurveVelA:28974
2027,global_train,42,1234,2,CurveVelA,CurveVel-A,7319,26137,557,CurveVelA:7319
2027,global_train,42,1234,2,CurveVelA,CurveVel-A,9792,195274,558,CurveVelA:9792
2027,global_train,42,1234,2,CurveVelA,CurveVel-A,24912,89987,559,CurveVelA:24912
2027,global_train,42,1234,2,CurveVelA,CurveVel-A,15026,27344,560,CurveVelA:15026
2027,global_train,42,1234,2,CurveVelA,CurveVel-A,24829,31989,561,CurveVelA:24829
2027,global_train,42,1234,2,CurveVelA,CurveVel-A,15100,19000,562,CurveVelA:15100
2027,global_train,42,1234,2,CurveVelA,CurveVel-A,13536,56372,563,CurveVelA:13536
2027,global_train,42,1234,2,CurveVelA,CurveVel-A,28628,157786,564,CurveVelA:28628
2027,global_train,42,1234,2,CurveVelA,CurveVel-A,5960,56677,565,CurveVelA:5960
2027,global_train,42,1234,2,CurveVelA,CurveVel-A,10240,10782,566,CurveVelA:10240
2027,global_train,42,1234,2,CurveVelA,CurveVel-A,8934,22114,567,CurveVelA:8934
2027,global_train,42,1234,2,CurveVelA,CurveVel-A,22823,148696,568,CurveVelA:22823
2027,global_train,42,1234,2,CurveVelA,CurveVel-A,28261,227298,569,CurveVelA:28261
2027,global_train,42,1234,2,CurveVelA,CurveVel-A,293,38346,570,CurveVelA:293
2027,global_train,42,1234,2,CurveVelA,CurveVel-A,25833,75165,571,CurveVelA:25833
2027,global_train,42,1234,2,CurveVelA,CurveVel-A,3321,194225,572,CurveVelA:3321
2027,global_train,42,1234,2,CurveVelA,CurveVel-A,13879,143180,573,CurveVelA:13879
2027,global_train,42,1234,2,CurveVelA,CurveVel-A,14137,207593,574,CurveVelA:14137
2027,global_train,42,1234,2,CurveVelA,CurveVel-A,23627,223323,575,CurveVelA:23627
2027,global_train,42,1234,2,CurveVelA,CurveVel-A,26499,219560,576,CurveVelA:26499
2027,global_train,42,1234,2,CurveVelA,CurveVel-A,24956,230586,577,CurveVelA:24956
2027,global_train,42,1234,2,CurveVelA,CurveVel-A,19792,229269,578,CurveVelA:19792
2027,global_train,42,1234,2,CurveVelA,CurveVel-A,24575,193296,579,CurveVelA:24575
2027,global_train,42,1234,2,CurveVelA,CurveVel-A,1802,62761,580,CurveVelA:1802
2027,global_train,42,1234,2,CurveVelA,CurveVel-A,29865,113188,581,CurveVelA:29865
2027,global_train,42,1234,2,CurveVelA,CurveVel-A,23947,221474,582,CurveVelA:23947
2027,global_train,42,1234,2,CurveVelA,CurveVel-A,24908,215338,583,CurveVelA:24908
2027,global_train,42,1234,2,CurveVelA,CurveVel-A,14891,212702,584,CurveVelA:14891
2027,global_train,42,1234,2,CurveVelA,CurveVel-A,484,234278,585,CurveVelA:484
2027,global_train,42,1234,2,CurveVelA,CurveVel-A,11781,60423,586,CurveVelA:11781
2027,global_train,42,1234,2,CurveVelA,CurveVel-A,16997,185989,587,CurveVelA:16997
2027,global_train,42,1234,2,CurveVelA,CurveVel-A,29377,77037,588,CurveVelA:29377
2027,global_train,42,1234,2,CurveVelA,CurveVel-A,9687,123831,589,CurveVelA:9687
2027,global_train,42,1234,2,CurveVelA,CurveVel-A,19471,229538,590,CurveVelA:19471
2027,global_train,42,1234,2,CurveVelA,CurveVel-A,14378,109459,591,CurveVelA:14378
2027,global_train,42,1234,2,CurveVelA,CurveVel-A,6493,146285,592,CurveVelA:6493
2027,global_train,42,1234,2,CurveVelA,CurveVel-A,7541,141253,593,CurveVelA:7541
2027,global_train,42,1234,2,CurveVelA,CurveVel-A,15827,105047,594,CurveVelA:15827
2027,global_train,42,1234,2,CurveVelA,CurveVel-A,20294,105665,595,CurveVelA:20294
2027,global_train,42,1234,2,CurveVelA,CurveVel-A,1836,33695,596,CurveVelA:1836
2027,global_train,42,1234,2,CurveVelA,CurveVel-A,21094,104165,597,CurveVelA:21094
2027,global_train,42,1234,2,CurveVelA,CurveVel-A,25523,558,598,CurveVelA:25523
2027,global_train,42,1234,2,CurveVelA,CurveVel-A,20880,92558,599,CurveVelA:20880
2027,global_train,42,1234,2,CurveVelA,CurveVel-A,28284,181407,600,CurveVelA:28284
2027,global_train,42,1234,2,CurveVelA,CurveVel-A,13263,58687,601,CurveVelA:13263
2027,global_train,42,1234,2,CurveVelA,CurveVel-A,29667,174170,602,CurveVelA:29667
2027,global_train,42,1234,2,CurveVelA,CurveVel-A,29769,164283,603,CurveVelA:29769
2027,global_train,42,1234,2,CurveVelA,CurveVel-A,23617,81798,604,CurveVelA:23617
2027,global_train,42,1234,2,CurveVelA,CurveVel-A,20843,150787,605,CurveVelA:20843
2027,global_train,42,1234,2,CurveVelA,CurveVel-A,20167,180697,606,CurveVelA:20167
2027,global_train,42,1234,2,CurveVelA,CurveVel-A,12931,129632,607,CurveVelA:12931
2027,global_train,42,1234,2,CurveVelA,CurveVel-A,28418,29675,608,CurveVelA:28418
2027,global_train,42,1234,2,CurveVelA,CurveVel-A,9463,109742,609,CurveVelA:9463
2027,global_train,42,1234,2,CurveVelA,CurveVel-A,14360,32062,610,CurveVelA:14360
2027,global_train,42,1234,2,CurveVelA,CurveVel-A,5042,18324,611,CurveVelA:5042
2027,global_train,42,1234,2,CurveVelA,CurveVel-A,27782,189210,612,CurveVelA:27782
2027,global_train,42,1234,2,CurveVelA,CurveVel-A,12257,67510,613,CurveVelA:12257
2027,global_train,42,1234,2,CurveVelA,CurveVel-A,5456,209710,614,CurveVelA:5456
2027,global_train,42,1234,2,CurveVelA,CurveVel-A,7125,83816,615,CurveVelA:7125
2027,global_train,42,1234,2,CurveVelA,CurveVel-A,23476,129076,616,CurveVelA:23476
2027,global_train,42,1234,2,CurveVelA,CurveVel-A,16048,197585,617,CurveVelA:16048
2027,global_train,42,1234,2,CurveVelA,CurveVel-A,3252,131798,618,CurveVelA:3252
2027,global_train,42,1234,2,CurveVelA,CurveVel-A,17393,123979,619,CurveVelA:17393
2027,global_train,42,1234,2,CurveVelA,CurveVel-A,344,204527,620,CurveVelA:344
2027,global_train,42,1234,2,CurveVelA,CurveVel-A,1587,76848,621,CurveVelA:1587
2027,global_train,42,1234,2,CurveVelA,CurveVel-A,16199,170567,622,CurveVelA:16199
2027,global_train,42,1234,2,CurveVelA,CurveVel-A,4420,193647,623,CurveVelA:4420
2027,global_train,42,1234,2,CurveVelA,CurveVel-A,16783,110367,624,CurveVelA:16783
2027,global_train,42,1234,2,CurveVelA,CurveVel-A,29914,138441,625,CurveVelA:29914
2027,global_train,42,1234,2,CurveVelA,CurveVel-A,2854,75188,626,CurveVelA:2854
2027,global_train,42,1234,2,CurveVelA,CurveVel-A,2827,136697,627,CurveVelA:2827
2027,global_train,42,1234,2,CurveVelA,CurveVel-A,27296,64825,628,CurveVelA:27296
2027,global_train,42,1234,2,CurveVelA,CurveVel-A,15470,211312,629,CurveVelA:15470
2027,global_train,42,1234,2,CurveVelA,CurveVel-A,23330,213747,630,CurveVelA:23330
2027,global_train,42,1234,2,CurveVelA,CurveVel-A,14863,52015,631,CurveVelA:14863
2027,global_train,42,1234,2,CurveVelA,CurveVel-A,12557,228099,632,CurveVelA:12557
2027,global_train,42,1234,2,CurveVelA,CurveVel-A,26315,219123,633,CurveVelA:26315
2027,global_train,42,1234,2,CurveVelA,CurveVel-A,815,63591,634,CurveVelA:815
2027,global_train,42,1234,2,CurveVelA,CurveVel-A,13634,172934,635,CurveVelA:13634
2027,global_train,42,1234,2,CurveVelA,CurveVel-A,16149,6105,636,CurveVelA:16149
2027,global_train,42,1234,2,CurveVelA,CurveVel-A,3854,123862,637,CurveVelA:3854
2027,global_train,42,1234,2,CurveVelA,CurveVel-A,24186,193083,638,CurveVelA:24186
2027,global_train,42,1234,2,CurveVelA,CurveVel-A,21098,213400,639,CurveVelA:21098
2027,global_train,42,1234,2,CurveVelA,CurveVel-A,12772,24505,640,CurveVelA:12772
2027,global_train,42,1234,2,CurveVelA,CurveVel-A,13176,146948,641,CurveVelA:13176
2027,global_train,42,1234,2,CurveVelA,CurveVel-A,4502,94641,642,CurveVelA:4502
2027,global_train,42,1234,2,CurveVelA,CurveVel-A,25102,12884,643,CurveVelA:25102
2027,global_train,42,1234,2,CurveVelA,CurveVel-A,20014,23741,644,CurveVelA:20014
2027,global_train,42,1234,2,CurveVelA,CurveVel-A,10651,152754,645,CurveVelA:10651
2027,global_train,42,1234,2,CurveVelA,CurveVel-A,7227,159402,646,CurveVelA:7227
2027,global_train,42,1234,2,CurveVelA,CurveVel-A,8675,231036,647,CurveVelA:8675
2027,global_train,42,1234,2,CurveVelA,CurveVel-A,8689,39628,648,CurveVelA:8689
2027,global_train,42,1234,2,CurveVelA,CurveVel-A,15243,223496,649,CurveVelA:15243
2027,global_train,42,1234,2,CurveVelA,CurveVel-A,13056,222759,650,CurveVelA:13056
2027,global_train,42,1234,2,CurveVelA,CurveVel-A,3669,121135,651,CurveVelA:3669
2027,global_train,42,1234,2,CurveVelA,CurveVel-A,20562,120556,652,CurveVelA:20562
2027,global_train,42,1234,2,CurveVelA,CurveVel-A,7370,119125,653,CurveVelA:7370
2027,global_train,42,1234,2,CurveVelA,CurveVel-A,12237,147997,654,CurveVelA:12237
2027,global_train,42,1234,2,CurveVelA,CurveVel-A,845,160484,655,CurveVelA:845
2027,global_train,42,1234,2,CurveVelA,CurveVel-A,10714,215878,656,CurveVelA:10714
2027,global_train,42,1234,2,CurveVelA,CurveVel-A,9604,178093,657,CurveVelA:9604
2027,global_train,42,1234,2,CurveVelA,CurveVel-A,9303,232853,658,CurveVelA:9303
2027,global_train,42,1234,2,CurveVelA,CurveVel-A,24498,203249,659,CurveVelA:24498
2027,global_train,42,1234,2,CurveVelA,CurveVel-A,22438,198749,660,CurveVelA:22438
2027,global_train,42,1234,2,CurveVelA,CurveVel-A,15532,44442,661,CurveVelA:15532
2027,global_train,42,1234,2,CurveVelA,CurveVel-A,19481,118046,662,CurveVelA:19481
2027,global_train,42,1234,2,CurveVelA,CurveVel-A,29692,59048,663,CurveVelA:29692
2027,global_train,42,1234,2,CurveVelA,CurveVel-A,27415,140469,664,CurveVelA:27415
2027,global_train,42,1234,2,CurveVelA,CurveVel-A,16687,161812,665,CurveVelA:16687
2027,global_train,42,1234,2,CurveVelA,CurveVel-A,10038,64822,666,CurveVelA:10038
2027,global_train,42,1234,2,CurveVelA,CurveVel-A,9292,16598,667,CurveVelA:9292
2027,global_train,42,1234,2,CurveVelA,CurveVel-A,13669,202333,668,CurveVelA:13669
2027,global_train,42,1234,2,CurveVelA,CurveVel-A,24813,226360,669,CurveVelA:24813
2027,global_train,42,1234,2,CurveVelA,CurveVel-A,4927,168816,670,CurveVelA:4927
2027,global_train,42,1234,2,CurveVelA,CurveVel-A,22328,188436,671,CurveVelA:22328
2027,global_train,42,1234,2,CurveVelA,CurveVel-A,1429,160377,672,CurveVelA:1429
2027,global_train,42,1234,2,CurveVelA,CurveVel-A,13265,184892,673,CurveVelA:13265
2027,global_train,42,1234,2,CurveVelA,CurveVel-A,978,228258,674,CurveVelA:978
2027,global_train,42,1234,2,CurveVelA,CurveVel-A,7742,200554,675,CurveVelA:7742
2027,global_train,42,1234,2,CurveVelA,CurveVel-A,22022,84641,676,CurveVelA:22022
2027,global_train,42,1234,2,CurveVelA,CurveVel-A,24585,214326,677,CurveVelA:24585
2027,global_train,42,1234,2,CurveVelA,CurveVel-A,9504,230836,678,CurveVelA:9504
2027,global_train,42,1234,2,CurveVelA,CurveVel-A,20591,120519,679,CurveVelA:20591
2027,global_train,42,1234,2,CurveVelA,CurveVel-A,9430,206129,680,CurveVelA:9430
2027,global_train,42,1234,2,CurveVelA,CurveVel-A,19413,20293,681,CurveVelA:19413
2027,global_train,42,1234,2,CurveVelA,CurveVel-A,9840,41994,682,CurveVelA:9840
2027,global_train,42,1234,2,CurveVelA,CurveVel-A,546,49997,683,CurveVelA:546
2027,global_train,42,1234,2,CurveVelA,CurveVel-A,1157,151590,684,CurveVelA:1157
2027,global_train,42,1234,2,CurveVelA,CurveVel-A,28803,178866,685,CurveVelA:28803
2027,global_train,42,1234,2,CurveVelA,CurveVel-A,4778,21409,686,CurveVelA:4778
2027,global_train,42,1234,2,CurveVelA,CurveVel-A,3240,110588,687,CurveVelA:3240
2027,global_train,42,1234,2,CurveVelA,CurveVel-A,10657,84293,688,CurveVelA:10657
2027,global_train,42,1234,2,CurveVelA,CurveVel-A,14815,116141,689,CurveVelA:14815
2027,global_train,42,1234,2,CurveVelA,CurveVel-A,14074,142214,690,CurveVelA:14074
2027,global_train,42,1234,2,CurveVelA,CurveVel-A,17928,201391,691,CurveVelA:17928
2027,global_train,42,1234,2,CurveVelA,CurveVel-A,26169,135256,692,CurveVelA:26169
2027,global_train,42,1234,2,CurveVelA,CurveVel-A,14757,77579,693,CurveVelA:14757
2027,global_train,42,1234,2,CurveVelA,CurveVel-A,298,200122,694,CurveVelA:298
2027,global_train,42,1234,2,CurveVelA,CurveVel-A,22340,92057,695,CurveVelA:22340
2027,global_train,42,1234,2,CurveVelA,CurveVel-A,278,223983,696,CurveVelA:278
2027,global_train,42,1234,2,CurveVelA,CurveVel-A,24060,148425,697,CurveVelA:24060
2027,global_train,42,1234,2,CurveVelA,CurveVel-A,5751,192593,698,CurveVelA:5751
2027,global_train,42,1234,2,CurveVelA,CurveVel-A,21413,226213,699,CurveVelA:21413
2027,global_train,42,1234,2,CurveVelA,CurveVel-A,8980,11444,700,CurveVelA:8980
2027,global_train,42,1234,2,CurveVelA,CurveVel-A,17657,230310,701,CurveVelA:17657
2027,global_train,42,1234,2,CurveVelA,CurveVel-A,15887,91899,702,CurveVelA:15887
2027,global_train,42,1234,2,CurveVelA,CurveVel-A,3866,89218,703,CurveVelA:3866
2027,global_train,42,1234,2,CurveVelA,CurveVel-A,5536,11316,704,CurveVelA:5536
2027,global_train,42,1234,2,CurveVelA,CurveVel-A,23747,135824,705,CurveVelA:23747
2027,global_train,42,1234,2,CurveVelA,CurveVel-A,15867,221337,706,CurveVelA:15867
2027,global_train,42,1234,2,CurveVelA,CurveVel-A,17503,184895,707,CurveVelA:17503
2027,global_train,42,1234,2,CurveVelA,CurveVel-A,343,227222,708,CurveVelA:343
2027,global_train,42,1234,2,CurveVelA,CurveVel-A,12640,91394,709,CurveVelA:12640
2027,global_train,42,1234,2,CurveVelA,CurveVel-A,12195,63798,710,CurveVelA:12195
2027,global_train,42,1234,2,CurveVelA,CurveVel-A,25143,227063,711,CurveVelA:25143
2027,global_train,42,1234,2,CurveVelA,CurveVel-A,7426,23855,712,CurveVelA:7426
2027,global_train,42,1234,2,CurveVelA,CurveVel-A,18662,118894,713,CurveVelA:18662
2027,global_train,42,1234,2,CurveVelA,CurveVel-A,18901,157345,714,CurveVelA:18901
2027,global_train,42,1234,2,CurveVelA,CurveVel-A,3330,181167,715,CurveVelA:3330
2027,global_train,42,1234,2,CurveVelA,CurveVel-A,24119,65331,716,CurveVelA:24119
2027,global_train,42,1234,2,CurveVelA,CurveVel-A,10968,173211,717,CurveVelA:10968
2027,global_train,42,1234,2,CurveVelA,CurveVel-A,21940,89956,718,CurveVelA:21940
2027,global_train,42,1234,2,CurveVelA,CurveVel-A,26032,65164,719,CurveVelA:26032
2027,global_train,42,1234,2,CurveVelA,CurveVel-A,28463,30986,720,CurveVelA:28463
2027,global_train,42,1234,2,CurveVelA,CurveVel-A,4855,225775,721,CurveVelA:4855
2027,global_train,42,1234,2,CurveVelA,CurveVel-A,20987,168375,722,CurveVelA:20987
2027,global_train,42,1234,2,CurveVelA,CurveVel-A,24047,192730,723,CurveVelA:24047
2027,global_train,42,1234,2,CurveVelA,CurveVel-A,4642,220210,724,CurveVelA:4642
2027,global_train,42,1234,2,CurveVelA,CurveVel-A,5174,174359,725,CurveVelA:5174
2027,global_train,42,1234,2,CurveVelA,CurveVel-A,863,175491,726,CurveVelA:863
2027,global_train,42,1234,2,CurveVelA,CurveVel-A,25734,184890,727,CurveVelA:25734
2027,global_train,42,1234,2,CurveVelA,CurveVel-A,11772,34455,728,CurveVelA:11772
2027,global_train,42,1234,2,CurveVelA,CurveVel-A,16340,85041,729,CurveVelA:16340
2027,global_train,42,1234,2,CurveVelA,CurveVel-A,13690,94193,730,CurveVelA:13690
2027,global_train,42,1234,2,CurveVelA,CurveVel-A,12594,22674,731,CurveVelA:12594
2027,global_train,42,1234,2,CurveVelA,CurveVel-A,28089,86914,732,CurveVelA:28089
2027,global_train,42,1234,2,CurveVelA,CurveVel-A,15053,1377,733,CurveVelA:15053
2027,global_train,42,1234,2,CurveVelA,CurveVel-A,16016,228207,734,CurveVelA:16016
2027,global_train,42,1234,2,CurveVelA,CurveVel-A,25794,135482,735,CurveVelA:25794
2027,global_train,42,1234,2,CurveVelA,CurveVel-A,4040,82420,736,CurveVelA:4040
2027,global_train,42,1234,2,CurveVelA,CurveVel-A,9565,19391,737,CurveVelA:9565
2027,global_train,42,1234,2,CurveVelA,CurveVel-A,14654,17317,738,CurveVelA:14654
2027,global_train,42,1234,2,CurveVelA,CurveVel-A,23560,8863,739,CurveVelA:23560
2027,global_train,42,1234,2,CurveVelA,CurveVel-A,16655,199346,740,CurveVelA:16655
2027,global_train,42,1234,2,CurveVelA,CurveVel-A,11897,89529,741,CurveVelA:11897
2027,global_train,42,1234,2,CurveVelA,CurveVel-A,11134,32522,742,CurveVelA:11134
2027,global_train,42,1234,2,CurveVelA,CurveVel-A,28608,132047,743,CurveVelA:28608
2027,global_train,42,1234,2,CurveVelA,CurveVel-A,11357,187405,744,CurveVelA:11357
2027,global_train,42,1234,2,CurveVelA,CurveVel-A,4898,210557,745,CurveVelA:4898
2027,global_train,42,1234,2,CurveVelA,CurveVel-A,4095,231780,746,CurveVelA:4095
2027,global_train,42,1234,2,CurveVelA,CurveVel-A,19268,167774,747,CurveVelA:19268
2027,global_train,42,1234,2,CurveVelA,CurveVel-A,4399,90275,748,CurveVelA:4399
2027,global_train,42,1234,2,CurveVelA,CurveVel-A,2318,136478,749,CurveVelA:2318
2027,global_train,42,1234,2,CurveVelA,CurveVel-A,5720,145758,750,CurveVelA:5720
2027,global_train,42,1234,2,CurveVelA,CurveVel-A,17965,108123,751,CurveVelA:17965
2027,global_train,42,1234,2,CurveVelA,CurveVel-A,15667,177504,752,CurveVelA:15667
2027,global_train,42,1234,2,CurveVelA,CurveVel-A,13120,199306,753,CurveVelA:13120
2027,global_train,42,1234,2,CurveVelA,CurveVel-A,5289,2684,754,CurveVelA:5289
2027,global_train,42,1234,2,CurveVelA,CurveVel-A,4467,2765,755,CurveVelA:4467
2027,global_train,42,1234,2,CurveVelA,CurveVel-A,2975,36300,756,CurveVelA:2975
2027,global_train,42,1234,2,CurveVelA,CurveVel-A,19525,68409,757,CurveVelA:19525
2027,global_train,42,1234,2,CurveVelA,CurveVel-A,4852,120445,758,CurveVelA:4852
2027,global_train,42,1234,2,CurveVelA,CurveVel-A,6023,222489,759,CurveVelA:6023
2027,global_train,42,1234,2,CurveVelA,CurveVel-A,25613,100725,760,CurveVelA:25613
2027,global_train,42,1234,2,CurveVelA,CurveVel-A,22381,53071,761,CurveVelA:22381
2027,global_train,42,1234,2,CurveVelA,CurveVel-A,26671,44901,762,CurveVelA:26671
2027,global_train,42,1234,2,CurveVelA,CurveVel-A,74,152034,763,CurveVelA:74
2027,global_train,42,1234,2,CurveVelA,CurveVel-A,22676,121992,764,CurveVelA:22676
2027,global_train,42,1234,2,CurveVelA,CurveVel-A,27303,92898,765,CurveVelA:27303
2027,global_train,42,1234,2,CurveVelA,CurveVel-A,16837,46694,766,CurveVelA:16837
2027,global_train,42,1234,2,CurveVelA,CurveVel-A,20819,67732,767,CurveVelA:20819
2027,global_train,42,1234,2,CurveVelA,CurveVel-A,26120,184845,768,CurveVelA:26120
2027,global_train,42,1234,2,CurveVelA,CurveVel-A,20659,123378,769,CurveVelA:20659
2027,global_train,42,1234,2,CurveVelA,CurveVel-A,10131,91333,770,CurveVelA:10131
2027,global_train,42,1234,2,CurveVelA,CurveVel-A,5218,219120,771,CurveVelA:5218
2027,global_train,42,1234,2,CurveVelA,CurveVel-A,9525,165558,772,CurveVelA:9525
2027,global_train,42,1234,2,CurveVelA,CurveVel-A,15133,101427,773,CurveVelA:15133
2027,global_train,42,1234,2,CurveVelA,CurveVel-A,3971,162663,774,CurveVelA:3971
2027,global_train,42,1234,2,CurveVelA,CurveVel-A,6203,49815,775,CurveVelA:6203
2027,global_train,42,1234,2,CurveVelA,CurveVel-A,24702,104304,776,CurveVelA:24702
2027,global_train,42,1234,2,CurveVelA,CurveVel-A,7527,48923,777,CurveVelA:7527
2027,global_train,42,1234,2,CurveVelA,CurveVel-A,10999,103358,778,CurveVelA:10999
2027,global_train,42,1234,2,CurveVelA,CurveVel-A,14516,54813,779,CurveVelA:14516
2027,global_train,42,1234,2,CurveVelA,CurveVel-A,18071,112348,780,CurveVelA:18071
2027,global_train,42,1234,2,CurveVelA,CurveVel-A,7905,129579,781,CurveVelA:7905
2027,global_train,42,1234,2,CurveVelA,CurveVel-A,5833,18181,782,CurveVelA:5833
2027,global_train,42,1234,2,CurveVelA,CurveVel-A,20262,91043,783,CurveVelA:20262
2027,global_train,42,1234,2,CurveVelA,CurveVel-A,23051,79197,784,CurveVelA:23051
2027,global_train,42,1234,2,CurveVelA,CurveVel-A,28875,220107,785,CurveVelA:28875
2027,global_train,42,1234,2,CurveVelA,CurveVel-A,4818,26826,786,CurveVelA:4818
2027,global_train,42,1234,2,CurveVelA,CurveVel-A,20083,18607,787,CurveVelA:20083
2027,global_train,42,1234,2,CurveVelA,CurveVel-A,9398,153889,788,CurveVelA:9398
2027,global_train,42,1234,2,CurveVelA,CurveVel-A,2421,141404,789,CurveVelA:2421
2027,global_train,42,1234,2,CurveVelA,CurveVel-A,20597,73301,790,CurveVelA:20597
2027,global_train,42,1234,2,CurveVelA,CurveVel-A,27209,96244,791,CurveVelA:27209
2027,global_train,42,1234,2,CurveVelA,CurveVel-A,29600,7344,792,CurveVelA:29600
2027,global_train,42,1234,2,CurveVelA,CurveVel-A,13580,103270,793,CurveVelA:13580
2027,global_train,42,1234,2,CurveVelA,CurveVel-A,5992,61664,794,CurveVelA:5992
2027,global_train,42,1234,2,CurveVelA,CurveVel-A,18982,222063,795,CurveVelA:18982
2027,global_train,42,1234,2,CurveVelA,CurveVel-A,7265,223122,796,CurveVelA:7265
2027,global_train,42,1234,2,CurveVelA,CurveVel-A,28917,192992,797,CurveVelA:28917
2027,global_train,42,1234,2,CurveVelA,CurveVel-A,23755,207555,798,CurveVelA:23755
2027,global_train,42,1234,2,CurveVelA,CurveVel-A,21805,17113,799,CurveVelA:21805
2027,global_train,42,1234,2,CurveVelA,CurveVel-A,8250,207684,800,CurveVelA:8250
2027,global_train,42,1234,2,CurveVelA,CurveVel-A,16941,112647,801,CurveVelA:16941
2027,global_train,42,1234,2,CurveVelA,CurveVel-A,14267,26273,802,CurveVelA:14267
2027,global_train,42,1234,2,CurveVelA,CurveVel-A,1831,79127,803,CurveVelA:1831
2027,global_train,42,1234,2,CurveVelA,CurveVel-A,2468,3026,804,CurveVelA:2468
2027,global_train,42,1234,2,CurveVelA,CurveVel-A,17118,102648,805,CurveVelA:17118
2027,global_train,42,1234,2,CurveVelA,CurveVel-A,1593,192466,806,CurveVelA:1593
2027,global_train,42,1234,2,CurveVelA,CurveVel-A,17055,202278,807,CurveVelA:17055
2027,global_train,42,1234,2,CurveVelA,CurveVel-A,23024,84503,808,CurveVelA:23024
2027,global_train,42,1234,2,CurveVelA,CurveVel-A,28739,217481,809,CurveVelA:28739
2027,global_train,42,1234,2,CurveVelA,CurveVel-A,14719,67980,810,CurveVelA:14719
2027,global_train,42,1234,2,CurveVelA,CurveVel-A,8487,173128,811,CurveVelA:8487
2027,global_train,42,1234,2,CurveVelA,CurveVel-A,20510,73475,812,CurveVelA:20510
2027,global_train,42,1234,2,CurveVelA,CurveVel-A,3505,22667,813,CurveVelA:3505
2027,global_train,42,1234,2,CurveVelA,CurveVel-A,15993,73285,814,CurveVelA:15993
2027,global_train,42,1234,2,CurveVelA,CurveVel-A,5030,205858,815,CurveVelA:5030
2027,global_train,42,1234,2,CurveVelA,CurveVel-A,24383,180124,816,CurveVelA:24383
2027,global_train,42,1234,2,CurveVelA,CurveVel-A,27871,177956,817,CurveVelA:27871
2027,global_train,42,1234,2,CurveVelA,CurveVel-A,18878,154463,818,CurveVelA:18878
2027,global_train,42,1234,2,CurveVelA,CurveVel-A,22742,169163,819,CurveVelA:22742
2027,global_train,42,1234,2,CurveVelA,CurveVel-A,5277,52929,820,CurveVelA:5277
2027,global_train,42,1234,2,CurveVelA,CurveVel-A,21882,214103,821,CurveVelA:21882
2027,global_train,42,1234,2,CurveVelA,CurveVel-A,3324,25884,822,CurveVelA:3324
2027,global_train,42,1234,2,CurveVelA,CurveVel-A,29459,196197,823,CurveVelA:29459
2027,global_train,42,1234,2,CurveVelA,CurveVel-A,27990,192103,824,CurveVelA:27990
2027,global_train,42,1234,2,CurveVelA,CurveVel-A,12349,119990,825,CurveVelA:12349
2027,global_train,42,1234,2,CurveVelA,CurveVel-A,10411,77339,826,CurveVelA:10411
2027,global_train,42,1234,2,CurveVelA,CurveVel-A,11911,155090,827,CurveVelA:11911
2027,global_train,42,1234,2,CurveVelA,CurveVel-A,26273,60247,828,CurveVelA:26273
2027,global_train,42,1234,2,CurveVelA,CurveVel-A,9157,167053,829,CurveVelA:9157
2027,global_train,42,1234,2,CurveVelA,CurveVel-A,9023,66861,830,CurveVelA:9023
2027,global_train,42,1234,2,CurveVelA,CurveVel-A,2738,164542,831,CurveVelA:2738
2027,global_train,42,1234,2,CurveVelA,CurveVel-A,1796,67519,832,CurveVelA:1796
2027,global_train,42,1234,2,CurveVelA,CurveVel-A,1911,186232,833,CurveVelA:1911
2027,global_train,42,1234,2,CurveVelA,CurveVel-A,19024,115950,834,CurveVelA:19024
2027,global_train,42,1234,2,CurveVelA,CurveVel-A,10139,89992,835,CurveVelA:10139
2027,global_train,42,1234,2,CurveVelA,CurveVel-A,7080,58780,836,CurveVelA:7080
2027,global_train,42,1234,2,CurveVelA,CurveVel-A,20374,162349,837,CurveVelA:20374
2027,global_train,42,1234,2,CurveVelA,CurveVel-A,20413,78308,838,CurveVelA:20413
2027,global_train,42,1234,2,CurveVelA,CurveVel-A,15747,29144,839,CurveVelA:15747
2027,global_train,42,1234,2,CurveVelA,CurveVel-A,9636,51808,840,CurveVelA:9636
2027,global_train,42,1234,2,CurveVelA,CurveVel-A,20628,108769,841,CurveVelA:20628
2027,global_train,42,1234,2,CurveVelA,CurveVel-A,19549,196330,842,CurveVelA:19549
2027,global_train,42,1234,2,CurveVelA,CurveVel-A,27963,161364,843,CurveVelA:27963
2027,global_train,42,1234,2,CurveVelA,CurveVel-A,24008,29682,844,CurveVelA:24008
2027,global_train,42,1234,2,CurveVelA,CurveVel-A,26893,121639,845,CurveVelA:26893
2027,global_train,42,1234,2,CurveVelA,CurveVel-A,24863,169659,846,CurveVelA:24863
2027,global_train,42,1234,2,CurveVelA,CurveVel-A,25782,212948,847,CurveVelA:25782
2027,global_train,42,1234,2,CurveVelA,CurveVel-A,23889,120220,848,CurveVelA:23889
2027,global_train,42,1234,2,CurveVelA,CurveVel-A,19344,28887,849,CurveVelA:19344
2027,global_train,42,1234,2,CurveVelA,CurveVel-A,15799,80830,850,CurveVelA:15799
2027,global_train,42,1234,2,CurveVelA,CurveVel-A,4190,119707,851,CurveVelA:4190
2027,global_train,42,1234,2,CurveVelA,CurveVel-A,3865,140730,852,CurveVelA:3865
2027,global_train,42,1234,2,CurveVelA,CurveVel-A,8313,185629,853,CurveVelA:8313
2027,global_train,42,1234,2,CurveVelA,CurveVel-A,21832,641,854,CurveVelA:21832
2027,global_train,42,1234,2,CurveVelA,CurveVel-A,8977,117860,855,CurveVelA:8977
2027,global_train,42,1234,2,CurveVelA,CurveVel-A,9233,3527,856,CurveVelA:9233
2027,global_train,42,1234,2,CurveVelA,CurveVel-A,24446,38291,857,CurveVelA:24446
2027,global_train,42,1234,2,CurveVelA,CurveVel-A,6701,139322,858,CurveVelA:6701
2027,global_train,42,1234,2,CurveVelA,CurveVel-A,11449,168430,859,CurveVelA:11449
2027,global_train,42,1234,2,CurveVelA,CurveVel-A,11909,86751,860,CurveVelA:11909
2027,global_train,42,1234,2,CurveVelA,CurveVel-A,5970,175566,861,CurveVelA:5970
2027,global_train,42,1234,2,CurveVelA,CurveVel-A,28263,91822,862,CurveVelA:28263
2027,global_train,42,1234,2,CurveVelA,CurveVel-A,20502,199265,863,CurveVelA:20502
2027,global_train,42,1234,2,CurveVelA,CurveVel-A,5314,198331,864,CurveVelA:5314
2027,global_train,42,1234,2,CurveVelA,CurveVel-A,14874,28335,865,CurveVelA:14874
2027,global_train,42,1234,2,CurveVelA,CurveVel-A,29403,92289,866,CurveVelA:29403
2027,global_train,42,1234,2,CurveVelA,CurveVel-A,17449,95954,867,CurveVelA:17449
2027,global_train,42,1234,2,CurveVelA,CurveVel-A,6881,99039,868,CurveVelA:6881
2027,global_train,42,1234,2,CurveVelA,CurveVel-A,9782,173733,869,CurveVelA:9782
2027,global_train,42,1234,2,CurveVelA,CurveVel-A,4696,114293,870,CurveVelA:4696
2027,global_train,42,1234,2,CurveVelA,CurveVel-A,4346,2342,871,CurveVelA:4346
2027,global_train,42,1234,2,CurveVelA,CurveVel-A,13712,207312,872,CurveVelA:13712
2027,global_train,42,1234,2,CurveVelA,CurveVel-A,9581,92325,873,CurveVelA:9581
2027,global_train,42,1234,2,CurveVelA,CurveVel-A,13408,55691,874,CurveVelA:13408
2027,global_train,42,1234,2,CurveVelA,CurveVel-A,10799,43879,875,CurveVelA:10799
2027,global_train,42,1234,2,CurveVelA,CurveVel-A,7827,70043,876,CurveVelA:7827
2027,global_train,42,1234,2,CurveVelA,CurveVel-A,27723,98364,877,CurveVelA:27723
2027,global_train,42,1234,2,CurveVelA,CurveVel-A,28542,188160,878,CurveVelA:28542
2027,global_train,42,1234,2,CurveVelA,CurveVel-A,24044,215288,879,CurveVelA:24044
2027,global_train,42,1234,2,CurveVelA,CurveVel-A,27794,12110,880,CurveVelA:27794
2027,global_train,42,1234,2,CurveVelA,CurveVel-A,29898,165396,881,CurveVelA:29898
2027,global_train,42,1234,2,CurveVelA,CurveVel-A,26041,167559,882,CurveVelA:26041
2027,global_train,42,1234,2,CurveVelA,CurveVel-A,28592,38493,883,CurveVelA:28592
2027,global_train,42,1234,2,CurveVelA,CurveVel-A,10060,137312,884,CurveVelA:10060
2027,global_train,42,1234,2,CurveVelA,CurveVel-A,19117,61083,885,CurveVelA:19117
2027,global_train,42,1234,2,CurveVelA,CurveVel-A,21973,8724,886,CurveVelA:21973
2027,global_train,42,1234,2,CurveVelA,CurveVel-A,28753,144019,887,CurveVelA:28753
2027,global_train,42,1234,2,CurveVelA,CurveVel-A,21962,120837,888,CurveVelA:21962
2027,global_train,42,1234,2,CurveVelA,CurveVel-A,21683,83050,889,CurveVelA:21683
2027,global_train,42,1234,2,CurveVelA,CurveVel-A,25707,207073,890,CurveVelA:25707
2027,global_train,42,1234,2,CurveVelA,CurveVel-A,1136,198447,891,CurveVelA:1136
2027,global_train,42,1234,2,CurveVelA,CurveVel-A,19198,181817,892,CurveVelA:19198
2027,global_train,42,1234,2,CurveVelA,CurveVel-A,25432,61500,893,CurveVelA:25432
2027,global_train,42,1234,2,CurveVelA,CurveVel-A,24751,16412,894,CurveVelA:24751
2027,global_train,42,1234,2,CurveVelA,CurveVel-A,621,202419,895,CurveVelA:621
2027,global_train,42,1234,2,CurveVelA,CurveVel-A,3381,207881,896,CurveVelA:3381
2027,global_train,42,1234,2,CurveVelA,CurveVel-A,28430,183735,897,CurveVelA:28430
2027,global_train,42,1234,2,CurveVelA,CurveVel-A,9787,228755,898,CurveVelA:9787
2027,global_train,42,1234,2,CurveVelA,CurveVel-A,7371,168034,899,CurveVelA:7371
2027,global_train,42,1234,2,CurveVelA,CurveVel-A,28325,130334,900,CurveVelA:28325
2027,global_train,42,1234,2,CurveVelA,CurveVel-A,453,211495,901,CurveVelA:453
2027,global_train,42,1234,2,CurveVelA,CurveVel-A,26494,74118,902,CurveVelA:26494
2027,global_train,42,1234,2,CurveVelA,CurveVel-A,19580,121421,903,CurveVelA:19580
2027,global_train,42,1234,2,CurveVelA,CurveVel-A,15419,68006,904,CurveVelA:15419
2027,global_train,42,1234,2,CurveVelA,CurveVel-A,656,110773,905,CurveVelA:656
2027,global_train,42,1234,2,CurveVelA,CurveVel-A,13969,12769,906,CurveVelA:13969
2027,global_train,42,1234,2,CurveVelA,CurveVel-A,22169,130750,907,CurveVelA:22169
2027,global_train,42,1234,2,CurveVelA,CurveVel-A,244,55399,908,CurveVelA:244
2027,global_train,42,1234,2,CurveVelA,CurveVel-A,21203,216079,909,CurveVelA:21203
2027,global_train,42,1234,2,CurveVelA,CurveVel-A,8148,2789,910,CurveVelA:8148
2027,global_train,42,1234,2,CurveVelA,CurveVel-A,23619,23284,911,CurveVelA:23619
2027,global_train,42,1234,2,CurveVelA,CurveVel-A,9404,225147,912,CurveVelA:9404
2027,global_train,42,1234,2,CurveVelA,CurveVel-A,24315,151666,913,CurveVelA:24315
2027,global_train,42,1234,2,CurveVelA,CurveVel-A,90,56873,914,CurveVelA:90
2027,global_train,42,1234,2,CurveVelA,CurveVel-A,13279,28489,915,CurveVelA:13279
2027,global_train,42,1234,2,CurveVelA,CurveVel-A,5320,193465,916,CurveVelA:5320
2027,global_train,42,1234,2,CurveVelA,CurveVel-A,3096,47821,917,CurveVelA:3096
2027,global_train,42,1234,2,CurveVelA,CurveVel-A,24236,45047,918,CurveVelA:24236
2027,global_train,42,1234,2,CurveVelA,CurveVel-A,13289,145727,919,CurveVelA:13289
2027,global_train,42,1234,2,CurveVelA,CurveVel-A,21847,227268,920,CurveVelA:21847
2027,global_train,42,1234,2,CurveVelA,CurveVel-A,10905,141810,921,CurveVelA:10905
2027,global_train,42,1234,2,CurveVelA,CurveVel-A,10249,49652,922,CurveVelA:10249
2027,global_train,42,1234,2,CurveVelA,CurveVel-A,20842,228192,923,CurveVelA:20842
2027,global_train,42,1234,2,CurveVelA,CurveVel-A,11237,188639,924,CurveVelA:11237
2027,global_train,42,1234,2,CurveVelA,CurveVel-A,8021,118925,925,CurveVelA:8021
2027,global_train,42,1234,2,CurveVelA,CurveVel-A,26447,73407,926,CurveVelA:26447
2027,global_train,42,1234,2,CurveVelA,CurveVel-A,8660,226177,927,CurveVelA:8660
2027,global_train,42,1234,2,CurveVelA,CurveVel-A,1713,140883,928,CurveVelA:1713
2027,global_train,42,1234,2,CurveVelA,CurveVel-A,23167,1822,929,CurveVelA:23167
2027,global_train,42,1234,2,CurveVelA,CurveVel-A,23247,28973,930,CurveVelA:23247
2027,global_train,42,1234,2,CurveVelA,CurveVel-A,22307,79519,931,CurveVelA:22307
2027,global_train,42,1234,2,CurveVelA,CurveVel-A,11100,228687,932,CurveVelA:11100
2027,global_train,42,1234,2,CurveVelA,CurveVel-A,6060,22885,933,CurveVelA:6060
2027,global_train,42,1234,2,CurveVelA,CurveVel-A,27298,16586,934,CurveVelA:27298
2027,global_train,42,1234,2,CurveVelA,CurveVel-A,20266,46473,935,CurveVelA:20266
2027,global_train,42,1234,2,CurveVelA,CurveVel-A,29310,189630,936,CurveVelA:29310
2027,global_train,42,1234,2,CurveVelA,CurveVel-A,21516,232540,937,CurveVelA:21516
2027,global_train,42,1234,2,CurveVelA,CurveVel-A,27790,161392,938,CurveVelA:27790
2027,global_train,42,1234,2,CurveVelA,CurveVel-A,17136,120320,939,CurveVelA:17136
2027,global_train,42,1234,2,CurveVelA,CurveVel-A,11522,48919,940,CurveVelA:11522
2027,global_train,42,1234,2,CurveVelA,CurveVel-A,23193,86432,941,CurveVelA:23193
2027,global_train,42,1234,2,CurveVelA,CurveVel-A,10750,174706,942,CurveVelA:10750
2027,global_train,42,1234,2,CurveVelA,CurveVel-A,22422,4733,943,CurveVelA:22422
2027,global_train,42,1234,2,CurveVelA,CurveVel-A,12553,92363,944,CurveVelA:12553
2027,global_train,42,1234,2,CurveVelA,CurveVel-A,9448,77789,945,CurveVelA:9448
2027,global_train,42,1234,2,CurveVelA,CurveVel-A,17514,202841,946,CurveVelA:17514
2027,global_train,42,1234,2,CurveVelA,CurveVel-A,22247,5646,947,CurveVelA:22247
2027,global_train,42,1234,2,CurveVelA,CurveVel-A,18331,208402,948,CurveVelA:18331
2027,global_train,42,1234,2,CurveVelA,CurveVel-A,5407,66932,949,CurveVelA:5407
2027,global_train,42,1234,2,CurveVelA,CurveVel-A,3891,205714,950,CurveVelA:3891
2027,global_train,42,1234,2,CurveVelA,CurveVel-A,5689,78131,951,CurveVelA:5689
2027,global_train,42,1234,2,CurveVelA,CurveVel-A,25993,68168,952,CurveVelA:25993
2027,global_train,42,1234,2,CurveVelA,CurveVel-A,23713,14942,953,CurveVelA:23713
2027,global_train,42,1234,2,CurveVelA,CurveVel-A,15926,220710,954,CurveVelA:15926
2027,global_train,42,1234,2,CurveVelA,CurveVel-A,4370,34552,955,CurveVelA:4370
2027,global_train,42,1234,2,CurveVelA,CurveVel-A,27755,19291,956,CurveVelA:27755
2027,global_train,42,1234,2,CurveVelA,CurveVel-A,14092,120996,957,CurveVelA:14092
2027,global_train,42,1234,2,CurveVelA,CurveVel-A,24324,113097,958,CurveVelA:24324
2027,global_train,42,1234,2,CurveVelA,CurveVel-A,15400,85270,959,CurveVelA:15400
2027,global_train,42,1234,2,CurveVelA,CurveVel-A,15414,11279,960,CurveVelA:15414
2027,global_train,42,1234,2,CurveVelA,CurveVel-A,27937,19189,961,CurveVelA:27937
2027,global_train,42,1234,2,CurveVelA,CurveVel-A,3500,207946,962,CurveVelA:3500
2027,global_train,42,1234,2,CurveVelA,CurveVel-A,9230,39485,963,CurveVelA:9230
2027,global_train,42,1234,2,CurveVelA,CurveVel-A,7900,156201,964,CurveVelA:7900
2027,global_train,42,1234,2,CurveVelA,CurveVel-A,2993,81521,965,CurveVelA:2993
2027,global_train,42,1234,2,CurveVelA,CurveVel-A,15392,212395,966,CurveVelA:15392
2027,global_train,42,1234,2,CurveVelA,CurveVel-A,11969,39011,967,CurveVelA:11969
2027,global_train,42,1234,2,CurveVelA,CurveVel-A,29057,226375,968,CurveVelA:29057
2027,global_train,42,1234,2,CurveVelA,CurveVel-A,24342,218804,969,CurveVelA:24342
2027,global_train,42,1234,2,CurveVelA,CurveVel-A,4559,11428,970,CurveVelA:4559
2027,global_train,42,1234,2,CurveVelA,CurveVel-A,991,4399,971,CurveVelA:991
2027,global_train,42,1234,2,CurveVelA,CurveVel-A,8621,16896,972,CurveVelA:8621
2027,global_train,42,1234,2,CurveVelA,CurveVel-A,4654,41672,973,CurveVelA:4654
2027,global_train,42,1234,2,CurveVelA,CurveVel-A,29417,157438,974,CurveVelA:29417
2027,global_train,42,1234,2,CurveVelA,CurveVel-A,18311,122096,975,CurveVelA:18311
2027,global_train,42,1234,2,CurveVelA,CurveVel-A,4482,110686,976,CurveVelA:4482
2027,global_train,42,1234,2,CurveVelA,CurveVel-A,17661,219969,977,CurveVelA:17661
2027,global_train,42,1234,2,CurveVelA,CurveVel-A,18899,182547,978,CurveVelA:18899
2027,global_train,42,1234,2,CurveVelA,CurveVel-A,1096,158243,979,CurveVelA:1096
2027,global_train,42,1234,2,CurveVelA,CurveVel-A,14624,171316,980,CurveVelA:14624
2027,global_train,42,1234,2,CurveVelA,CurveVel-A,12628,39794,981,CurveVelA:12628
2027,global_train,42,1234,2,CurveVelA,CurveVel-A,20645,76072,982,CurveVelA:20645
2027,global_train,42,1234,2,CurveVelA,CurveVel-A,5510,30377,983,CurveVelA:5510
2027,global_train,42,1234,2,CurveVelA,CurveVel-A,27657,193913,984,CurveVelA:27657
2027,global_train,42,1234,2,CurveVelA,CurveVel-A,2128,209907,985,CurveVelA:2128
2027,global_train,42,1234,2,CurveVelA,CurveVel-A,17001,112430,986,CurveVelA:17001
2027,global_train,42,1234,2,CurveVelA,CurveVel-A,16505,92606,987,CurveVelA:16505
2027,global_train,42,1234,2,CurveVelA,CurveVel-A,16673,215002,988,CurveVelA:16673
2027,global_train,42,1234,2,CurveVelA,CurveVel-A,22313,218061,989,CurveVelA:22313
2027,global_train,42,1234,2,CurveVelA,CurveVel-A,17383,168985,990,CurveVelA:17383
2027,global_train,42,1234,2,CurveVelA,CurveVel-A,10958,192977,991,CurveVelA:10958
2027,global_train,42,1234,2,CurveVelA,CurveVel-A,26792,73449,992,CurveVelA:26792
2027,global_train,42,1234,2,CurveVelA,CurveVel-A,9807,42853,993,CurveVelA:9807
2027,global_train,42,1234,2,CurveVelA,CurveVel-A,16443,135733,994,CurveVelA:16443
2027,global_train,42,1234,2,CurveVelA,CurveVel-A,20085,176736,995,CurveVelA:20085
2027,global_train,42,1234,2,CurveVelA,CurveVel-A,18690,57540,996,CurveVelA:18690
2027,global_train,42,1234,2,CurveVelA,CurveVel-A,21154,37516,997,CurveVelA:21154
2027,global_train,42,1234,2,CurveVelA,CurveVel-A,28561,50702,998,CurveVelA:28561
2027,global_train,42,1234,2,CurveVelA,CurveVel-A,3124,12661,999,CurveVelA:3124
2027,global_train,42,1234,3,CurveVelB,CurveVel-B,23747,13095,0,CurveVelB:23747
2027,global_train,42,1234,3,CurveVelB,CurveVel-B,9084,198540,1,CurveVelB:9084
2027,global_train,42,1234,3,CurveVelB,CurveVel-B,28850,50724,2,CurveVelB:28850
2027,global_train,42,1234,3,CurveVelB,CurveVel-B,5952,216844,3,CurveVelB:5952
2027,global_train,42,1234,3,CurveVelB,CurveVel-B,17505,16568,4,CurveVelB:17505
2027,global_train,42,1234,3,CurveVelB,CurveVel-B,26648,973,5,CurveVelB:26648
2027,global_train,42,1234,3,CurveVelB,CurveVel-B,1269,74465,6,CurveVelB:1269
2027,global_train,42,1234,3,CurveVelB,CurveVel-B,418,67259,7,CurveVelB:418
2027,global_train,42,1234,3,CurveVelB,CurveVel-B,3356,36743,8,CurveVelB:3356
2027,global_train,42,1234,3,CurveVelB,CurveVel-B,24566,159498,9,CurveVelB:24566
2027,global_train,42,1234,3,CurveVelB,CurveVel-B,28406,46624,10,CurveVelB:28406
2027,global_train,42,1234,3,CurveVelB,CurveVel-B,19665,147377,11,CurveVelB:19665
2027,global_train,42,1234,3,CurveVelB,CurveVel-B,19633,188178,12,CurveVelB:19633
2027,global_train,42,1234,3,CurveVelB,CurveVel-B,8761,217940,13,CurveVelB:8761
2027,global_train,42,1234,3,CurveVelB,CurveVel-B,25238,146615,14,CurveVelB:25238
2027,global_train,42,1234,3,CurveVelB,CurveVel-B,640,224129,15,CurveVelB:640
2027,global_train,42,1234,3,CurveVelB,CurveVel-B,3199,142834,16,CurveVelB:3199
2027,global_train,42,1234,3,CurveVelB,CurveVel-B,9453,81681,17,CurveVelB:9453
2027,global_train,42,1234,3,CurveVelB,CurveVel-B,17558,224729,18,CurveVelB:17558
2027,global_train,42,1234,3,CurveVelB,CurveVel-B,11857,176586,19,CurveVelB:11857
2027,global_train,42,1234,3,CurveVelB,CurveVel-B,4546,57351,20,CurveVelB:4546
2027,global_train,42,1234,3,CurveVelB,CurveVel-B,14000,56857,21,CurveVelB:14000
2027,global_train,42,1234,3,CurveVelB,CurveVel-B,3027,34330,22,CurveVelB:3027
2027,global_train,42,1234,3,CurveVelB,CurveVel-B,29907,121300,23,CurveVelB:29907
2027,global_train,42,1234,3,CurveVelB,CurveVel-B,1438,108388,24,CurveVelB:1438
2027,global_train,42,1234,3,CurveVelB,CurveVel-B,21686,223120,25,CurveVelB:21686
2027,global_train,42,1234,3,CurveVelB,CurveVel-B,15461,160457,26,CurveVelB:15461
2027,global_train,42,1234,3,CurveVelB,CurveVel-B,19536,50644,27,CurveVelB:19536
2027,global_train,42,1234,3,CurveVelB,CurveVel-B,14679,194335,28,CurveVelB:14679
2027,global_train,42,1234,3,CurveVelB,CurveVel-B,11291,4232,29,CurveVelB:11291
2027,global_train,42,1234,3,CurveVelB,CurveVel-B,21388,151842,30,CurveVelB:21388
2027,global_train,42,1234,3,CurveVelB,CurveVel-B,14675,144416,31,CurveVelB:14675
2027,global_train,42,1234,3,CurveVelB,CurveVel-B,15359,111586,32,CurveVelB:15359
2027,global_train,42,1234,3,CurveVelB,CurveVel-B,22551,227882,33,CurveVelB:22551
2027,global_train,42,1234,3,CurveVelB,CurveVel-B,29320,64521,34,CurveVelB:29320
2027,global_train,42,1234,3,CurveVelB,CurveVel-B,2347,50600,35,CurveVelB:2347
2027,global_train,42,1234,3,CurveVelB,CurveVel-B,23538,111008,36,CurveVelB:23538
2027,global_train,42,1234,3,CurveVelB,CurveVel-B,14771,117150,37,CurveVelB:14771
2027,global_train,42,1234,3,CurveVelB,CurveVel-B,20907,102420,38,CurveVelB:20907
2027,global_train,42,1234,3,CurveVelB,CurveVel-B,4996,132541,39,CurveVelB:4996
2027,global_train,42,1234,3,CurveVelB,CurveVel-B,3396,66148,40,CurveVelB:3396
2027,global_train,42,1234,3,CurveVelB,CurveVel-B,491,213318,41,CurveVelB:491
2027,global_train,42,1234,3,CurveVelB,CurveVel-B,3528,18565,42,CurveVelB:3528
2027,global_train,42,1234,3,CurveVelB,CurveVel-B,15933,81093,43,CurveVelB:15933
2027,global_train,42,1234,3,CurveVelB,CurveVel-B,27560,22632,44,CurveVelB:27560
2027,global_train,42,1234,3,CurveVelB,CurveVel-B,26887,233426,45,CurveVelB:26887
2027,global_train,42,1234,3,CurveVelB,CurveVel-B,29493,8206,46,CurveVelB:29493
2027,global_train,42,1234,3,CurveVelB,CurveVel-B,12545,146026,47,CurveVelB:12545
2027,global_train,42,1234,3,CurveVelB,CurveVel-B,18596,200812,48,CurveVelB:18596
2027,global_train,42,1234,3,CurveVelB,CurveVel-B,20110,78486,49,CurveVelB:20110
2027,global_train,42,1234,3,CurveVelB,CurveVel-B,20502,220783,50,CurveVelB:20502
2027,global_train,42,1234,3,CurveVelB,CurveVel-B,14739,25394,51,CurveVelB:14739
2027,global_train,42,1234,3,CurveVelB,CurveVel-B,7422,64189,52,CurveVelB:7422
2027,global_train,42,1234,3,CurveVelB,CurveVel-B,7676,62549,53,CurveVelB:7676
2027,global_train,42,1234,3,CurveVelB,CurveVel-B,20212,15542,54,CurveVelB:20212
2027,global_train,42,1234,3,CurveVelB,CurveVel-B,14238,113272,55,CurveVelB:14238
2027,global_train,42,1234,3,CurveVelB,CurveVel-B,21428,166072,56,CurveVelB:21428
2027,global_train,42,1234,3,CurveVelB,CurveVel-B,13992,143099,57,CurveVelB:13992
2027,global_train,42,1234,3,CurveVelB,CurveVel-B,20781,93344,58,CurveVelB:20781
2027,global_train,42,1234,3,CurveVelB,CurveVel-B,22328,67912,59,CurveVelB:22328
2027,global_train,42,1234,3,CurveVelB,CurveVel-B,3879,81155,60,CurveVelB:3879
2027,global_train,42,1234,3,CurveVelB,CurveVel-B,3447,44099,61,CurveVelB:3447
2027,global_train,42,1234,3,CurveVelB,CurveVel-B,25078,199418,62,CurveVelB:25078
2027,global_train,42,1234,3,CurveVelB,CurveVel-B,16251,107787,63,CurveVelB:16251
2027,global_train,42,1234,3,CurveVelB,CurveVel-B,26453,205150,64,CurveVelB:26453
2027,global_train,42,1234,3,CurveVelB,CurveVel-B,17485,145275,65,CurveVelB:17485
2027,global_train,42,1234,3,CurveVelB,CurveVel-B,17648,10196,66,CurveVelB:17648
2027,global_train,42,1234,3,CurveVelB,CurveVel-B,202,9343,67,CurveVelB:202
2027,global_train,42,1234,3,CurveVelB,CurveVel-B,22371,163640,68,CurveVelB:22371
2027,global_train,42,1234,3,CurveVelB,CurveVel-B,20071,200853,69,CurveVelB:20071
2027,global_train,42,1234,3,CurveVelB,CurveVel-B,26474,41759,70,CurveVelB:26474
2027,global_train,42,1234,3,CurveVelB,CurveVel-B,24588,226138,71,CurveVelB:24588
2027,global_train,42,1234,3,CurveVelB,CurveVel-B,14934,127441,72,CurveVelB:14934
2027,global_train,42,1234,3,CurveVelB,CurveVel-B,23068,40712,73,CurveVelB:23068
2027,global_train,42,1234,3,CurveVelB,CurveVel-B,13452,19320,74,CurveVelB:13452
2027,global_train,42,1234,3,CurveVelB,CurveVel-B,7240,56037,75,CurveVelB:7240
2027,global_train,42,1234,3,CurveVelB,CurveVel-B,15109,226273,76,CurveVelB:15109
2027,global_train,42,1234,3,CurveVelB,CurveVel-B,7264,19828,77,CurveVelB:7264
2027,global_train,42,1234,3,CurveVelB,CurveVel-B,7117,120594,78,CurveVelB:7117
2027,global_train,42,1234,3,CurveVelB,CurveVel-B,19461,8485,79,CurveVelB:19461
2027,global_train,42,1234,3,CurveVelB,CurveVel-B,1774,148299,80,CurveVelB:1774
2027,global_train,42,1234,3,CurveVelB,CurveVel-B,10450,179169,81,CurveVelB:10450
2027,global_train,42,1234,3,CurveVelB,CurveVel-B,3843,15115,82,CurveVelB:3843
2027,global_train,42,1234,3,CurveVelB,CurveVel-B,12725,41574,83,CurveVelB:12725
2027,global_train,42,1234,3,CurveVelB,CurveVel-B,3549,203609,84,CurveVelB:3549
2027,global_train,42,1234,3,CurveVelB,CurveVel-B,20244,71342,85,CurveVelB:20244
2027,global_train,42,1234,3,CurveVelB,CurveVel-B,18747,211760,86,CurveVelB:18747
2027,global_train,42,1234,3,CurveVelB,CurveVel-B,20543,231210,87,CurveVelB:20543
2027,global_train,42,1234,3,CurveVelB,CurveVel-B,1332,73503,88,CurveVelB:1332
2027,global_train,42,1234,3,CurveVelB,CurveVel-B,8649,150068,89,CurveVelB:8649
2027,global_train,42,1234,3,CurveVelB,CurveVel-B,14284,117702,90,CurveVelB:14284
2027,global_train,42,1234,3,CurveVelB,CurveVel-B,23759,205451,91,CurveVelB:23759
2027,global_train,42,1234,3,CurveVelB,CurveVel-B,16321,144575,92,CurveVelB:16321
2027,global_train,42,1234,3,CurveVelB,CurveVel-B,521,182110,93,CurveVelB:521
2027,global_train,42,1234,3,CurveVelB,CurveVel-B,5071,145933,94,CurveVelB:5071
2027,global_train,42,1234,3,CurveVelB,CurveVel-B,18586,188076,95,CurveVelB:18586
2027,global_train,42,1234,3,CurveVelB,CurveVel-B,989,132797,96,CurveVelB:989
2027,global_train,42,1234,3,CurveVelB,CurveVel-B,25088,47429,97,CurveVelB:25088
2027,global_train,42,1234,3,CurveVelB,CurveVel-B,29948,22214,98,CurveVelB:29948
2027,global_train,42,1234,3,CurveVelB,CurveVel-B,10941,206823,99,CurveVelB:10941
2027,global_train,42,1234,3,CurveVelB,CurveVel-B,23114,47213,100,CurveVelB:23114
2027,global_train,42,1234,3,CurveVelB,CurveVel-B,7409,226846,101,CurveVelB:7409
2027,global_train,42,1234,3,CurveVelB,CurveVel-B,15307,190339,102,CurveVelB:15307
2027,global_train,42,1234,3,CurveVelB,CurveVel-B,2450,6204,103,CurveVelB:2450
2027,global_train,42,1234,3,CurveVelB,CurveVel-B,13227,50315,104,CurveVelB:13227
2027,global_train,42,1234,3,CurveVelB,CurveVel-B,16974,142750,105,CurveVelB:16974
2027,global_train,42,1234,3,CurveVelB,CurveVel-B,22883,82463,106,CurveVelB:22883
2027,global_train,42,1234,3,CurveVelB,CurveVel-B,6669,117991,107,CurveVelB:6669
2027,global_train,42,1234,3,CurveVelB,CurveVel-B,18104,133572,108,CurveVelB:18104
2027,global_train,42,1234,3,CurveVelB,CurveVel-B,12059,192208,109,CurveVelB:12059
2027,global_train,42,1234,3,CurveVelB,CurveVel-B,14812,138724,110,CurveVelB:14812
2027,global_train,42,1234,3,CurveVelB,CurveVel-B,29738,147326,111,CurveVelB:29738
2027,global_train,42,1234,3,CurveVelB,CurveVel-B,20707,215018,112,CurveVelB:20707
2027,global_train,42,1234,3,CurveVelB,CurveVel-B,5715,159331,113,CurveVelB:5715
2027,global_train,42,1234,3,CurveVelB,CurveVel-B,28645,134501,114,CurveVelB:28645
2027,global_train,42,1234,3,CurveVelB,CurveVel-B,19497,77035,115,CurveVelB:19497
2027,global_train,42,1234,3,CurveVelB,CurveVel-B,12747,43556,116,CurveVelB:12747
2027,global_train,42,1234,3,CurveVelB,CurveVel-B,12946,72003,117,CurveVelB:12946
2027,global_train,42,1234,3,CurveVelB,CurveVel-B,1260,19307,118,CurveVelB:1260
2027,global_train,42,1234,3,CurveVelB,CurveVel-B,24968,26259,119,CurveVelB:24968
2027,global_train,42,1234,3,CurveVelB,CurveVel-B,8365,163270,120,CurveVelB:8365
2027,global_train,42,1234,3,CurveVelB,CurveVel-B,3886,186858,121,CurveVelB:3886
2027,global_train,42,1234,3,CurveVelB,CurveVel-B,6450,48806,122,CurveVelB:6450
2027,global_train,42,1234,3,CurveVelB,CurveVel-B,28909,29891,123,CurveVelB:28909
2027,global_train,42,1234,3,CurveVelB,CurveVel-B,18537,194385,124,CurveVelB:18537
2027,global_train,42,1234,3,CurveVelB,CurveVel-B,5801,105782,125,CurveVelB:5801
2027,global_train,42,1234,3,CurveVelB,CurveVel-B,5123,73504,126,CurveVelB:5123
2027,global_train,42,1234,3,CurveVelB,CurveVel-B,7329,192425,127,CurveVelB:7329
2027,global_train,42,1234,3,CurveVelB,CurveVel-B,14473,4685,128,CurveVelB:14473
2027,global_train,42,1234,3,CurveVelB,CurveVel-B,21762,103693,129,CurveVelB:21762
2027,global_train,42,1234,3,CurveVelB,CurveVel-B,7049,198954,130,CurveVelB:7049
2027,global_train,42,1234,3,CurveVelB,CurveVel-B,12650,32826,131,CurveVelB:12650
2027,global_train,42,1234,3,CurveVelB,CurveVel-B,29834,48106,132,CurveVelB:29834
2027,global_train,42,1234,3,CurveVelB,CurveVel-B,13597,217720,133,CurveVelB:13597
2027,global_train,42,1234,3,CurveVelB,CurveVel-B,20541,40444,134,CurveVelB:20541
2027,global_train,42,1234,3,CurveVelB,CurveVel-B,2814,51226,135,CurveVelB:2814
2027,global_train,42,1234,3,CurveVelB,CurveVel-B,4887,42251,136,CurveVelB:4887
2027,global_train,42,1234,3,CurveVelB,CurveVel-B,27793,200058,137,CurveVelB:27793
2027,global_train,42,1234,3,CurveVelB,CurveVel-B,4863,32184,138,CurveVelB:4863
2027,global_train,42,1234,3,CurveVelB,CurveVel-B,15416,12076,139,CurveVelB:15416
2027,global_train,42,1234,3,CurveVelB,CurveVel-B,15888,102624,140,CurveVelB:15888
2027,global_train,42,1234,3,CurveVelB,CurveVel-B,20771,95132,141,CurveVelB:20771
2027,global_train,42,1234,3,CurveVelB,CurveVel-B,28731,13756,142,CurveVelB:28731
2027,global_train,42,1234,3,CurveVelB,CurveVel-B,18208,191434,143,CurveVelB:18208
2027,global_train,42,1234,3,CurveVelB,CurveVel-B,27000,63055,144,CurveVelB:27000
2027,global_train,42,1234,3,CurveVelB,CurveVel-B,24368,262,145,CurveVelB:24368
2027,global_train,42,1234,3,CurveVelB,CurveVel-B,18451,194907,146,CurveVelB:18451
2027,global_train,42,1234,3,CurveVelB,CurveVel-B,8406,221204,147,CurveVelB:8406
2027,global_train,42,1234,3,CurveVelB,CurveVel-B,27349,100996,148,CurveVelB:27349
2027,global_train,42,1234,3,CurveVelB,CurveVel-B,3572,194147,149,CurveVelB:3572
2027,global_train,42,1234,3,CurveVelB,CurveVel-B,26710,121660,150,CurveVelB:26710
2027,global_train,42,1234,3,CurveVelB,CurveVel-B,2608,69698,151,CurveVelB:2608
2027,global_train,42,1234,3,CurveVelB,CurveVel-B,29581,120081,152,CurveVelB:29581
2027,global_train,42,1234,3,CurveVelB,CurveVel-B,12814,65507,153,CurveVelB:12814
2027,global_train,42,1234,3,CurveVelB,CurveVel-B,3185,127504,154,CurveVelB:3185
2027,global_train,42,1234,3,CurveVelB,CurveVel-B,20893,112166,155,CurveVelB:20893
2027,global_train,42,1234,3,CurveVelB,CurveVel-B,23142,117537,156,CurveVelB:23142
2027,global_train,42,1234,3,CurveVelB,CurveVel-B,15399,86815,157,CurveVelB:15399
2027,global_train,42,1234,3,CurveVelB,CurveVel-B,22400,12137,158,CurveVelB:22400
2027,global_train,42,1234,3,CurveVelB,CurveVel-B,25146,233486,159,CurveVelB:25146
2027,global_train,42,1234,3,CurveVelB,CurveVel-B,13827,162316,160,CurveVelB:13827
2027,global_train,42,1234,3,CurveVelB,CurveVel-B,25190,179857,161,CurveVelB:25190
2027,global_train,42,1234,3,CurveVelB,CurveVel-B,25334,94173,162,CurveVelB:25334
2027,global_train,42,1234,3,CurveVelB,CurveVel-B,26577,154331,163,CurveVelB:26577
2027,global_train,42,1234,3,CurveVelB,CurveVel-B,16825,66864,164,CurveVelB:16825
2027,global_train,42,1234,3,CurveVelB,CurveVel-B,25524,163022,165,CurveVelB:25524
2027,global_train,42,1234,3,CurveVelB,CurveVel-B,25248,210375,166,CurveVelB:25248
2027,global_train,42,1234,3,CurveVelB,CurveVel-B,21085,4213,167,CurveVelB:21085
2027,global_train,42,1234,3,CurveVelB,CurveVel-B,21361,1594,168,CurveVelB:21361
2027,global_train,42,1234,3,CurveVelB,CurveVel-B,26262,168528,169,CurveVelB:26262
2027,global_train,42,1234,3,CurveVelB,CurveVel-B,17689,115227,170,CurveVelB:17689
2027,global_train,42,1234,3,CurveVelB,CurveVel-B,27681,226848,171,CurveVelB:27681
2027,global_train,42,1234,3,CurveVelB,CurveVel-B,28580,180935,172,CurveVelB:28580
2027,global_train,42,1234,3,CurveVelB,CurveVel-B,27936,30002,173,CurveVelB:27936
2027,global_train,42,1234,3,CurveVelB,CurveVel-B,18591,154867,174,CurveVelB:18591
2027,global_train,42,1234,3,CurveVelB,CurveVel-B,20301,225412,175,CurveVelB:20301
2027,global_train,42,1234,3,CurveVelB,CurveVel-B,13388,33008,176,CurveVelB:13388
2027,global_train,42,1234,3,CurveVelB,CurveVel-B,21657,183803,177,CurveVelB:21657
2027,global_train,42,1234,3,CurveVelB,CurveVel-B,17929,123738,178,CurveVelB:17929
2027,global_train,42,1234,3,CurveVelB,CurveVel-B,27742,95591,179,CurveVelB:27742
2027,global_train,42,1234,3,CurveVelB,CurveVel-B,906,84832,180,CurveVelB:906
2027,global_train,42,1234,3,CurveVelB,CurveVel-B,27941,95276,181,CurveVelB:27941
2027,global_train,42,1234,3,CurveVelB,CurveVel-B,12984,31049,182,CurveVelB:12984
2027,global_train,42,1234,3,CurveVelB,CurveVel-B,29051,40363,183,CurveVelB:29051
2027,global_train,42,1234,3,CurveVelB,CurveVel-B,4186,197267,184,CurveVelB:4186
2027,global_train,42,1234,3,CurveVelB,CurveVel-B,9403,53398,185,CurveVelB:9403
2027,global_train,42,1234,3,CurveVelB,CurveVel-B,22567,114755,186,CurveVelB:22567
2027,global_train,42,1234,3,CurveVelB,CurveVel-B,26558,135763,187,CurveVelB:26558
2027,global_train,42,1234,3,CurveVelB,CurveVel-B,10262,234461,188,CurveVelB:10262
2027,global_train,42,1234,3,CurveVelB,CurveVel-B,11536,234842,189,CurveVelB:11536
2027,global_train,42,1234,3,CurveVelB,CurveVel-B,28848,42545,190,CurveVelB:28848
2027,global_train,42,1234,3,CurveVelB,CurveVel-B,16062,51876,191,CurveVelB:16062
2027,global_train,42,1234,3,CurveVelB,CurveVel-B,15796,141208,192,CurveVelB:15796
2027,global_train,42,1234,3,CurveVelB,CurveVel-B,3543,160424,193,CurveVelB:3543
2027,global_train,42,1234,3,CurveVelB,CurveVel-B,23195,148110,194,CurveVelB:23195
2027,global_train,42,1234,3,CurveVelB,CurveVel-B,29201,33334,195,CurveVelB:29201
2027,global_train,42,1234,3,CurveVelB,CurveVel-B,29463,157726,196,CurveVelB:29463
2027,global_train,42,1234,3,CurveVelB,CurveVel-B,2125,166419,197,CurveVelB:2125
2027,global_train,42,1234,3,CurveVelB,CurveVel-B,18717,177694,198,CurveVelB:18717
2027,global_train,42,1234,3,CurveVelB,CurveVel-B,10024,229988,199,CurveVelB:10024
2027,global_train,42,1234,3,CurveVelB,CurveVel-B,9328,73063,200,CurveVelB:9328
2027,global_train,42,1234,3,CurveVelB,CurveVel-B,3245,59912,201,CurveVelB:3245
2027,global_train,42,1234,3,CurveVelB,CurveVel-B,6560,12977,202,CurveVelB:6560
2027,global_train,42,1234,3,CurveVelB,CurveVel-B,26732,217848,203,CurveVelB:26732
2027,global_train,42,1234,3,CurveVelB,CurveVel-B,28830,121629,204,CurveVelB:28830
2027,global_train,42,1234,3,CurveVelB,CurveVel-B,18373,231809,205,CurveVelB:18373
2027,global_train,42,1234,3,CurveVelB,CurveVel-B,22024,216556,206,CurveVelB:22024
2027,global_train,42,1234,3,CurveVelB,CurveVel-B,5201,183140,207,CurveVelB:5201
2027,global_train,42,1234,3,CurveVelB,CurveVel-B,2041,226612,208,CurveVelB:2041
2027,global_train,42,1234,3,CurveVelB,CurveVel-B,26298,21436,209,CurveVelB:26298
2027,global_train,42,1234,3,CurveVelB,CurveVel-B,25837,143816,210,CurveVelB:25837
2027,global_train,42,1234,3,CurveVelB,CurveVel-B,5090,56098,211,CurveVelB:5090
2027,global_train,42,1234,3,CurveVelB,CurveVel-B,21946,12784,212,CurveVelB:21946
2027,global_train,42,1234,3,CurveVelB,CurveVel-B,14961,57061,213,CurveVelB:14961
2027,global_train,42,1234,3,CurveVelB,CurveVel-B,20346,156243,214,CurveVelB:20346
2027,global_train,42,1234,3,CurveVelB,CurveVel-B,13137,225054,215,CurveVelB:13137
2027,global_train,42,1234,3,CurveVelB,CurveVel-B,2275,191136,216,CurveVelB:2275
2027,global_train,42,1234,3,CurveVelB,CurveVel-B,7222,164484,217,CurveVelB:7222
2027,global_train,42,1234,3,CurveVelB,CurveVel-B,17405,131045,218,CurveVelB:17405
2027,global_train,42,1234,3,CurveVelB,CurveVel-B,4797,218253,219,CurveVelB:4797
2027,global_train,42,1234,3,CurveVelB,CurveVel-B,14066,197465,220,CurveVelB:14066
2027,global_train,42,1234,3,CurveVelB,CurveVel-B,13952,230696,221,CurveVelB:13952
2027,global_train,42,1234,3,CurveVelB,CurveVel-B,26065,204483,222,CurveVelB:26065
2027,global_train,42,1234,3,CurveVelB,CurveVel-B,13213,170120,223,CurveVelB:13213
2027,global_train,42,1234,3,CurveVelB,CurveVel-B,29711,180296,224,CurveVelB:29711
2027,global_train,42,1234,3,CurveVelB,CurveVel-B,27632,231892,225,CurveVelB:27632
2027,global_train,42,1234,3,CurveVelB,CurveVel-B,7394,74872,226,CurveVelB:7394
2027,global_train,42,1234,3,CurveVelB,CurveVel-B,8793,106011,227,CurveVelB:8793
2027,global_train,42,1234,3,CurveVelB,CurveVel-B,183,229179,228,CurveVelB:183
2027,global_train,42,1234,3,CurveVelB,CurveVel-B,19626,197338,229,CurveVelB:19626
2027,global_train,42,1234,3,CurveVelB,CurveVel-B,24906,84469,230,CurveVelB:24906
2027,global_train,42,1234,3,CurveVelB,CurveVel-B,6547,28897,231,CurveVelB:6547
2027,global_train,42,1234,3,CurveVelB,CurveVel-B,15027,13734,232,CurveVelB:15027
2027,global_train,42,1234,3,CurveVelB,CurveVel-B,16622,59136,233,CurveVelB:16622
2027,global_train,42,1234,3,CurveVelB,CurveVel-B,8305,19286,234,CurveVelB:8305
2027,global_train,42,1234,3,CurveVelB,CurveVel-B,27854,60771,235,CurveVelB:27854
2027,global_train,42,1234,3,CurveVelB,CurveVel-B,17483,161179,236,CurveVelB:17483
2027,global_train,42,1234,3,CurveVelB,CurveVel-B,3115,100963,237,CurveVelB:3115
2027,global_train,42,1234,3,CurveVelB,CurveVel-B,3675,15229,238,CurveVelB:3675
2027,global_train,42,1234,3,CurveVelB,CurveVel-B,23176,199602,239,CurveVelB:23176
2027,global_train,42,1234,3,CurveVelB,CurveVel-B,13031,9752,240,CurveVelB:13031
2027,global_train,42,1234,3,CurveVelB,CurveVel-B,2883,94507,241,CurveVelB:2883
2027,global_train,42,1234,3,CurveVelB,CurveVel-B,16293,60980,242,CurveVelB:16293
2027,global_train,42,1234,3,CurveVelB,CurveVel-B,1233,49031,243,CurveVelB:1233
2027,global_train,42,1234,3,CurveVelB,CurveVel-B,1272,147396,244,CurveVelB:1272
2027,global_train,42,1234,3,CurveVelB,CurveVel-B,26952,10783,245,CurveVelB:26952
2027,global_train,42,1234,3,CurveVelB,CurveVel-B,14662,35109,246,CurveVelB:14662
2027,global_train,42,1234,3,CurveVelB,CurveVel-B,8657,106596,247,CurveVelB:8657
2027,global_train,42,1234,3,CurveVelB,CurveVel-B,22496,231768,248,CurveVelB:22496
2027,global_train,42,1234,3,CurveVelB,CurveVel-B,28327,208857,249,CurveVelB:28327
2027,global_train,42,1234,3,CurveVelB,CurveVel-B,23525,5212,250,CurveVelB:23525
2027,global_train,42,1234,3,CurveVelB,CurveVel-B,16044,155397,251,CurveVelB:16044
2027,global_train,42,1234,3,CurveVelB,CurveVel-B,3891,65679,252,CurveVelB:3891
2027,global_train,42,1234,3,CurveVelB,CurveVel-B,9042,225829,253,CurveVelB:9042
2027,global_train,42,1234,3,CurveVelB,CurveVel-B,25804,144139,254,CurveVelB:25804
2027,global_train,42,1234,3,CurveVelB,CurveVel-B,27754,75800,255,CurveVelB:27754
2027,global_train,42,1234,3,CurveVelB,CurveVel-B,13145,91360,256,CurveVelB:13145
2027,global_train,42,1234,3,CurveVelB,CurveVel-B,24791,235027,257,CurveVelB:24791
2027,global_train,42,1234,3,CurveVelB,CurveVel-B,3804,24633,258,CurveVelB:3804
2027,global_train,42,1234,3,CurveVelB,CurveVel-B,22783,93840,259,CurveVelB:22783
2027,global_train,42,1234,3,CurveVelB,CurveVel-B,24160,169247,260,CurveVelB:24160
2027,global_train,42,1234,3,CurveVelB,CurveVel-B,7814,205393,261,CurveVelB:7814
2027,global_train,42,1234,3,CurveVelB,CurveVel-B,29445,162320,262,CurveVelB:29445
2027,global_train,42,1234,3,CurveVelB,CurveVel-B,15766,138696,263,CurveVelB:15766
2027,global_train,42,1234,3,CurveVelB,CurveVel-B,27686,170640,264,CurveVelB:27686
2027,global_train,42,1234,3,CurveVelB,CurveVel-B,20891,24478,265,CurveVelB:20891
2027,global_train,42,1234,3,CurveVelB,CurveVel-B,14372,215725,266,CurveVelB:14372
2027,global_train,42,1234,3,CurveVelB,CurveVel-B,729,39136,267,CurveVelB:729
2027,global_train,42,1234,3,CurveVelB,CurveVel-B,23432,16037,268,CurveVelB:23432
2027,global_train,42,1234,3,CurveVelB,CurveVel-B,28542,40491,269,CurveVelB:28542
2027,global_train,42,1234,3,CurveVelB,CurveVel-B,16908,138006,270,CurveVelB:16908
2027,global_train,42,1234,3,CurveVelB,CurveVel-B,2272,218107,271,CurveVelB:2272
2027,global_train,42,1234,3,CurveVelB,CurveVel-B,26317,10768,272,CurveVelB:26317
2027,global_train,42,1234,3,CurveVelB,CurveVel-B,2409,142583,273,CurveVelB:2409
2027,global_train,42,1234,3,CurveVelB,CurveVel-B,1173,152998,274,CurveVelB:1173
2027,global_train,42,1234,3,CurveVelB,CurveVel-B,20348,32741,275,CurveVelB:20348
2027,global_train,42,1234,3,CurveVelB,CurveVel-B,6700,28550,276,CurveVelB:6700
2027,global_train,42,1234,3,CurveVelB,CurveVel-B,9297,26993,277,CurveVelB:9297
2027,global_train,42,1234,3,CurveVelB,CurveVel-B,29794,49380,278,CurveVelB:29794
2027,global_train,42,1234,3,CurveVelB,CurveVel-B,14221,36991,279,CurveVelB:14221
2027,global_train,42,1234,3,CurveVelB,CurveVel-B,23936,60021,280,CurveVelB:23936
2027,global_train,42,1234,3,CurveVelB,CurveVel-B,339,190121,281,CurveVelB:339
2027,global_train,42,1234,3,CurveVelB,CurveVel-B,15297,21066,282,CurveVelB:15297
2027,global_train,42,1234,3,CurveVelB,CurveVel-B,11400,43337,283,CurveVelB:11400
2027,global_train,42,1234,3,CurveVelB,CurveVel-B,11067,164106,284,CurveVelB:11067
2027,global_train,42,1234,3,CurveVelB,CurveVel-B,2010,169526,285,CurveVelB:2010
2027,global_train,42,1234,3,CurveVelB,CurveVel-B,17226,60156,286,CurveVelB:17226
2027,global_train,42,1234,3,CurveVelB,CurveVel-B,6724,232102,287,CurveVelB:6724
2027,global_train,42,1234,3,CurveVelB,CurveVel-B,23046,125814,288,CurveVelB:23046
2027,global_train,42,1234,3,CurveVelB,CurveVel-B,18073,86705,289,CurveVelB:18073
2027,global_train,42,1234,3,CurveVelB,CurveVel-B,16050,163625,290,CurveVelB:16050
2027,global_train,42,1234,3,CurveVelB,CurveVel-B,4047,15153,291,CurveVelB:4047
2027,global_train,42,1234,3,CurveVelB,CurveVel-B,13963,79382,292,CurveVelB:13963
2027,global_train,42,1234,3,CurveVelB,CurveVel-B,25940,205926,293,CurveVelB:25940
2027,global_train,42,1234,3,CurveVelB,CurveVel-B,24077,103095,294,CurveVelB:24077
2027,global_train,42,1234,3,CurveVelB,CurveVel-B,287,158307,295,CurveVelB:287
2027,global_train,42,1234,3,CurveVelB,CurveVel-B,5892,137092,296,CurveVelB:5892
2027,global_train,42,1234,3,CurveVelB,CurveVel-B,26923,97718,297,CurveVelB:26923
2027,global_train,42,1234,3,CurveVelB,CurveVel-B,25432,197842,298,CurveVelB:25432
2027,global_train,42,1234,3,CurveVelB,CurveVel-B,10232,28085,299,CurveVelB:10232
2027,global_train,42,1234,3,CurveVelB,CurveVel-B,10029,11282,300,CurveVelB:10029
2027,global_train,42,1234,3,CurveVelB,CurveVel-B,1345,81332,301,CurveVelB:1345
2027,global_train,42,1234,3,CurveVelB,CurveVel-B,12835,233711,302,CurveVelB:12835
2027,global_train,42,1234,3,CurveVelB,CurveVel-B,29241,36059,303,CurveVelB:29241
2027,global_train,42,1234,3,CurveVelB,CurveVel-B,1868,75158,304,CurveVelB:1868
2027,global_train,42,1234,3,CurveVelB,CurveVel-B,10599,16539,305,CurveVelB:10599
2027,global_train,42,1234,3,CurveVelB,CurveVel-B,9966,42989,306,CurveVelB:9966
2027,global_train,42,1234,3,CurveVelB,CurveVel-B,24553,96584,307,CurveVelB:24553
2027,global_train,42,1234,3,CurveVelB,CurveVel-B,1455,19106,308,CurveVelB:1455
2027,global_train,42,1234,3,CurveVelB,CurveVel-B,329,137477,309,CurveVelB:329
2027,global_train,42,1234,3,CurveVelB,CurveVel-B,17599,174019,310,CurveVelB:17599
2027,global_train,42,1234,3,CurveVelB,CurveVel-B,12548,213033,311,CurveVelB:12548
2027,global_train,42,1234,3,CurveVelB,CurveVel-B,10273,157555,312,CurveVelB:10273
2027,global_train,42,1234,3,CurveVelB,CurveVel-B,21991,61212,313,CurveVelB:21991
2027,global_train,42,1234,3,CurveVelB,CurveVel-B,17298,204772,314,CurveVelB:17298
2027,global_train,42,1234,3,CurveVelB,CurveVel-B,23524,206102,315,CurveVelB:23524
2027,global_train,42,1234,3,CurveVelB,CurveVel-B,24147,14829,316,CurveVelB:24147
2027,global_train,42,1234,3,CurveVelB,CurveVel-B,22128,124875,317,CurveVelB:22128
2027,global_train,42,1234,3,CurveVelB,CurveVel-B,22398,184495,318,CurveVelB:22398
2027,global_train,42,1234,3,CurveVelB,CurveVel-B,28572,115867,319,CurveVelB:28572
2027,global_train,42,1234,3,CurveVelB,CurveVel-B,7257,117724,320,CurveVelB:7257
2027,global_train,42,1234,3,CurveVelB,CurveVel-B,909,159175,321,CurveVelB:909
2027,global_train,42,1234,3,CurveVelB,CurveVel-B,24025,178671,322,CurveVelB:24025
2027,global_train,42,1234,3,CurveVelB,CurveVel-B,14557,176649,323,CurveVelB:14557
2027,global_train,42,1234,3,CurveVelB,CurveVel-B,9429,99848,324,CurveVelB:9429
2027,global_train,42,1234,3,CurveVelB,CurveVel-B,8659,36696,325,CurveVelB:8659
2027,global_train,42,1234,3,CurveVelB,CurveVel-B,25336,40795,326,CurveVelB:25336
2027,global_train,42,1234,3,CurveVelB,CurveVel-B,26020,163808,327,CurveVelB:26020
2027,global_train,42,1234,3,CurveVelB,CurveVel-B,28241,177907,328,CurveVelB:28241
2027,global_train,42,1234,3,CurveVelB,CurveVel-B,29994,92485,329,CurveVelB:29994
2027,global_train,42,1234,3,CurveVelB,CurveVel-B,24256,18627,330,CurveVelB:24256
2027,global_train,42,1234,3,CurveVelB,CurveVel-B,4006,129561,331,CurveVelB:4006
2027,global_train,42,1234,3,CurveVelB,CurveVel-B,21796,181944,332,CurveVelB:21796
2027,global_train,42,1234,3,CurveVelB,CurveVel-B,1041,47852,333,CurveVelB:1041
2027,global_train,42,1234,3,CurveVelB,CurveVel-B,10111,134825,334,CurveVelB:10111
2027,global_train,42,1234,3,CurveVelB,CurveVel-B,20986,44073,335,CurveVelB:20986
2027,global_train,42,1234,3,CurveVelB,CurveVel-B,21512,187741,336,CurveVelB:21512
2027,global_train,42,1234,3,CurveVelB,CurveVel-B,2616,198703,337,CurveVelB:2616
2027,global_train,42,1234,3,CurveVelB,CurveVel-B,14770,57602,338,CurveVelB:14770
2027,global_train,42,1234,3,CurveVelB,CurveVel-B,1894,179214,339,CurveVelB:1894
2027,global_train,42,1234,3,CurveVelB,CurveVel-B,9955,217169,340,CurveVelB:9955
2027,global_train,42,1234,3,CurveVelB,CurveVel-B,5431,207951,341,CurveVelB:5431
2027,global_train,42,1234,3,CurveVelB,CurveVel-B,15887,146770,342,CurveVelB:15887
2027,global_train,42,1234,3,CurveVelB,CurveVel-B,25322,7336,343,CurveVelB:25322
2027,global_train,42,1234,3,CurveVelB,CurveVel-B,6290,34492,344,CurveVelB:6290
2027,global_train,42,1234,3,CurveVelB,CurveVel-B,19192,194777,345,CurveVelB:19192
2027,global_train,42,1234,3,CurveVelB,CurveVel-B,4967,205662,346,CurveVelB:4967
2027,global_train,42,1234,3,CurveVelB,CurveVel-B,22747,99807,347,CurveVelB:22747
2027,global_train,42,1234,3,CurveVelB,CurveVel-B,20285,84960,348,CurveVelB:20285
2027,global_train,42,1234,3,CurveVelB,CurveVel-B,9509,148450,349,CurveVelB:9509
2027,global_train,42,1234,3,CurveVelB,CurveVel-B,28220,136079,350,CurveVelB:28220
2027,global_train,42,1234,3,CurveVelB,CurveVel-B,18193,81874,351,CurveVelB:18193
2027,global_train,42,1234,3,CurveVelB,CurveVel-B,4654,39492,352,CurveVelB:4654
2027,global_train,42,1234,3,CurveVelB,CurveVel-B,18660,212595,353,CurveVelB:18660
2027,global_train,42,1234,3,CurveVelB,CurveVel-B,789,172991,354,CurveVelB:789
2027,global_train,42,1234,3,CurveVelB,CurveVel-B,9980,145820,355,CurveVelB:9980
2027,global_train,42,1234,3,CurveVelB,CurveVel-B,15265,118229,356,CurveVelB:15265
2027,global_train,42,1234,3,CurveVelB,CurveVel-B,13724,68628,357,CurveVelB:13724
2027,global_train,42,1234,3,CurveVelB,CurveVel-B,53,144653,358,CurveVelB:53
2027,global_train,42,1234,3,CurveVelB,CurveVel-B,1675,46190,359,CurveVelB:1675
2027,global_train,42,1234,3,CurveVelB,CurveVel-B,23209,53875,360,CurveVelB:23209
2027,global_train,42,1234,3,CurveVelB,CurveVel-B,26863,57960,361,CurveVelB:26863
2027,global_train,42,1234,3,CurveVelB,CurveVel-B,12031,75190,362,CurveVelB:12031
2027,global_train,42,1234,3,CurveVelB,CurveVel-B,11332,141353,363,CurveVelB:11332
2027,global_train,42,1234,3,CurveVelB,CurveVel-B,4403,113856,364,CurveVelB:4403
2027,global_train,42,1234,3,CurveVelB,CurveVel-B,20926,83919,365,CurveVelB:20926
2027,global_train,42,1234,3,CurveVelB,CurveVel-B,18127,184856,366,CurveVelB:18127
2027,global_train,42,1234,3,CurveVelB,CurveVel-B,27486,95525,367,CurveVelB:27486
2027,global_train,42,1234,3,CurveVelB,CurveVel-B,24902,179785,368,CurveVelB:24902
2027,global_train,42,1234,3,CurveVelB,CurveVel-B,13764,35300,369,CurveVelB:13764
2027,global_train,42,1234,3,CurveVelB,CurveVel-B,17050,103101,370,CurveVelB:17050
2027,global_train,42,1234,3,CurveVelB,CurveVel-B,1821,175424,371,CurveVelB:1821
2027,global_train,42,1234,3,CurveVelB,CurveVel-B,19275,60008,372,CurveVelB:19275
2027,global_train,42,1234,3,CurveVelB,CurveVel-B,21793,205419,373,CurveVelB:21793
2027,global_train,42,1234,3,CurveVelB,CurveVel-B,24037,119401,374,CurveVelB:24037
2027,global_train,42,1234,3,CurveVelB,CurveVel-B,20697,220058,375,CurveVelB:20697
2027,global_train,42,1234,3,CurveVelB,CurveVel-B,27358,139445,376,CurveVelB:27358
2027,global_train,42,1234,3,CurveVelB,CurveVel-B,1676,186427,377,CurveVelB:1676
2027,global_train,42,1234,3,CurveVelB,CurveVel-B,10751,26094,378,CurveVelB:10751
2027,global_train,42,1234,3,CurveVelB,CurveVel-B,4082,116412,379,CurveVelB:4082
2027,global_train,42,1234,3,CurveVelB,CurveVel-B,3877,181698,380,CurveVelB:3877
2027,global_train,42,1234,3,CurveVelB,CurveVel-B,29754,160974,381,CurveVelB:29754
2027,global_train,42,1234,3,CurveVelB,CurveVel-B,17088,25524,382,CurveVelB:17088
2027,global_train,42,1234,3,CurveVelB,CurveVel-B,26306,176990,383,CurveVelB:26306
2027,global_train,42,1234,3,CurveVelB,CurveVel-B,9399,112550,384,CurveVelB:9399
2027,global_train,42,1234,3,CurveVelB,CurveVel-B,12492,72735,385,CurveVelB:12492
2027,global_train,42,1234,3,CurveVelB,CurveVel-B,7801,2047,386,CurveVelB:7801
2027,global_train,42,1234,3,CurveVelB,CurveVel-B,3133,101744,387,CurveVelB:3133
2027,global_train,42,1234,3,CurveVelB,CurveVel-B,11396,124423,388,CurveVelB:11396
2027,global_train,42,1234,3,CurveVelB,CurveVel-B,18999,16611,389,CurveVelB:18999
2027,global_train,42,1234,3,CurveVelB,CurveVel-B,67,208365,390,CurveVelB:67
2027,global_train,42,1234,3,CurveVelB,CurveVel-B,18606,11789,391,CurveVelB:18606
2027,global_train,42,1234,3,CurveVelB,CurveVel-B,28810,36351,392,CurveVelB:28810
2027,global_train,42,1234,3,CurveVelB,CurveVel-B,4247,122855,393,CurveVelB:4247
2027,global_train,42,1234,3,CurveVelB,CurveVel-B,6129,132663,394,CurveVelB:6129
2027,global_train,42,1234,3,CurveVelB,CurveVel-B,16674,65419,395,CurveVelB:16674
2027,global_train,42,1234,3,CurveVelB,CurveVel-B,15059,31539,396,CurveVelB:15059
2027,global_train,42,1234,3,CurveVelB,CurveVel-B,27053,223352,397,CurveVelB:27053
2027,global_train,42,1234,3,CurveVelB,CurveVel-B,8526,69387,398,CurveVelB:8526
2027,global_train,42,1234,3,CurveVelB,CurveVel-B,27796,121425,399,CurveVelB:27796
2027,global_train,42,1234,3,CurveVelB,CurveVel-B,21411,188294,400,CurveVelB:21411
2027,global_train,42,1234,3,CurveVelB,CurveVel-B,23163,133488,401,CurveVelB:23163
2027,global_train,42,1234,3,CurveVelB,CurveVel-B,27644,221120,402,CurveVelB:27644
2027,global_train,42,1234,3,CurveVelB,CurveVel-B,21831,3874,403,CurveVelB:21831
2027,global_train,42,1234,3,CurveVelB,CurveVel-B,5945,12372,404,CurveVelB:5945
2027,global_train,42,1234,3,CurveVelB,CurveVel-B,17156,51985,405,CurveVelB:17156
2027,global_train,42,1234,3,CurveVelB,CurveVel-B,26272,59595,406,CurveVelB:26272
2027,global_train,42,1234,3,CurveVelB,CurveVel-B,11548,77461,407,CurveVelB:11548
2027,global_train,42,1234,3,CurveVelB,CurveVel-B,15845,180092,408,CurveVelB:15845
2027,global_train,42,1234,3,CurveVelB,CurveVel-B,26169,230300,409,CurveVelB:26169
2027,global_train,42,1234,3,CurveVelB,CurveVel-B,11064,46149,410,CurveVelB:11064
2027,global_train,42,1234,3,CurveVelB,CurveVel-B,17262,36959,411,CurveVelB:17262
2027,global_train,42,1234,3,CurveVelB,CurveVel-B,22768,32571,412,CurveVelB:22768
2027,global_train,42,1234,3,CurveVelB,CurveVel-B,25901,195986,413,CurveVelB:25901
2027,global_train,42,1234,3,CurveVelB,CurveVel-B,27806,174126,414,CurveVelB:27806
2027,global_train,42,1234,3,CurveVelB,CurveVel-B,7217,173096,415,CurveVelB:7217
2027,global_train,42,1234,3,CurveVelB,CurveVel-B,19771,64958,416,CurveVelB:19771
2027,global_train,42,1234,3,CurveVelB,CurveVel-B,14686,83911,417,CurveVelB:14686
2027,global_train,42,1234,3,CurveVelB,CurveVel-B,29023,132999,418,CurveVelB:29023
2027,global_train,42,1234,3,CurveVelB,CurveVel-B,21688,8755,419,CurveVelB:21688
2027,global_train,42,1234,3,CurveVelB,CurveVel-B,23993,230535,420,CurveVelB:23993
2027,global_train,42,1234,3,CurveVelB,CurveVel-B,16543,36180,421,CurveVelB:16543
2027,global_train,42,1234,3,CurveVelB,CurveVel-B,24420,67507,422,CurveVelB:24420
2027,global_train,42,1234,3,CurveVelB,CurveVel-B,24718,82678,423,CurveVelB:24718
2027,global_train,42,1234,3,CurveVelB,CurveVel-B,20878,14337,424,CurveVelB:20878
2027,global_train,42,1234,3,CurveVelB,CurveVel-B,4942,41048,425,CurveVelB:4942
2027,global_train,42,1234,3,CurveVelB,CurveVel-B,23796,151072,426,CurveVelB:23796
2027,global_train,42,1234,3,CurveVelB,CurveVel-B,11153,147321,427,CurveVelB:11153
2027,global_train,42,1234,3,CurveVelB,CurveVel-B,24000,79182,428,CurveVelB:24000
2027,global_train,42,1234,3,CurveVelB,CurveVel-B,5079,232861,429,CurveVelB:5079
2027,global_train,42,1234,3,CurveVelB,CurveVel-B,17852,153267,430,CurveVelB:17852
2027,global_train,42,1234,3,CurveVelB,CurveVel-B,4807,114063,431,CurveVelB:4807
2027,global_train,42,1234,3,CurveVelB,CurveVel-B,13568,177612,432,CurveVelB:13568
2027,global_train,42,1234,3,CurveVelB,CurveVel-B,9972,178844,433,CurveVelB:9972
2027,global_train,42,1234,3,CurveVelB,CurveVel-B,20662,158369,434,CurveVelB:20662
2027,global_train,42,1234,3,CurveVelB,CurveVel-B,27334,212927,435,CurveVelB:27334
2027,global_train,42,1234,3,CurveVelB,CurveVel-B,17096,163239,436,CurveVelB:17096
2027,global_train,42,1234,3,CurveVelB,CurveVel-B,17819,217703,437,CurveVelB:17819
2027,global_train,42,1234,3,CurveVelB,CurveVel-B,29077,204399,438,CurveVelB:29077
2027,global_train,42,1234,3,CurveVelB,CurveVel-B,15113,22782,439,CurveVelB:15113
2027,global_train,42,1234,3,CurveVelB,CurveVel-B,26177,158244,440,CurveVelB:26177
2027,global_train,42,1234,3,CurveVelB,CurveVel-B,17291,62767,441,CurveVelB:17291
2027,global_train,42,1234,3,CurveVelB,CurveVel-B,1296,5361,442,CurveVelB:1296
2027,global_train,42,1234,3,CurveVelB,CurveVel-B,7813,66957,443,CurveVelB:7813
2027,global_train,42,1234,3,CurveVelB,CurveVel-B,4354,217724,444,CurveVelB:4354
2027,global_train,42,1234,3,CurveVelB,CurveVel-B,17359,54311,445,CurveVelB:17359
2027,global_train,42,1234,3,CurveVelB,CurveVel-B,13245,60600,446,CurveVelB:13245
2027,global_train,42,1234,3,CurveVelB,CurveVel-B,11411,127679,447,CurveVelB:11411
2027,global_train,42,1234,3,CurveVelB,CurveVel-B,16206,26469,448,CurveVelB:16206
2027,global_train,42,1234,3,CurveVelB,CurveVel-B,11621,17361,449,CurveVelB:11621
2027,global_train,42,1234,3,CurveVelB,CurveVel-B,20103,124584,450,CurveVelB:20103
2027,global_train,42,1234,3,CurveVelB,CurveVel-B,11312,174193,451,CurveVelB:11312
2027,global_train,42,1234,3,CurveVelB,CurveVel-B,12769,98462,452,CurveVelB:12769
2027,global_train,42,1234,3,CurveVelB,CurveVel-B,27188,88349,453,CurveVelB:27188
2027,global_train,42,1234,3,CurveVelB,CurveVel-B,7545,86413,454,CurveVelB:7545
2027,global_train,42,1234,3,CurveVelB,CurveVel-B,22824,44611,455,CurveVelB:22824
2027,global_train,42,1234,3,CurveVelB,CurveVel-B,26413,8389,456,CurveVelB:26413
2027,global_train,42,1234,3,CurveVelB,CurveVel-B,6298,85874,457,CurveVelB:6298
2027,global_train,42,1234,3,CurveVelB,CurveVel-B,22760,67255,458,CurveVelB:22760
2027,global_train,42,1234,3,CurveVelB,CurveVel-B,11795,18685,459,CurveVelB:11795
2027,global_train,42,1234,3,CurveVelB,CurveVel-B,5235,2515,460,CurveVelB:5235
2027,global_train,42,1234,3,CurveVelB,CurveVel-B,21335,54706,461,CurveVelB:21335
2027,global_train,42,1234,3,CurveVelB,CurveVel-B,25360,106242,462,CurveVelB:25360
2027,global_train,42,1234,3,CurveVelB,CurveVel-B,8188,45514,463,CurveVelB:8188
2027,global_train,42,1234,3,CurveVelB,CurveVel-B,26014,203739,464,CurveVelB:26014
2027,global_train,42,1234,3,CurveVelB,CurveVel-B,22488,22414,465,CurveVelB:22488
2027,global_train,42,1234,3,CurveVelB,CurveVel-B,24244,43145,466,CurveVelB:24244
2027,global_train,42,1234,3,CurveVelB,CurveVel-B,7164,67153,467,CurveVelB:7164
2027,global_train,42,1234,3,CurveVelB,CurveVel-B,17701,75828,468,CurveVelB:17701
2027,global_train,42,1234,3,CurveVelB,CurveVel-B,27024,175536,469,CurveVelB:27024
2027,global_train,42,1234,3,CurveVelB,CurveVel-B,11240,17460,470,CurveVelB:11240
2027,global_train,42,1234,3,CurveVelB,CurveVel-B,16640,72575,471,CurveVelB:16640
2027,global_train,42,1234,3,CurveVelB,CurveVel-B,21542,125709,472,CurveVelB:21542
2027,global_train,42,1234,3,CurveVelB,CurveVel-B,24205,118363,473,CurveVelB:24205
2027,global_train,42,1234,3,CurveVelB,CurveVel-B,18497,146159,474,CurveVelB:18497
2027,global_train,42,1234,3,CurveVelB,CurveVel-B,7317,55666,475,CurveVelB:7317
2027,global_train,42,1234,3,CurveVelB,CurveVel-B,5489,198311,476,CurveVelB:5489
2027,global_train,42,1234,3,CurveVelB,CurveVel-B,26397,3696,477,CurveVelB:26397
2027,global_train,42,1234,3,CurveVelB,CurveVel-B,29949,199665,478,CurveVelB:29949
2027,global_train,42,1234,3,CurveVelB,CurveVel-B,1924,25072,479,CurveVelB:1924
2027,global_train,42,1234,3,CurveVelB,CurveVel-B,11129,84058,480,CurveVelB:11129
2027,global_train,42,1234,3,CurveVelB,CurveVel-B,29356,61736,481,CurveVelB:29356
2027,global_train,42,1234,3,CurveVelB,CurveVel-B,13699,22912,482,CurveVelB:13699
2027,global_train,42,1234,3,CurveVelB,CurveVel-B,29061,172848,483,CurveVelB:29061
2027,global_train,42,1234,3,CurveVelB,CurveVel-B,25831,137747,484,CurveVelB:25831
2027,global_train,42,1234,3,CurveVelB,CurveVel-B,1814,23729,485,CurveVelB:1814
2027,global_train,42,1234,3,CurveVelB,CurveVel-B,26445,217007,486,CurveVelB:26445
2027,global_train,42,1234,3,CurveVelB,CurveVel-B,10346,180967,487,CurveVelB:10346
2027,global_train,42,1234,3,CurveVelB,CurveVel-B,727,41479,488,CurveVelB:727
2027,global_train,42,1234,3,CurveVelB,CurveVel-B,7224,2150,489,CurveVelB:7224
2027,global_train,42,1234,3,CurveVelB,CurveVel-B,21752,66862,490,CurveVelB:21752
2027,global_train,42,1234,3,CurveVelB,CurveVel-B,3252,226694,491,CurveVelB:3252
2027,global_train,42,1234,3,CurveVelB,CurveVel-B,21821,137915,492,CurveVelB:21821
2027,global_train,42,1234,3,CurveVelB,CurveVel-B,5144,96648,493,CurveVelB:5144
2027,global_train,42,1234,3,CurveVelB,CurveVel-B,25084,19338,494,CurveVelB:25084
2027,global_train,42,1234,3,CurveVelB,CurveVel-B,7778,199332,495,CurveVelB:7778
2027,global_train,42,1234,3,CurveVelB,CurveVel-B,18159,54419,496,CurveVelB:18159
2027,global_train,42,1234,3,CurveVelB,CurveVel-B,13932,81673,497,CurveVelB:13932
2027,global_train,42,1234,3,CurveVelB,CurveVel-B,10711,133594,498,CurveVelB:10711
2027,global_train,42,1234,3,CurveVelB,CurveVel-B,15091,216308,499,CurveVelB:15091
2027,global_train,42,1234,3,CurveVelB,CurveVel-B,3382,25784,500,CurveVelB:3382
2027,global_train,42,1234,3,CurveVelB,CurveVel-B,13657,230594,501,CurveVelB:13657
2027,global_train,42,1234,3,CurveVelB,CurveVel-B,10298,119982,502,CurveVelB:10298
2027,global_train,42,1234,3,CurveVelB,CurveVel-B,22422,98301,503,CurveVelB:22422
2027,global_train,42,1234,3,CurveVelB,CurveVel-B,17032,139325,504,CurveVelB:17032
2027,global_train,42,1234,3,CurveVelB,CurveVel-B,18871,164364,505,CurveVelB:18871
2027,global_train,42,1234,3,CurveVelB,CurveVel-B,9318,85151,506,CurveVelB:9318
2027,global_train,42,1234,3,CurveVelB,CurveVel-B,26532,62143,507,CurveVelB:26532
2027,global_train,42,1234,3,CurveVelB,CurveVel-B,8929,115228,508,CurveVelB:8929
2027,global_train,42,1234,3,CurveVelB,CurveVel-B,9441,1728,509,CurveVelB:9441
2027,global_train,42,1234,3,CurveVelB,CurveVel-B,19214,174023,510,CurveVelB:19214
2027,global_train,42,1234,3,CurveVelB,CurveVel-B,23632,83035,511,CurveVelB:23632
2027,global_train,42,1234,3,CurveVelB,CurveVel-B,6923,219360,512,CurveVelB:6923
2027,global_train,42,1234,3,CurveVelB,CurveVel-B,5860,132106,513,CurveVelB:5860
2027,global_train,42,1234,3,CurveVelB,CurveVel-B,13086,78482,514,CurveVelB:13086
2027,global_train,42,1234,3,CurveVelB,CurveVel-B,28869,111136,515,CurveVelB:28869
2027,global_train,42,1234,3,CurveVelB,CurveVel-B,13677,224298,516,CurveVelB:13677
2027,global_train,42,1234,3,CurveVelB,CurveVel-B,16401,129699,517,CurveVelB:16401
2027,global_train,42,1234,3,CurveVelB,CurveVel-B,13182,82426,518,CurveVelB:13182
2027,global_train,42,1234,3,CurveVelB,CurveVel-B,2808,151431,519,CurveVelB:2808
2027,global_train,42,1234,3,CurveVelB,CurveVel-B,2580,87504,520,CurveVelB:2580
2027,global_train,42,1234,3,CurveVelB,CurveVel-B,21270,55279,521,CurveVelB:21270
2027,global_train,42,1234,3,CurveVelB,CurveVel-B,292,166551,522,CurveVelB:292
2027,global_train,42,1234,3,CurveVelB,CurveVel-B,5793,129433,523,CurveVelB:5793
2027,global_train,42,1234,3,CurveVelB,CurveVel-B,7584,144941,524,CurveVelB:7584
2027,global_train,42,1234,3,CurveVelB,CurveVel-B,27926,92889,525,CurveVelB:27926
2027,global_train,42,1234,3,CurveVelB,CurveVel-B,15863,118517,526,CurveVelB:15863
2027,global_train,42,1234,3,CurveVelB,CurveVel-B,23166,163252,527,CurveVelB:23166
2027,global_train,42,1234,3,CurveVelB,CurveVel-B,9273,152454,528,CurveVelB:9273
2027,global_train,42,1234,3,CurveVelB,CurveVel-B,22109,51902,529,CurveVelB:22109
2027,global_train,42,1234,3,CurveVelB,CurveVel-B,25827,152341,530,CurveVelB:25827
2027,global_train,42,1234,3,CurveVelB,CurveVel-B,21306,108053,531,CurveVelB:21306
2027,global_train,42,1234,3,CurveVelB,CurveVel-B,16890,186546,532,CurveVelB:16890
2027,global_train,42,1234,3,CurveVelB,CurveVel-B,25382,38872,533,CurveVelB:25382
2027,global_train,42,1234,3,CurveVelB,CurveVel-B,5550,18393,534,CurveVelB:5550
2027,global_train,42,1234,3,CurveVelB,CurveVel-B,17228,32911,535,CurveVelB:17228
2027,global_train,42,1234,3,CurveVelB,CurveVel-B,14103,165953,536,CurveVelB:14103
2027,global_train,42,1234,3,CurveVelB,CurveVel-B,27639,158364,537,CurveVelB:27639
2027,global_train,42,1234,3,CurveVelB,CurveVel-B,6618,97071,538,CurveVelB:6618
2027,global_train,42,1234,3,CurveVelB,CurveVel-B,21553,201278,539,CurveVelB:21553
2027,global_train,42,1234,3,CurveVelB,CurveVel-B,871,167983,540,CurveVelB:871
2027,global_train,42,1234,3,CurveVelB,CurveVel-B,868,72602,541,CurveVelB:868
2027,global_train,42,1234,3,CurveVelB,CurveVel-B,28437,74168,542,CurveVelB:28437
2027,global_train,42,1234,3,CurveVelB,CurveVel-B,8029,8604,543,CurveVelB:8029
2027,global_train,42,1234,3,CurveVelB,CurveVel-B,18654,124492,544,CurveVelB:18654
2027,global_train,42,1234,3,CurveVelB,CurveVel-B,4043,106407,545,CurveVelB:4043
2027,global_train,42,1234,3,CurveVelB,CurveVel-B,16976,79392,546,CurveVelB:16976
2027,global_train,42,1234,3,CurveVelB,CurveVel-B,7289,192503,547,CurveVelB:7289
2027,global_train,42,1234,3,CurveVelB,CurveVel-B,15724,105074,548,CurveVelB:15724
2027,global_train,42,1234,3,CurveVelB,CurveVel-B,20635,112207,549,CurveVelB:20635
2027,global_train,42,1234,3,CurveVelB,CurveVel-B,14669,63074,550,CurveVelB:14669
2027,global_train,42,1234,3,CurveVelB,CurveVel-B,20030,106149,551,CurveVelB:20030
2027,global_train,42,1234,3,CurveVelB,CurveVel-B,23965,224602,552,CurveVelB:23965
2027,global_train,42,1234,3,CurveVelB,CurveVel-B,17392,93251,553,CurveVelB:17392
2027,global_train,42,1234,3,CurveVelB,CurveVel-B,673,148063,554,CurveVelB:673
2027,global_train,42,1234,3,CurveVelB,CurveVel-B,8101,127025,555,CurveVelB:8101
2027,global_train,42,1234,3,CurveVelB,CurveVel-B,29371,88288,556,CurveVelB:29371
2027,global_train,42,1234,3,CurveVelB,CurveVel-B,20763,190508,557,CurveVelB:20763
2027,global_train,42,1234,3,CurveVelB,CurveVel-B,8466,33560,558,CurveVelB:8466
2027,global_train,42,1234,3,CurveVelB,CurveVel-B,17640,146154,559,CurveVelB:17640
2027,global_train,42,1234,3,CurveVelB,CurveVel-B,8860,178959,560,CurveVelB:8860
2027,global_train,42,1234,3,CurveVelB,CurveVel-B,5055,193294,561,CurveVelB:5055
2027,global_train,42,1234,3,CurveVelB,CurveVel-B,29370,107757,562,CurveVelB:29370
2027,global_train,42,1234,3,CurveVelB,CurveVel-B,3772,230860,563,CurveVelB:3772
2027,global_train,42,1234,3,CurveVelB,CurveVel-B,24339,133497,564,CurveVelB:24339
2027,global_train,42,1234,3,CurveVelB,CurveVel-B,449,80328,565,CurveVelB:449
2027,global_train,42,1234,3,CurveVelB,CurveVel-B,11707,214878,566,CurveVelB:11707
2027,global_train,42,1234,3,CurveVelB,CurveVel-B,7382,166916,567,CurveVelB:7382
2027,global_train,42,1234,3,CurveVelB,CurveVel-B,493,66131,568,CurveVelB:493
2027,global_train,42,1234,3,CurveVelB,CurveVel-B,23425,111258,569,CurveVelB:23425
2027,global_train,42,1234,3,CurveVelB,CurveVel-B,2344,147800,570,CurveVelB:2344
2027,global_train,42,1234,3,CurveVelB,CurveVel-B,8767,95327,571,CurveVelB:8767
2027,global_train,42,1234,3,CurveVelB,CurveVel-B,23427,141572,572,CurveVelB:23427
2027,global_train,42,1234,3,CurveVelB,CurveVel-B,5634,164361,573,CurveVelB:5634
2027,global_train,42,1234,3,CurveVelB,CurveVel-B,5498,24069,574,CurveVelB:5498
2027,global_train,42,1234,3,CurveVelB,CurveVel-B,27182,124745,575,CurveVelB:27182
2027,global_train,42,1234,3,CurveVelB,CurveVel-B,13629,4915,576,CurveVelB:13629
2027,global_train,42,1234,3,CurveVelB,CurveVel-B,25542,154065,577,CurveVelB:25542
2027,global_train,42,1234,3,CurveVelB,CurveVel-B,15352,170221,578,CurveVelB:15352
2027,global_train,42,1234,3,CurveVelB,CurveVel-B,10307,22650,579,CurveVelB:10307
2027,global_train,42,1234,3,CurveVelB,CurveVel-B,18954,21228,580,CurveVelB:18954
2027,global_train,42,1234,3,CurveVelB,CurveVel-B,1895,117052,581,CurveVelB:1895
2027,global_train,42,1234,3,CurveVelB,CurveVel-B,21475,151999,582,CurveVelB:21475
2027,global_train,42,1234,3,CurveVelB,CurveVel-B,27155,89197,583,CurveVelB:27155
2027,global_train,42,1234,3,CurveVelB,CurveVel-B,8550,149258,584,CurveVelB:8550
2027,global_train,42,1234,3,CurveVelB,CurveVel-B,10385,52832,585,CurveVelB:10385
2027,global_train,42,1234,3,CurveVelB,CurveVel-B,11176,2676,586,CurveVelB:11176
2027,global_train,42,1234,3,CurveVelB,CurveVel-B,21723,54901,587,CurveVelB:21723
2027,global_train,42,1234,3,CurveVelB,CurveVel-B,1691,136301,588,CurveVelB:1691
2027,global_train,42,1234,3,CurveVelB,CurveVel-B,26,139789,589,CurveVelB:26
2027,global_train,42,1234,3,CurveVelB,CurveVel-B,10279,108413,590,CurveVelB:10279
2027,global_train,42,1234,3,CurveVelB,CurveVel-B,22100,86505,591,CurveVelB:22100
2027,global_train,42,1234,3,CurveVelB,CurveVel-B,9632,77406,592,CurveVelB:9632
2027,global_train,42,1234,3,CurveVelB,CurveVel-B,27710,118074,593,CurveVelB:27710
2027,global_train,42,1234,3,CurveVelB,CurveVel-B,6444,223461,594,CurveVelB:6444
2027,global_train,42,1234,3,CurveVelB,CurveVel-B,1854,93144,595,CurveVelB:1854
2027,global_train,42,1234,3,CurveVelB,CurveVel-B,19668,151338,596,CurveVelB:19668
2027,global_train,42,1234,3,CurveVelB,CurveVel-B,23137,67229,597,CurveVelB:23137
2027,global_train,42,1234,3,CurveVelB,CurveVel-B,10344,17240,598,CurveVelB:10344
2027,global_train,42,1234,3,CurveVelB,CurveVel-B,13914,114953,599,CurveVelB:13914
2027,global_train,42,1234,3,CurveVelB,CurveVel-B,8094,218304,600,CurveVelB:8094
2027,global_train,42,1234,3,CurveVelB,CurveVel-B,22480,63109,601,CurveVelB:22480
2027,global_train,42,1234,3,CurveVelB,CurveVel-B,11632,34154,602,CurveVelB:11632
2027,global_train,42,1234,3,CurveVelB,CurveVel-B,9962,190867,603,CurveVelB:9962
2027,global_train,42,1234,3,CurveVelB,CurveVel-B,11265,25155,604,CurveVelB:11265
2027,global_train,42,1234,3,CurveVelB,CurveVel-B,15578,228276,605,CurveVelB:15578
2027,global_train,42,1234,3,CurveVelB,CurveVel-B,7084,178827,606,CurveVelB:7084
2027,global_train,42,1234,3,CurveVelB,CurveVel-B,16599,135322,607,CurveVelB:16599
2027,global_train,42,1234,3,CurveVelB,CurveVel-B,10631,40905,608,CurveVelB:10631
2027,global_train,42,1234,3,CurveVelB,CurveVel-B,3453,196933,609,CurveVelB:3453
2027,global_train,42,1234,3,CurveVelB,CurveVel-B,21665,182668,610,CurveVelB:21665
2027,global_train,42,1234,3,CurveVelB,CurveVel-B,24745,14404,611,CurveVelB:24745
2027,global_train,42,1234,3,CurveVelB,CurveVel-B,28277,171118,612,CurveVelB:28277
2027,global_train,42,1234,3,CurveVelB,CurveVel-B,17300,127173,613,CurveVelB:17300
2027,global_train,42,1234,3,CurveVelB,CurveVel-B,15227,35660,614,CurveVelB:15227
2027,global_train,42,1234,3,CurveVelB,CurveVel-B,16177,89425,615,CurveVelB:16177
2027,global_train,42,1234,3,CurveVelB,CurveVel-B,8933,30323,616,CurveVelB:8933
2027,global_train,42,1234,3,CurveVelB,CurveVel-B,28013,14839,617,CurveVelB:28013
2027,global_train,42,1234,3,CurveVelB,CurveVel-B,24328,126805,618,CurveVelB:24328
2027,global_train,42,1234,3,CurveVelB,CurveVel-B,13253,15376,619,CurveVelB:13253
2027,global_train,42,1234,3,CurveVelB,CurveVel-B,14777,106284,620,CurveVelB:14777
2027,global_train,42,1234,3,CurveVelB,CurveVel-B,20486,201023,621,CurveVelB:20486
2027,global_train,42,1234,3,CurveVelB,CurveVel-B,26430,148658,622,CurveVelB:26430
2027,global_train,42,1234,3,CurveVelB,CurveVel-B,15921,29601,623,CurveVelB:15921
2027,global_train,42,1234,3,CurveVelB,CurveVel-B,26990,226553,624,CurveVelB:26990
2027,global_train,42,1234,3,CurveVelB,CurveVel-B,18031,24510,625,CurveVelB:18031
2027,global_train,42,1234,3,CurveVelB,CurveVel-B,19006,83496,626,CurveVelB:19006
2027,global_train,42,1234,3,CurveVelB,CurveVel-B,22539,134661,627,CurveVelB:22539
2027,global_train,42,1234,3,CurveVelB,CurveVel-B,6946,148937,628,CurveVelB:6946
2027,global_train,42,1234,3,CurveVelB,CurveVel-B,26337,62474,629,CurveVelB:26337
2027,global_train,42,1234,3,CurveVelB,CurveVel-B,27516,59596,630,CurveVelB:27516
2027,global_train,42,1234,3,CurveVelB,CurveVel-B,29294,229404,631,CurveVelB:29294
2027,global_train,42,1234,3,CurveVelB,CurveVel-B,7484,139987,632,CurveVelB:7484
2027,global_train,42,1234,3,CurveVelB,CurveVel-B,14830,143264,633,CurveVelB:14830
2027,global_train,42,1234,3,CurveVelB,CurveVel-B,4617,200307,634,CurveVelB:4617
2027,global_train,42,1234,3,CurveVelB,CurveVel-B,16413,185527,635,CurveVelB:16413
2027,global_train,42,1234,3,CurveVelB,CurveVel-B,25097,72428,636,CurveVelB:25097
2027,global_train,42,1234,3,CurveVelB,CurveVel-B,13581,105698,637,CurveVelB:13581
2027,global_train,42,1234,3,CurveVelB,CurveVel-B,7259,146392,638,CurveVelB:7259
2027,global_train,42,1234,3,CurveVelB,CurveVel-B,18585,85309,639,CurveVelB:18585
2027,global_train,42,1234,3,CurveVelB,CurveVel-B,19316,202741,640,CurveVelB:19316
2027,global_train,42,1234,3,CurveVelB,CurveVel-B,4666,145947,641,CurveVelB:4666
2027,global_train,42,1234,3,CurveVelB,CurveVel-B,4563,233913,642,CurveVelB:4563
2027,global_train,42,1234,3,CurveVelB,CurveVel-B,28181,62022,643,CurveVelB:28181
2027,global_train,42,1234,3,CurveVelB,CurveVel-B,27118,139734,644,CurveVelB:27118
2027,global_train,42,1234,3,CurveVelB,CurveVel-B,7356,89211,645,CurveVelB:7356
2027,global_train,42,1234,3,CurveVelB,CurveVel-B,20219,10142,646,CurveVelB:20219
2027,global_train,42,1234,3,CurveVelB,CurveVel-B,28564,72954,647,CurveVelB:28564
2027,global_train,42,1234,3,CurveVelB,CurveVel-B,5149,63810,648,CurveVelB:5149
2027,global_train,42,1234,3,CurveVelB,CurveVel-B,22705,198747,649,CurveVelB:22705
2027,global_train,42,1234,3,CurveVelB,CurveVel-B,28240,150792,650,CurveVelB:28240
2027,global_train,42,1234,3,CurveVelB,CurveVel-B,22143,120286,651,CurveVelB:22143
2027,global_train,42,1234,3,CurveVelB,CurveVel-B,20806,119880,652,CurveVelB:20806
2027,global_train,42,1234,3,CurveVelB,CurveVel-B,21249,169400,653,CurveVelB:21249
2027,global_train,42,1234,3,CurveVelB,CurveVel-B,21608,209809,654,CurveVelB:21608
2027,global_train,42,1234,3,CurveVelB,CurveVel-B,15849,218285,655,CurveVelB:15849
2027,global_train,42,1234,3,CurveVelB,CurveVel-B,1659,4039,656,CurveVelB:1659
2027,global_train,42,1234,3,CurveVelB,CurveVel-B,28557,121646,657,CurveVelB:28557
2027,global_train,42,1234,3,CurveVelB,CurveVel-B,10270,226006,658,CurveVelB:10270
2027,global_train,42,1234,3,CurveVelB,CurveVel-B,944,58096,659,CurveVelB:944
2027,global_train,42,1234,3,CurveVelB,CurveVel-B,12930,63904,660,CurveVelB:12930
2027,global_train,42,1234,3,CurveVelB,CurveVel-B,16088,187900,661,CurveVelB:16088
2027,global_train,42,1234,3,CurveVelB,CurveVel-B,13404,215074,662,CurveVelB:13404
2027,global_train,42,1234,3,CurveVelB,CurveVel-B,22229,109466,663,CurveVelB:22229
2027,global_train,42,1234,3,CurveVelB,CurveVel-B,20606,156990,664,CurveVelB:20606
2027,global_train,42,1234,3,CurveVelB,CurveVel-B,16391,79733,665,CurveVelB:16391
2027,global_train,42,1234,3,CurveVelB,CurveVel-B,25439,108147,666,CurveVelB:25439
2027,global_train,42,1234,3,CurveVelB,CurveVel-B,4161,90823,667,CurveVelB:4161
2027,global_train,42,1234,3,CurveVelB,CurveVel-B,11302,36437,668,CurveVelB:11302
2027,global_train,42,1234,3,CurveVelB,CurveVel-B,3098,67275,669,CurveVelB:3098
2027,global_train,42,1234,3,CurveVelB,CurveVel-B,701,189129,670,CurveVelB:701
2027,global_train,42,1234,3,CurveVelB,CurveVel-B,24211,214190,671,CurveVelB:24211
2027,global_train,42,1234,3,CurveVelB,CurveVel-B,7671,217446,672,CurveVelB:7671
2027,global_train,42,1234,3,CurveVelB,CurveVel-B,2175,22639,673,CurveVelB:2175
2027,global_train,42,1234,3,CurveVelB,CurveVel-B,23434,197685,674,CurveVelB:23434
2027,global_train,42,1234,3,CurveVelB,CurveVel-B,25025,207729,675,CurveVelB:25025
2027,global_train,42,1234,3,CurveVelB,CurveVel-B,14139,10102,676,CurveVelB:14139
2027,global_train,42,1234,3,CurveVelB,CurveVel-B,21206,91811,677,CurveVelB:21206
2027,global_train,42,1234,3,CurveVelB,CurveVel-B,27100,48280,678,CurveVelB:27100
2027,global_train,42,1234,3,CurveVelB,CurveVel-B,7104,213111,679,CurveVelB:7104
2027,global_train,42,1234,3,CurveVelB,CurveVel-B,24585,158203,680,CurveVelB:24585
2027,global_train,42,1234,3,CurveVelB,CurveVel-B,18384,60589,681,CurveVelB:18384
2027,global_train,42,1234,3,CurveVelB,CurveVel-B,4352,128025,682,CurveVelB:4352
2027,global_train,42,1234,3,CurveVelB,CurveVel-B,20382,32157,683,CurveVelB:20382
2027,global_train,42,1234,3,CurveVelB,CurveVel-B,27528,204703,684,CurveVelB:27528
2027,global_train,42,1234,3,CurveVelB,CurveVel-B,9394,180273,685,CurveVelB:9394
2027,global_train,42,1234,3,CurveVelB,CurveVel-B,28627,133693,686,CurveVelB:28627
2027,global_train,42,1234,3,CurveVelB,CurveVel-B,5943,74395,687,CurveVelB:5943
2027,global_train,42,1234,3,CurveVelB,CurveVel-B,9968,89272,688,CurveVelB:9968
2027,global_train,42,1234,3,CurveVelB,CurveVel-B,24027,64917,689,CurveVelB:24027
2027,global_train,42,1234,3,CurveVelB,CurveVel-B,9804,23483,690,CurveVelB:9804
2027,global_train,42,1234,3,CurveVelB,CurveVel-B,7472,45497,691,CurveVelB:7472
2027,global_train,42,1234,3,CurveVelB,CurveVel-B,6257,121305,692,CurveVelB:6257
2027,global_train,42,1234,3,CurveVelB,CurveVel-B,25058,145693,693,CurveVelB:25058
2027,global_train,42,1234,3,CurveVelB,CurveVel-B,13648,63733,694,CurveVelB:13648
2027,global_train,42,1234,3,CurveVelB,CurveVel-B,6911,163739,695,CurveVelB:6911
2027,global_train,42,1234,3,CurveVelB,CurveVel-B,12971,70160,696,CurveVelB:12971
2027,global_train,42,1234,3,CurveVelB,CurveVel-B,4779,165089,697,CurveVelB:4779
2027,global_train,42,1234,3,CurveVelB,CurveVel-B,6302,115652,698,CurveVelB:6302
2027,global_train,42,1234,3,CurveVelB,CurveVel-B,25281,80288,699,CurveVelB:25281
2027,global_train,42,1234,3,CurveVelB,CurveVel-B,19505,221790,700,CurveVelB:19505
2027,global_train,42,1234,3,CurveVelB,CurveVel-B,14950,8550,701,CurveVelB:14950
2027,global_train,42,1234,3,CurveVelB,CurveVel-B,11027,84979,702,CurveVelB:11027
2027,global_train,42,1234,3,CurveVelB,CurveVel-B,7851,88187,703,CurveVelB:7851
2027,global_train,42,1234,3,CurveVelB,CurveVel-B,28388,45952,704,CurveVelB:28388
2027,global_train,42,1234,3,CurveVelB,CurveVel-B,1972,105743,705,CurveVelB:1972
2027,global_train,42,1234,3,CurveVelB,CurveVel-B,28255,231250,706,CurveVelB:28255
2027,global_train,42,1234,3,CurveVelB,CurveVel-B,16914,204938,707,CurveVelB:16914
2027,global_train,42,1234,3,CurveVelB,CurveVel-B,24633,159669,708,CurveVelB:24633
2027,global_train,42,1234,3,CurveVelB,CurveVel-B,6193,138883,709,CurveVelB:6193
2027,global_train,42,1234,3,CurveVelB,CurveVel-B,25860,66083,710,CurveVelB:25860
2027,global_train,42,1234,3,CurveVelB,CurveVel-B,23943,228659,711,CurveVelB:23943
2027,global_train,42,1234,3,CurveVelB,CurveVel-B,2401,189903,712,CurveVelB:2401
2027,global_train,42,1234,3,CurveVelB,CurveVel-B,10720,17995,713,CurveVelB:10720
2027,global_train,42,1234,3,CurveVelB,CurveVel-B,5013,111427,714,CurveVelB:5013
2027,global_train,42,1234,3,CurveVelB,CurveVel-B,11611,68590,715,CurveVelB:11611
2027,global_train,42,1234,3,CurveVelB,CurveVel-B,24863,95931,716,CurveVelB:24863
2027,global_train,42,1234,3,CurveVelB,CurveVel-B,27198,87052,717,CurveVelB:27198
2027,global_train,42,1234,3,CurveVelB,CurveVel-B,20696,72494,718,CurveVelB:20696
2027,global_train,42,1234,3,CurveVelB,CurveVel-B,5359,191815,719,CurveVelB:5359
2027,global_train,42,1234,3,CurveVelB,CurveVel-B,1456,42326,720,CurveVelB:1456
2027,global_train,42,1234,3,CurveVelB,CurveVel-B,8061,90341,721,CurveVelB:8061
2027,global_train,42,1234,3,CurveVelB,CurveVel-B,6225,107724,722,CurveVelB:6225
2027,global_train,42,1234,3,CurveVelB,CurveVel-B,11931,103623,723,CurveVelB:11931
2027,global_train,42,1234,3,CurveVelB,CurveVel-B,17279,224438,724,CurveVelB:17279
2027,global_train,42,1234,3,CurveVelB,CurveVel-B,17163,177454,725,CurveVelB:17163
2027,global_train,42,1234,3,CurveVelB,CurveVel-B,2497,150811,726,CurveVelB:2497
2027,global_train,42,1234,3,CurveVelB,CurveVel-B,4790,105445,727,CurveVelB:4790
2027,global_train,42,1234,3,CurveVelB,CurveVel-B,8026,51272,728,CurveVelB:8026
2027,global_train,42,1234,3,CurveVelB,CurveVel-B,15999,175255,729,CurveVelB:15999
2027,global_train,42,1234,3,CurveVelB,CurveVel-B,15967,148707,730,CurveVelB:15967
2027,global_train,42,1234,3,CurveVelB,CurveVel-B,3623,198847,731,CurveVelB:3623
2027,global_train,42,1234,3,CurveVelB,CurveVel-B,23316,180479,732,CurveVelB:23316
2027,global_train,42,1234,3,CurveVelB,CurveVel-B,2348,82470,733,CurveVelB:2348
2027,global_train,42,1234,3,CurveVelB,CurveVel-B,10434,197274,734,CurveVelB:10434
2027,global_train,42,1234,3,CurveVelB,CurveVel-B,16254,29932,735,CurveVelB:16254
2027,global_train,42,1234,3,CurveVelB,CurveVel-B,688,102636,736,CurveVelB:688
2027,global_train,42,1234,3,CurveVelB,CurveVel-B,16815,228479,737,CurveVelB:16815
2027,global_train,42,1234,3,CurveVelB,CurveVel-B,17136,24527,738,CurveVelB:17136
2027,global_train,42,1234,3,CurveVelB,CurveVel-B,27089,89616,739,CurveVelB:27089
2027,global_train,42,1234,3,CurveVelB,CurveVel-B,22970,110142,740,CurveVelB:22970
2027,global_train,42,1234,3,CurveVelB,CurveVel-B,19620,221760,741,CurveVelB:19620
2027,global_train,42,1234,3,CurveVelB,CurveVel-B,22041,229763,742,CurveVelB:22041
2027,global_train,42,1234,3,CurveVelB,CurveVel-B,27551,57663,743,CurveVelB:27551
2027,global_train,42,1234,3,CurveVelB,CurveVel-B,6520,229589,744,CurveVelB:6520
2027,global_train,42,1234,3,CurveVelB,CurveVel-B,9251,136115,745,CurveVelB:9251
2027,global_train,42,1234,3,CurveVelB,CurveVel-B,25981,193185,746,CurveVelB:25981
2027,global_train,42,1234,3,CurveVelB,CurveVel-B,13421,18978,747,CurveVelB:13421
2027,global_train,42,1234,3,CurveVelB,CurveVel-B,4413,211346,748,CurveVelB:4413
2027,global_train,42,1234,3,CurveVelB,CurveVel-B,17232,25911,749,CurveVelB:17232
2027,global_train,42,1234,3,CurveVelB,CurveVel-B,26487,50713,750,CurveVelB:26487
2027,global_train,42,1234,3,CurveVelB,CurveVel-B,15904,209969,751,CurveVelB:15904
2027,global_train,42,1234,3,CurveVelB,CurveVel-B,26144,154916,752,CurveVelB:26144
2027,global_train,42,1234,3,CurveVelB,CurveVel-B,16124,173232,753,CurveVelB:16124
2027,global_train,42,1234,3,CurveVelB,CurveVel-B,3004,235115,754,CurveVelB:3004
2027,global_train,42,1234,3,CurveVelB,CurveVel-B,28295,40691,755,CurveVelB:28295
2027,global_train,42,1234,3,CurveVelB,CurveVel-B,4706,223683,756,CurveVelB:4706
2027,global_train,42,1234,3,CurveVelB,CurveVel-B,20930,115938,757,CurveVelB:20930
2027,global_train,42,1234,3,CurveVelB,CurveVel-B,4977,143604,758,CurveVelB:4977
2027,global_train,42,1234,3,CurveVelB,CurveVel-B,3600,141550,759,CurveVelB:3600
2027,global_train,42,1234,3,CurveVelB,CurveVel-B,1258,78413,760,CurveVelB:1258
2027,global_train,42,1234,3,CurveVelB,CurveVel-B,18819,10826,761,CurveVelB:18819
2027,global_train,42,1234,3,CurveVelB,CurveVel-B,16184,67377,762,CurveVelB:16184
2027,global_train,42,1234,3,CurveVelB,CurveVel-B,12094,176817,763,CurveVelB:12094
2027,global_train,42,1234,3,CurveVelB,CurveVel-B,29302,97958,764,CurveVelB:29302
2027,global_train,42,1234,3,CurveVelB,CurveVel-B,19624,19271,765,CurveVelB:19624
2027,global_train,42,1234,3,CurveVelB,CurveVel-B,1436,81489,766,CurveVelB:1436
2027,global_train,42,1234,3,CurveVelB,CurveVel-B,8210,28487,767,CurveVelB:8210
2027,global_train,42,1234,3,CurveVelB,CurveVel-B,11726,48266,768,CurveVelB:11726
2027,global_train,42,1234,3,CurveVelB,CurveVel-B,22741,162301,769,CurveVelB:22741
2027,global_train,42,1234,3,CurveVelB,CurveVel-B,21374,136310,770,CurveVelB:21374
2027,global_train,42,1234,3,CurveVelB,CurveVel-B,21376,160956,771,CurveVelB:21376
2027,global_train,42,1234,3,CurveVelB,CurveVel-B,1273,223731,772,CurveVelB:1273
2027,global_train,42,1234,3,CurveVelB,CurveVel-B,11005,225629,773,CurveVelB:11005
2027,global_train,42,1234,3,CurveVelB,CurveVel-B,23660,102413,774,CurveVelB:23660
2027,global_train,42,1234,3,CurveVelB,CurveVel-B,3889,139280,775,CurveVelB:3889
2027,global_train,42,1234,3,CurveVelB,CurveVel-B,25478,222410,776,CurveVelB:25478
2027,global_train,42,1234,3,CurveVelB,CurveVel-B,18977,108659,777,CurveVelB:18977
2027,global_train,42,1234,3,CurveVelB,CurveVel-B,1634,34954,778,CurveVelB:1634
2027,global_train,42,1234,3,CurveVelB,CurveVel-B,4382,123605,779,CurveVelB:4382
2027,global_train,42,1234,3,CurveVelB,CurveVel-B,26640,8680,780,CurveVelB:26640
2027,global_train,42,1234,3,CurveVelB,CurveVel-B,16245,19162,781,CurveVelB:16245
2027,global_train,42,1234,3,CurveVelB,CurveVel-B,7310,132441,782,CurveVelB:7310
2027,global_train,42,1234,3,CurveVelB,CurveVel-B,16121,105232,783,CurveVelB:16121
2027,global_train,42,1234,3,CurveVelB,CurveVel-B,25730,199482,784,CurveVelB:25730
2027,global_train,42,1234,3,CurveVelB,CurveVel-B,20438,11321,785,CurveVelB:20438
2027,global_train,42,1234,3,CurveVelB,CurveVel-B,23372,20562,786,CurveVelB:23372
2027,global_train,42,1234,3,CurveVelB,CurveVel-B,13091,62734,787,CurveVelB:13091
2027,global_train,42,1234,3,CurveVelB,CurveVel-B,24977,65589,788,CurveVelB:24977
2027,global_train,42,1234,3,CurveVelB,CurveVel-B,26321,211619,789,CurveVelB:26321
2027,global_train,42,1234,3,CurveVelB,CurveVel-B,1976,132647,790,CurveVelB:1976
2027,global_train,42,1234,3,CurveVelB,CurveVel-B,7798,160863,791,CurveVelB:7798
2027,global_train,42,1234,3,CurveVelB,CurveVel-B,24954,4554,792,CurveVelB:24954
2027,global_train,42,1234,3,CurveVelB,CurveVel-B,16805,81211,793,CurveVelB:16805
2027,global_train,42,1234,3,CurveVelB,CurveVel-B,26672,58794,794,CurveVelB:26672
2027,global_train,42,1234,3,CurveVelB,CurveVel-B,10465,118659,795,CurveVelB:10465
2027,global_train,42,1234,3,CurveVelB,CurveVel-B,22046,214995,796,CurveVelB:22046
2027,global_train,42,1234,3,CurveVelB,CurveVel-B,18975,9416,797,CurveVelB:18975
2027,global_train,42,1234,3,CurveVelB,CurveVel-B,8437,43896,798,CurveVelB:8437
2027,global_train,42,1234,3,CurveVelB,CurveVel-B,10239,159950,799,CurveVelB:10239
2027,global_train,42,1234,3,CurveVelB,CurveVel-B,27362,65137,800,CurveVelB:27362
2027,global_train,42,1234,3,CurveVelB,CurveVel-B,12781,168760,801,CurveVelB:12781
2027,global_train,42,1234,3,CurveVelB,CurveVel-B,26307,66704,802,CurveVelB:26307
2027,global_train,42,1234,3,CurveVelB,CurveVel-B,17192,33089,803,CurveVelB:17192
2027,global_train,42,1234,3,CurveVelB,CurveVel-B,9123,90922,804,CurveVelB:9123
2027,global_train,42,1234,3,CurveVelB,CurveVel-B,5863,11046,805,CurveVelB:5863
2027,global_train,42,1234,3,CurveVelB,CurveVel-B,691,52185,806,CurveVelB:691
2027,global_train,42,1234,3,CurveVelB,CurveVel-B,11277,46955,807,CurveVelB:11277
2027,global_train,42,1234,3,CurveVelB,CurveVel-B,17510,142002,808,CurveVelB:17510
2027,global_train,42,1234,3,CurveVelB,CurveVel-B,4991,194063,809,CurveVelB:4991
2027,global_train,42,1234,3,CurveVelB,CurveVel-B,9038,101077,810,CurveVelB:9038
2027,global_train,42,1234,3,CurveVelB,CurveVel-B,7686,176966,811,CurveVelB:7686
2027,global_train,42,1234,3,CurveVelB,CurveVel-B,384,56010,812,CurveVelB:384
2027,global_train,42,1234,3,CurveVelB,CurveVel-B,22912,173428,813,CurveVelB:22912
2027,global_train,42,1234,3,CurveVelB,CurveVel-B,17263,5225,814,CurveVelB:17263
2027,global_train,42,1234,3,CurveVelB,CurveVel-B,29329,125838,815,CurveVelB:29329
2027,global_train,42,1234,3,CurveVelB,CurveVel-B,15662,230713,816,CurveVelB:15662
2027,global_train,42,1234,3,CurveVelB,CurveVel-B,5276,7904,817,CurveVelB:5276
2027,global_train,42,1234,3,CurveVelB,CurveVel-B,14564,177549,818,CurveVelB:14564
2027,global_train,42,1234,3,CurveVelB,CurveVel-B,28153,126803,819,CurveVelB:28153
2027,global_train,42,1234,3,CurveVelB,CurveVel-B,4866,34489,820,CurveVelB:4866
2027,global_train,42,1234,3,CurveVelB,CurveVel-B,8507,103610,821,CurveVelB:8507
2027,global_train,42,1234,3,CurveVelB,CurveVel-B,20834,123785,822,CurveVelB:20834
2027,global_train,42,1234,3,CurveVelB,CurveVel-B,563,84522,823,CurveVelB:563
2027,global_train,42,1234,3,CurveVelB,CurveVel-B,21299,179600,824,CurveVelB:21299
2027,global_train,42,1234,3,CurveVelB,CurveVel-B,24752,151264,825,CurveVelB:24752
2027,global_train,42,1234,3,CurveVelB,CurveVel-B,5230,97820,826,CurveVelB:5230
2027,global_train,42,1234,3,CurveVelB,CurveVel-B,24403,22395,827,CurveVelB:24403
2027,global_train,42,1234,3,CurveVelB,CurveVel-B,18841,153293,828,CurveVelB:18841
2027,global_train,42,1234,3,CurveVelB,CurveVel-B,14143,125405,829,CurveVelB:14143
2027,global_train,42,1234,3,CurveVelB,CurveVel-B,26271,87094,830,CurveVelB:26271
2027,global_train,42,1234,3,CurveVelB,CurveVel-B,26816,189806,831,CurveVelB:26816
2027,global_train,42,1234,3,CurveVelB,CurveVel-B,26644,83803,832,CurveVelB:26644
2027,global_train,42,1234,3,CurveVelB,CurveVel-B,10204,28825,833,CurveVelB:10204
2027,global_train,42,1234,3,CurveVelB,CurveVel-B,27001,230547,834,CurveVelB:27001
2027,global_train,42,1234,3,CurveVelB,CurveVel-B,17360,163344,835,CurveVelB:17360
2027,global_train,42,1234,3,CurveVelB,CurveVel-B,1496,112257,836,CurveVelB:1496
2027,global_train,42,1234,3,CurveVelB,CurveVel-B,14004,197887,837,CurveVelB:14004
2027,global_train,42,1234,3,CurveVelB,CurveVel-B,23941,97182,838,CurveVelB:23941
2027,global_train,42,1234,3,CurveVelB,CurveVel-B,2742,147169,839,CurveVelB:2742
2027,global_train,42,1234,3,CurveVelB,CurveVel-B,28468,104151,840,CurveVelB:28468
2027,global_train,42,1234,3,CurveVelB,CurveVel-B,22578,19946,841,CurveVelB:22578
2027,global_train,42,1234,3,CurveVelB,CurveVel-B,8130,119730,842,CurveVelB:8130
2027,global_train,42,1234,3,CurveVelB,CurveVel-B,21906,90783,843,CurveVelB:21906
2027,global_train,42,1234,3,CurveVelB,CurveVel-B,15950,78833,844,CurveVelB:15950
2027,global_train,42,1234,3,CurveVelB,CurveVel-B,15935,4964,845,CurveVelB:15935
2027,global_train,42,1234,3,CurveVelB,CurveVel-B,19305,23599,846,CurveVelB:19305
2027,global_train,42,1234,3,CurveVelB,CurveVel-B,1257,41224,847,CurveVelB:1257
2027,global_train,42,1234,3,CurveVelB,CurveVel-B,27054,154234,848,CurveVelB:27054
2027,global_train,42,1234,3,CurveVelB,CurveVel-B,29476,50524,849,CurveVelB:29476
2027,global_train,42,1234,3,CurveVelB,CurveVel-B,27903,153377,850,CurveVelB:27903
2027,global_train,42,1234,3,CurveVelB,CurveVel-B,10973,210632,851,CurveVelB:10973
2027,global_train,42,1234,3,CurveVelB,CurveVel-B,29903,196986,852,CurveVelB:29903
2027,global_train,42,1234,3,CurveVelB,CurveVel-B,13251,135164,853,CurveVelB:13251
2027,global_train,42,1234,3,CurveVelB,CurveVel-B,25458,76228,854,CurveVelB:25458
2027,global_train,42,1234,3,CurveVelB,CurveVel-B,22067,35612,855,CurveVelB:22067
2027,global_train,42,1234,3,CurveVelB,CurveVel-B,5747,168290,856,CurveVelB:5747
2027,global_train,42,1234,3,CurveVelB,CurveVel-B,26417,203432,857,CurveVelB:26417
2027,global_train,42,1234,3,CurveVelB,CurveVel-B,4150,104821,858,CurveVelB:4150
2027,global_train,42,1234,3,CurveVelB,CurveVel-B,28237,210424,859,CurveVelB:28237
2027,global_train,42,1234,3,CurveVelB,CurveVel-B,14019,224654,860,CurveVelB:14019
2027,global_train,42,1234,3,CurveVelB,CurveVel-B,2936,35007,861,CurveVelB:2936
2027,global_train,42,1234,3,CurveVelB,CurveVel-B,22776,11478,862,CurveVelB:22776
2027,global_train,42,1234,3,CurveVelB,CurveVel-B,27225,175601,863,CurveVelB:27225
2027,global_train,42,1234,3,CurveVelB,CurveVel-B,21463,30033,864,CurveVelB:21463
2027,global_train,42,1234,3,CurveVelB,CurveVel-B,9945,165083,865,CurveVelB:9945
2027,global_train,42,1234,3,CurveVelB,CurveVel-B,29627,198273,866,CurveVelB:29627
2027,global_train,42,1234,3,CurveVelB,CurveVel-B,16644,32011,867,CurveVelB:16644
2027,global_train,42,1234,3,CurveVelB,CurveVel-B,5293,183345,868,CurveVelB:5293
2027,global_train,42,1234,3,CurveVelB,CurveVel-B,473,123786,869,CurveVelB:473
2027,global_train,42,1234,3,CurveVelB,CurveVel-B,9611,222736,870,CurveVelB:9611
2027,global_train,42,1234,3,CurveVelB,CurveVel-B,24648,83540,871,CurveVelB:24648
2027,global_train,42,1234,3,CurveVelB,CurveVel-B,27187,34645,872,CurveVelB:27187
2027,global_train,42,1234,3,CurveVelB,CurveVel-B,18406,193151,873,CurveVelB:18406
2027,global_train,42,1234,3,CurveVelB,CurveVel-B,27914,49920,874,CurveVelB:27914
2027,global_train,42,1234,3,CurveVelB,CurveVel-B,10245,160227,875,CurveVelB:10245
2027,global_train,42,1234,3,CurveVelB,CurveVel-B,13205,46715,876,CurveVelB:13205
2027,global_train,42,1234,3,CurveVelB,CurveVel-B,16929,228055,877,CurveVelB:16929
2027,global_train,42,1234,3,CurveVelB,CurveVel-B,3442,123576,878,CurveVelB:3442
2027,global_train,42,1234,3,CurveVelB,CurveVel-B,4126,27452,879,CurveVelB:4126
2027,global_train,42,1234,3,CurveVelB,CurveVel-B,27332,30278,880,CurveVelB:27332
2027,global_train,42,1234,3,CurveVelB,CurveVel-B,29639,172209,881,CurveVelB:29639
2027,global_train,42,1234,3,CurveVelB,CurveVel-B,12771,113161,882,CurveVelB:12771
2027,global_train,42,1234,3,CurveVelB,CurveVel-B,6486,67274,883,CurveVelB:6486
2027,global_train,42,1234,3,CurveVelB,CurveVel-B,27248,105653,884,CurveVelB:27248
2027,global_train,42,1234,3,CurveVelB,CurveVel-B,15245,43994,885,CurveVelB:15245
2027,global_train,42,1234,3,CurveVelB,CurveVel-B,17843,3348,886,CurveVelB:17843
2027,global_train,42,1234,3,CurveVelB,CurveVel-B,26508,63240,887,CurveVelB:26508
2027,global_train,42,1234,3,CurveVelB,CurveVel-B,29409,76664,888,CurveVelB:29409
2027,global_train,42,1234,3,CurveVelB,CurveVel-B,14725,32884,889,CurveVelB:14725
2027,global_train,42,1234,3,CurveVelB,CurveVel-B,19219,184711,890,CurveVelB:19219
2027,global_train,42,1234,3,CurveVelB,CurveVel-B,20826,83588,891,CurveVelB:20826
2027,global_train,42,1234,3,CurveVelB,CurveVel-B,27376,15886,892,CurveVelB:27376
2027,global_train,42,1234,3,CurveVelB,CurveVel-B,8488,93650,893,CurveVelB:8488
2027,global_train,42,1234,3,CurveVelB,CurveVel-B,21533,102386,894,CurveVelB:21533
2027,global_train,42,1234,3,CurveVelB,CurveVel-B,16694,57832,895,CurveVelB:16694
2027,global_train,42,1234,3,CurveVelB,CurveVel-B,12151,66297,896,CurveVelB:12151
2027,global_train,42,1234,3,CurveVelB,CurveVel-B,16345,200352,897,CurveVelB:16345
2027,global_train,42,1234,3,CurveVelB,CurveVel-B,5716,119480,898,CurveVelB:5716
2027,global_train,42,1234,3,CurveVelB,CurveVel-B,456,134862,899,CurveVelB:456
2027,global_train,42,1234,3,CurveVelB,CurveVel-B,8379,37199,900,CurveVelB:8379
2027,global_train,42,1234,3,CurveVelB,CurveVel-B,10128,20583,901,CurveVelB:10128
2027,global_train,42,1234,3,CurveVelB,CurveVel-B,5097,184232,902,CurveVelB:5097
2027,global_train,42,1234,3,CurveVelB,CurveVel-B,6852,49711,903,CurveVelB:6852
2027,global_train,42,1234,3,CurveVelB,CurveVel-B,16897,22760,904,CurveVelB:16897
2027,global_train,42,1234,3,CurveVelB,CurveVel-B,707,5463,905,CurveVelB:707
2027,global_train,42,1234,3,CurveVelB,CurveVel-B,1141,83126,906,CurveVelB:1141
2027,global_train,42,1234,3,CurveVelB,CurveVel-B,19494,201672,907,CurveVelB:19494
2027,global_train,42,1234,3,CurveVelB,CurveVel-B,20796,22700,908,CurveVelB:20796
2027,global_train,42,1234,3,CurveVelB,CurveVel-B,29725,190436,909,CurveVelB:29725
2027,global_train,42,1234,3,CurveVelB,CurveVel-B,7145,30318,910,CurveVelB:7145
2027,global_train,42,1234,3,CurveVelB,CurveVel-B,20816,70253,911,CurveVelB:20816
2027,global_train,42,1234,3,CurveVelB,CurveVel-B,15159,25525,912,CurveVelB:15159
2027,global_train,42,1234,3,CurveVelB,CurveVel-B,5713,203407,913,CurveVelB:5713
2027,global_train,42,1234,3,CurveVelB,CurveVel-B,4147,96304,914,CurveVelB:4147
2027,global_train,42,1234,3,CurveVelB,CurveVel-B,27975,74477,915,CurveVelB:27975
2027,global_train,42,1234,3,CurveVelB,CurveVel-B,25708,58724,916,CurveVelB:25708
2027,global_train,42,1234,3,CurveVelB,CurveVel-B,22090,167608,917,CurveVelB:22090
2027,global_train,42,1234,3,CurveVelB,CurveVel-B,29085,175765,918,CurveVelB:29085
2027,global_train,42,1234,3,CurveVelB,CurveVel-B,19730,139242,919,CurveVelB:19730
2027,global_train,42,1234,3,CurveVelB,CurveVel-B,21152,205018,920,CurveVelB:21152
2027,global_train,42,1234,3,CurveVelB,CurveVel-B,29875,66921,921,CurveVelB:29875
2027,global_train,42,1234,3,CurveVelB,CurveVel-B,22906,59275,922,CurveVelB:22906
2027,global_train,42,1234,3,CurveVelB,CurveVel-B,22141,179474,923,CurveVelB:22141
2027,global_train,42,1234,3,CurveVelB,CurveVel-B,17650,193263,924,CurveVelB:17650
2027,global_train,42,1234,3,CurveVelB,CurveVel-B,3175,44273,925,CurveVelB:3175
2027,global_train,42,1234,3,CurveVelB,CurveVel-B,16189,158092,926,CurveVelB:16189
2027,global_train,42,1234,3,CurveVelB,CurveVel-B,3779,110974,927,CurveVelB:3779
2027,global_train,42,1234,3,CurveVelB,CurveVel-B,14183,163547,928,CurveVelB:14183
2027,global_train,42,1234,3,CurveVelB,CurveVel-B,2473,201863,929,CurveVelB:2473
2027,global_train,42,1234,3,CurveVelB,CurveVel-B,4367,139232,930,CurveVelB:4367
2027,global_train,42,1234,3,CurveVelB,CurveVel-B,11724,141217,931,CurveVelB:11724
2027,global_train,42,1234,3,CurveVelB,CurveVel-B,9345,6569,932,CurveVelB:9345
2027,global_train,42,1234,3,CurveVelB,CurveVel-B,4391,23917,933,CurveVelB:4391
2027,global_train,42,1234,3,CurveVelB,CurveVel-B,10330,70026,934,CurveVelB:10330
2027,global_train,42,1234,3,CurveVelB,CurveVel-B,29177,56190,935,CurveVelB:29177
2027,global_train,42,1234,3,CurveVelB,CurveVel-B,25605,20300,936,CurveVelB:25605
2027,global_train,42,1234,3,CurveVelB,CurveVel-B,2339,175056,937,CurveVelB:2339
2027,global_train,42,1234,3,CurveVelB,CurveVel-B,7534,208958,938,CurveVelB:7534
2027,global_train,42,1234,3,CurveVelB,CurveVel-B,19182,4287,939,CurveVelB:19182
2027,global_train,42,1234,3,CurveVelB,CurveVel-B,28303,200852,940,CurveVelB:28303
2027,global_train,42,1234,3,CurveVelB,CurveVel-B,10978,146672,941,CurveVelB:10978
2027,global_train,42,1234,3,CurveVelB,CurveVel-B,8773,156376,942,CurveVelB:8773
2027,global_train,42,1234,3,CurveVelB,CurveVel-B,17280,1395,943,CurveVelB:17280
2027,global_train,42,1234,3,CurveVelB,CurveVel-B,2387,3589,944,CurveVelB:2387
2027,global_train,42,1234,3,CurveVelB,CurveVel-B,28074,225540,945,CurveVelB:28074
2027,global_train,42,1234,3,CurveVelB,CurveVel-B,25455,106291,946,CurveVelB:25455
2027,global_train,42,1234,3,CurveVelB,CurveVel-B,846,123051,947,CurveVelB:846
2027,global_train,42,1234,3,CurveVelB,CurveVel-B,5855,76098,948,CurveVelB:5855
2027,global_train,42,1234,3,CurveVelB,CurveVel-B,17134,23810,949,CurveVelB:17134
2027,global_train,42,1234,3,CurveVelB,CurveVel-B,13131,229062,950,CurveVelB:13131
2027,global_train,42,1234,3,CurveVelB,CurveVel-B,23998,122869,951,CurveVelB:23998
2027,global_train,42,1234,3,CurveVelB,CurveVel-B,9875,135180,952,CurveVelB:9875
2027,global_train,42,1234,3,CurveVelB,CurveVel-B,11742,117853,953,CurveVelB:11742
2027,global_train,42,1234,3,CurveVelB,CurveVel-B,4897,172691,954,CurveVelB:4897
2027,global_train,42,1234,3,CurveVelB,CurveVel-B,24910,17433,955,CurveVelB:24910
2027,global_train,42,1234,3,CurveVelB,CurveVel-B,29851,66065,956,CurveVelB:29851
2027,global_train,42,1234,3,CurveVelB,CurveVel-B,3432,54644,957,CurveVelB:3432
2027,global_train,42,1234,3,CurveVelB,CurveVel-B,27690,4679,958,CurveVelB:27690
2027,global_train,42,1234,3,CurveVelB,CurveVel-B,1872,230060,959,CurveVelB:1872
2027,global_train,42,1234,3,CurveVelB,CurveVel-B,6848,6739,960,CurveVelB:6848
2027,global_train,42,1234,3,CurveVelB,CurveVel-B,15876,86588,961,CurveVelB:15876
2027,global_train,42,1234,3,CurveVelB,CurveVel-B,28280,207496,962,CurveVelB:28280
2027,global_train,42,1234,3,CurveVelB,CurveVel-B,9493,133975,963,CurveVelB:9493
2027,global_train,42,1234,3,CurveVelB,CurveVel-B,1961,231171,964,CurveVelB:1961
2027,global_train,42,1234,3,CurveVelB,CurveVel-B,7269,210975,965,CurveVelB:7269
2027,global_train,42,1234,3,CurveVelB,CurveVel-B,21300,108840,966,CurveVelB:21300
2027,global_train,42,1234,3,CurveVelB,CurveVel-B,14643,199824,967,CurveVelB:14643
2027,global_train,42,1234,3,CurveVelB,CurveVel-B,419,33533,968,CurveVelB:419
2027,global_train,42,1234,3,CurveVelB,CurveVel-B,28474,80719,969,CurveVelB:28474
2027,global_train,42,1234,3,CurveVelB,CurveVel-B,2538,142010,970,CurveVelB:2538
2027,global_train,42,1234,3,CurveVelB,CurveVel-B,26666,211695,971,CurveVelB:26666
2027,global_train,42,1234,3,CurveVelB,CurveVel-B,3334,9139,972,CurveVelB:3334
2027,global_train,42,1234,3,CurveVelB,CurveVel-B,28727,38152,973,CurveVelB:28727
2027,global_train,42,1234,3,CurveVelB,CurveVel-B,17366,125386,974,CurveVelB:17366
2027,global_train,42,1234,3,CurveVelB,CurveVel-B,18399,85206,975,CurveVelB:18399
2027,global_train,42,1234,3,CurveVelB,CurveVel-B,3222,52735,976,CurveVelB:3222
2027,global_train,42,1234,3,CurveVelB,CurveVel-B,18062,151745,977,CurveVelB:18062
2027,global_train,42,1234,3,CurveVelB,CurveVel-B,19873,49891,978,CurveVelB:19873
2027,global_train,42,1234,3,CurveVelB,CurveVel-B,2569,138254,979,CurveVelB:2569
2027,global_train,42,1234,3,CurveVelB,CurveVel-B,1253,110099,980,CurveVelB:1253
2027,global_train,42,1234,3,CurveVelB,CurveVel-B,2313,81945,981,CurveVelB:2313
2027,global_train,42,1234,3,CurveVelB,CurveVel-B,23498,40324,982,CurveVelB:23498
2027,global_train,42,1234,3,CurveVelB,CurveVel-B,23542,154859,983,CurveVelB:23542
2027,global_train,42,1234,3,CurveVelB,CurveVel-B,27450,225933,984,CurveVelB:27450
2027,global_train,42,1234,3,CurveVelB,CurveVel-B,25363,112922,985,CurveVelB:25363
2027,global_train,42,1234,3,CurveVelB,CurveVel-B,23216,172018,986,CurveVelB:23216
2027,global_train,42,1234,3,CurveVelB,CurveVel-B,24278,126319,987,CurveVelB:24278
2027,global_train,42,1234,3,CurveVelB,CurveVel-B,22774,195420,988,CurveVelB:22774
2027,global_train,42,1234,3,CurveVelB,CurveVel-B,17538,105867,989,CurveVelB:17538
2027,global_train,42,1234,3,CurveVelB,CurveVel-B,17468,57926,990,CurveVelB:17468
2027,global_train,42,1234,3,CurveVelB,CurveVel-B,3333,40076,991,CurveVelB:3333
2027,global_train,42,1234,3,CurveVelB,CurveVel-B,5339,81800,992,CurveVelB:5339
2027,global_train,42,1234,3,CurveVelB,CurveVel-B,26561,26181,993,CurveVelB:26561
2027,global_train,42,1234,3,CurveVelB,CurveVel-B,28931,157169,994,CurveVelB:28931
2027,global_train,42,1234,3,CurveVelB,CurveVel-B,7572,47229,995,CurveVelB:7572
2027,global_train,42,1234,3,CurveVelB,CurveVel-B,16038,11847,996,CurveVelB:16038
2027,global_train,42,1234,3,CurveVelB,CurveVel-B,18206,143043,997,CurveVelB:18206
2027,global_train,42,1234,3,CurveVelB,CurveVel-B,1572,61703,998,CurveVelB:1572
2027,global_train,42,1234,3,CurveVelB,CurveVel-B,8756,198482,999,CurveVelB:8756
2027,global_train,42,1234,4,FlatFaultA,FlatFault-A,24551,68048,0,FlatFaultA:24551
2027,global_train,42,1234,4,FlatFaultA,FlatFault-A,31106,155647,1,FlatFaultA:31106
2027,global_train,42,1234,4,FlatFaultA,FlatFault-A,7150,181683,2,FlatFaultA:7150
2027,global_train,42,1234,4,FlatFaultA,FlatFault-A,45775,59619,3,FlatFaultA:45775
2027,global_train,42,1234,4,FlatFaultA,FlatFault-A,49535,61684,4,FlatFaultA:49535
2027,global_train,42,1234,4,FlatFaultA,FlatFault-A,13313,120007,5,FlatFaultA:13313
2027,global_train,42,1234,4,FlatFaultA,FlatFault-A,2970,127607,6,FlatFaultA:2970
2027,global_train,42,1234,4,FlatFaultA,FlatFault-A,10287,176784,7,FlatFaultA:10287
2027,global_train,42,1234,4,FlatFaultA,FlatFault-A,4892,45026,8,FlatFaultA:4892
2027,global_train,42,1234,4,FlatFaultA,FlatFault-A,53602,122292,9,FlatFaultA:53602
2027,global_train,42,1234,4,FlatFaultA,FlatFault-A,19212,140800,10,FlatFaultA:19212
2027,global_train,42,1234,4,FlatFaultA,FlatFault-A,45101,203967,11,FlatFaultA:45101
2027,global_train,42,1234,4,FlatFaultA,FlatFault-A,25085,180521,12,FlatFaultA:25085
2027,global_train,42,1234,4,FlatFaultA,FlatFault-A,33586,92753,13,FlatFaultA:33586
2027,global_train,42,1234,4,FlatFaultA,FlatFault-A,1195,200289,14,FlatFaultA:1195
2027,global_train,42,1234,4,FlatFaultA,FlatFault-A,29000,95035,15,FlatFaultA:29000
2027,global_train,42,1234,4,FlatFaultA,FlatFault-A,27898,20223,16,FlatFaultA:27898
2027,global_train,42,1234,4,FlatFaultA,FlatFault-A,6629,132102,17,FlatFaultA:6629
2027,global_train,42,1234,4,FlatFaultA,FlatFault-A,37939,15236,18,FlatFaultA:37939
2027,global_train,42,1234,4,FlatFaultA,FlatFault-A,4734,66503,19,FlatFaultA:4734
2027,global_train,42,1234,4,FlatFaultA,FlatFault-A,7700,61818,20,FlatFaultA:7700
2027,global_train,42,1234,4,FlatFaultA,FlatFault-A,15264,178490,21,FlatFaultA:15264
2027,global_train,42,1234,4,FlatFaultA,FlatFault-A,6961,45412,22,FlatFaultA:6961
2027,global_train,42,1234,4,FlatFaultA,FlatFault-A,45843,208236,23,FlatFaultA:45843
2027,global_train,42,1234,4,FlatFaultA,FlatFault-A,41435,168569,24,FlatFaultA:41435
2027,global_train,42,1234,4,FlatFaultA,FlatFault-A,49901,192045,25,FlatFaultA:49901
2027,global_train,42,1234,4,FlatFaultA,FlatFault-A,20356,199754,26,FlatFaultA:20356
2027,global_train,42,1234,4,FlatFaultA,FlatFault-A,13663,154313,27,FlatFaultA:13663
2027,global_train,42,1234,4,FlatFaultA,FlatFault-A,35954,56472,28,FlatFaultA:35954
2027,global_train,42,1234,4,FlatFaultA,FlatFault-A,36994,42576,29,FlatFaultA:36994
2027,global_train,42,1234,4,FlatFaultA,FlatFault-A,39916,33472,30,FlatFaultA:39916
2027,global_train,42,1234,4,FlatFaultA,FlatFault-A,35007,46106,31,FlatFaultA:35007
2027,global_train,42,1234,4,FlatFaultA,FlatFault-A,29882,208317,32,FlatFaultA:29882
2027,global_train,42,1234,4,FlatFaultA,FlatFault-A,29334,185675,33,FlatFaultA:29334
2027,global_train,42,1234,4,FlatFaultA,FlatFault-A,24178,160240,34,FlatFaultA:24178
2027,global_train,42,1234,4,FlatFaultA,FlatFault-A,9490,208719,35,FlatFaultA:9490
2027,global_train,42,1234,4,FlatFaultA,FlatFault-A,39276,223935,36,FlatFaultA:39276
2027,global_train,42,1234,4,FlatFaultA,FlatFault-A,8059,158844,37,FlatFaultA:8059
2027,global_train,42,1234,4,FlatFaultA,FlatFault-A,51709,202570,38,FlatFaultA:51709
2027,global_train,42,1234,4,FlatFaultA,FlatFault-A,42035,8825,39,FlatFaultA:42035
2027,global_train,42,1234,4,FlatFaultA,FlatFault-A,33297,223382,40,FlatFaultA:33297
2027,global_train,42,1234,4,FlatFaultA,FlatFault-A,1190,64450,41,FlatFaultA:1190
2027,global_train,42,1234,4,FlatFaultA,FlatFault-A,7211,57645,42,FlatFaultA:7211
2027,global_train,42,1234,4,FlatFaultA,FlatFault-A,42102,181138,43,FlatFaultA:42102
2027,global_train,42,1234,4,FlatFaultA,FlatFault-A,52416,63609,44,FlatFaultA:52416
2027,global_train,42,1234,4,FlatFaultA,FlatFault-A,30144,140776,45,FlatFaultA:30144
2027,global_train,42,1234,4,FlatFaultA,FlatFault-A,6574,227768,46,FlatFaultA:6574
2027,global_train,42,1234,4,FlatFaultA,FlatFault-A,24649,190291,47,FlatFaultA:24649
2027,global_train,42,1234,4,FlatFaultA,FlatFault-A,4041,203787,48,FlatFaultA:4041
2027,global_train,42,1234,4,FlatFaultA,FlatFault-A,11490,142179,49,FlatFaultA:11490
2027,global_train,42,1234,4,FlatFaultA,FlatFault-A,12573,46771,50,FlatFaultA:12573
2027,global_train,42,1234,4,FlatFaultA,FlatFault-A,27941,204412,51,FlatFaultA:27941
2027,global_train,42,1234,4,FlatFaultA,FlatFault-A,52863,31207,52,FlatFaultA:52863
2027,global_train,42,1234,4,FlatFaultA,FlatFault-A,52869,166809,53,FlatFaultA:52869
2027,global_train,42,1234,4,FlatFaultA,FlatFault-A,21909,130762,54,FlatFaultA:21909
2027,global_train,42,1234,4,FlatFaultA,FlatFault-A,40888,154695,55,FlatFaultA:40888
2027,global_train,42,1234,4,FlatFaultA,FlatFault-A,28783,124425,56,FlatFaultA:28783
2027,global_train,42,1234,4,FlatFaultA,FlatFault-A,23862,227986,57,FlatFaultA:23862
2027,global_train,42,1234,4,FlatFaultA,FlatFault-A,23461,103299,58,FlatFaultA:23461
2027,global_train,42,1234,4,FlatFaultA,FlatFault-A,51082,155957,59,FlatFaultA:51082
2027,global_train,42,1234,4,FlatFaultA,FlatFault-A,16373,218811,60,FlatFaultA:16373
2027,global_train,42,1234,4,FlatFaultA,FlatFault-A,40662,91910,61,FlatFaultA:40662
2027,global_train,42,1234,4,FlatFaultA,FlatFault-A,3743,176390,62,FlatFaultA:3743
2027,global_train,42,1234,4,FlatFaultA,FlatFault-A,33918,104644,63,FlatFaultA:33918
2027,global_train,42,1234,4,FlatFaultA,FlatFault-A,31228,193122,64,FlatFaultA:31228
2027,global_train,42,1234,4,FlatFaultA,FlatFault-A,53098,157125,65,FlatFaultA:53098
2027,global_train,42,1234,4,FlatFaultA,FlatFault-A,23546,2252,66,FlatFaultA:23546
2027,global_train,42,1234,4,FlatFaultA,FlatFault-A,7874,51497,67,FlatFaultA:7874
2027,global_train,42,1234,4,FlatFaultA,FlatFault-A,9331,177885,68,FlatFaultA:9331
2027,global_train,42,1234,4,FlatFaultA,FlatFault-A,24870,97918,69,FlatFaultA:24870
2027,global_train,42,1234,4,FlatFaultA,FlatFault-A,29359,220571,70,FlatFaultA:29359
2027,global_train,42,1234,4,FlatFaultA,FlatFault-A,38208,158423,71,FlatFaultA:38208
2027,global_train,42,1234,4,FlatFaultA,FlatFault-A,30414,100906,72,FlatFaultA:30414
2027,global_train,42,1234,4,FlatFaultA,FlatFault-A,24593,62577,73,FlatFaultA:24593
2027,global_train,42,1234,4,FlatFaultA,FlatFault-A,43850,49199,74,FlatFaultA:43850
2027,global_train,42,1234,4,FlatFaultA,FlatFault-A,33694,157619,75,FlatFaultA:33694
2027,global_train,42,1234,4,FlatFaultA,FlatFault-A,3085,13581,76,FlatFaultA:3085
2027,global_train,42,1234,4,FlatFaultA,FlatFault-A,8056,18855,77,FlatFaultA:8056
2027,global_train,42,1234,4,FlatFaultA,FlatFault-A,49188,14940,78,FlatFaultA:49188
2027,global_train,42,1234,4,FlatFaultA,FlatFault-A,16597,33447,79,FlatFaultA:16597
2027,global_train,42,1234,4,FlatFaultA,FlatFault-A,45276,16365,80,FlatFaultA:45276
2027,global_train,42,1234,4,FlatFaultA,FlatFault-A,41365,13109,81,FlatFaultA:41365
2027,global_train,42,1234,4,FlatFaultA,FlatFault-A,41965,75382,82,FlatFaultA:41965
2027,global_train,42,1234,4,FlatFaultA,FlatFault-A,18882,50687,83,FlatFaultA:18882
2027,global_train,42,1234,4,FlatFaultA,FlatFault-A,2381,179076,84,FlatFaultA:2381
2027,global_train,42,1234,4,FlatFaultA,FlatFault-A,48344,8489,85,FlatFaultA:48344
2027,global_train,42,1234,4,FlatFaultA,FlatFault-A,37851,52405,86,FlatFaultA:37851
2027,global_train,42,1234,4,FlatFaultA,FlatFault-A,15098,6377,87,FlatFaultA:15098
2027,global_train,42,1234,4,FlatFaultA,FlatFault-A,2390,227046,88,FlatFaultA:2390
2027,global_train,42,1234,4,FlatFaultA,FlatFault-A,39726,25276,89,FlatFaultA:39726
2027,global_train,42,1234,4,FlatFaultA,FlatFault-A,46042,128710,90,FlatFaultA:46042
2027,global_train,42,1234,4,FlatFaultA,FlatFault-A,21331,10049,91,FlatFaultA:21331
2027,global_train,42,1234,4,FlatFaultA,FlatFault-A,5541,219794,92,FlatFaultA:5541
2027,global_train,42,1234,4,FlatFaultA,FlatFault-A,37901,27865,93,FlatFaultA:37901
2027,global_train,42,1234,4,FlatFaultA,FlatFault-A,43192,188017,94,FlatFaultA:43192
2027,global_train,42,1234,4,FlatFaultA,FlatFault-A,20234,157083,95,FlatFaultA:20234
2027,global_train,42,1234,4,FlatFaultA,FlatFault-A,47100,13224,96,FlatFaultA:47100
2027,global_train,42,1234,4,FlatFaultA,FlatFault-A,27124,119341,97,FlatFaultA:27124
2027,global_train,42,1234,4,FlatFaultA,FlatFault-A,32393,69429,98,FlatFaultA:32393
2027,global_train,42,1234,4,FlatFaultA,FlatFault-A,469,58008,99,FlatFaultA:469
2027,global_train,42,1234,4,FlatFaultA,FlatFault-A,36084,23971,100,FlatFaultA:36084
2027,global_train,42,1234,4,FlatFaultA,FlatFault-A,40320,171280,101,FlatFaultA:40320
2027,global_train,42,1234,4,FlatFaultA,FlatFault-A,39406,163359,102,FlatFaultA:39406
2027,global_train,42,1234,4,FlatFaultA,FlatFault-A,25668,217502,103,FlatFaultA:25668
2027,global_train,42,1234,4,FlatFaultA,FlatFault-A,53809,146834,104,FlatFaultA:53809
2027,global_train,42,1234,4,FlatFaultA,FlatFault-A,25365,43013,105,FlatFaultA:25365
2027,global_train,42,1234,4,FlatFaultA,FlatFault-A,29816,215633,106,FlatFaultA:29816
2027,global_train,42,1234,4,FlatFaultA,FlatFault-A,32748,108337,107,FlatFaultA:32748
2027,global_train,42,1234,4,FlatFaultA,FlatFault-A,14061,107426,108,FlatFaultA:14061
2027,global_train,42,1234,4,FlatFaultA,FlatFault-A,41797,18388,109,FlatFaultA:41797
2027,global_train,42,1234,4,FlatFaultA,FlatFault-A,4711,113556,110,FlatFaultA:4711
2027,global_train,42,1234,4,FlatFaultA,FlatFault-A,37895,158749,111,FlatFaultA:37895
2027,global_train,42,1234,4,FlatFaultA,FlatFault-A,45458,43105,112,FlatFaultA:45458
2027,global_train,42,1234,4,FlatFaultA,FlatFault-A,42994,221489,113,FlatFaultA:42994
2027,global_train,42,1234,4,FlatFaultA,FlatFault-A,18469,130485,114,FlatFaultA:18469
2027,global_train,42,1234,4,FlatFaultA,FlatFault-A,16926,142081,115,FlatFaultA:16926
2027,global_train,42,1234,4,FlatFaultA,FlatFault-A,37668,158812,116,FlatFaultA:37668
2027,global_train,42,1234,4,FlatFaultA,FlatFault-A,29947,7156,117,FlatFaultA:29947
2027,global_train,42,1234,4,FlatFaultA,FlatFault-A,26658,181708,118,FlatFaultA:26658
2027,global_train,42,1234,4,FlatFaultA,FlatFault-A,13434,112585,119,FlatFaultA:13434
2027,global_train,42,1234,4,FlatFaultA,FlatFault-A,18616,140441,120,FlatFaultA:18616
2027,global_train,42,1234,4,FlatFaultA,FlatFault-A,47795,113794,121,FlatFaultA:47795
2027,global_train,42,1234,4,FlatFaultA,FlatFault-A,4231,42007,122,FlatFaultA:4231
2027,global_train,42,1234,4,FlatFaultA,FlatFault-A,5566,198587,123,FlatFaultA:5566
2027,global_train,42,1234,4,FlatFaultA,FlatFault-A,52367,123212,124,FlatFaultA:52367
2027,global_train,42,1234,4,FlatFaultA,FlatFault-A,40838,207341,125,FlatFaultA:40838
2027,global_train,42,1234,4,FlatFaultA,FlatFault-A,51324,147527,126,FlatFaultA:51324
2027,global_train,42,1234,4,FlatFaultA,FlatFault-A,41714,23353,127,FlatFaultA:41714
2027,global_train,42,1234,4,FlatFaultA,FlatFault-A,48862,187798,128,FlatFaultA:48862
2027,global_train,42,1234,4,FlatFaultA,FlatFault-A,23536,25349,129,FlatFaultA:23536
2027,global_train,42,1234,4,FlatFaultA,FlatFault-A,14620,69360,130,FlatFaultA:14620
2027,global_train,42,1234,4,FlatFaultA,FlatFault-A,750,78028,131,FlatFaultA:750
2027,global_train,42,1234,4,FlatFaultA,FlatFault-A,49114,51028,132,FlatFaultA:49114
2027,global_train,42,1234,4,FlatFaultA,FlatFault-A,41633,12733,133,FlatFaultA:41633
2027,global_train,42,1234,4,FlatFaultA,FlatFault-A,39763,177989,134,FlatFaultA:39763
2027,global_train,42,1234,4,FlatFaultA,FlatFault-A,23342,132281,135,FlatFaultA:23342
2027,global_train,42,1234,4,FlatFaultA,FlatFault-A,8376,113550,136,FlatFaultA:8376
2027,global_train,42,1234,4,FlatFaultA,FlatFault-A,22853,65230,137,FlatFaultA:22853
2027,global_train,42,1234,4,FlatFaultA,FlatFault-A,39802,111192,138,FlatFaultA:39802
2027,global_train,42,1234,4,FlatFaultA,FlatFault-A,24249,38797,139,FlatFaultA:24249
2027,global_train,42,1234,4,FlatFaultA,FlatFault-A,12569,46900,140,FlatFaultA:12569
2027,global_train,42,1234,4,FlatFaultA,FlatFault-A,1651,84871,141,FlatFaultA:1651
2027,global_train,42,1234,4,FlatFaultA,FlatFault-A,5515,40440,142,FlatFaultA:5515
2027,global_train,42,1234,4,FlatFaultA,FlatFault-A,26437,176080,143,FlatFaultA:26437
2027,global_train,42,1234,4,FlatFaultA,FlatFault-A,10253,65904,144,FlatFaultA:10253
2027,global_train,42,1234,4,FlatFaultA,FlatFault-A,50181,192828,145,FlatFaultA:50181
2027,global_train,42,1234,4,FlatFaultA,FlatFault-A,27572,28485,146,FlatFaultA:27572
2027,global_train,42,1234,4,FlatFaultA,FlatFault-A,12346,143596,147,FlatFaultA:12346
2027,global_train,42,1234,4,FlatFaultA,FlatFault-A,51627,115765,148,FlatFaultA:51627
2027,global_train,42,1234,4,FlatFaultA,FlatFault-A,25832,15328,149,FlatFaultA:25832
2027,global_train,42,1234,4,FlatFaultA,FlatFault-A,2451,218166,150,FlatFaultA:2451
2027,global_train,42,1234,4,FlatFaultA,FlatFault-A,15054,216150,151,FlatFaultA:15054
2027,global_train,42,1234,4,FlatFaultA,FlatFault-A,34757,211935,152,FlatFaultA:34757
2027,global_train,42,1234,4,FlatFaultA,FlatFault-A,2213,35278,153,FlatFaultA:2213
2027,global_train,42,1234,4,FlatFaultA,FlatFault-A,51621,161317,154,FlatFaultA:51621
2027,global_train,42,1234,4,FlatFaultA,FlatFault-A,36940,37263,155,FlatFaultA:36940
2027,global_train,42,1234,4,FlatFaultA,FlatFault-A,17265,88657,156,FlatFaultA:17265
2027,global_train,42,1234,4,FlatFaultA,FlatFault-A,45477,115133,157,FlatFaultA:45477
2027,global_train,42,1234,4,FlatFaultA,FlatFault-A,47422,72565,158,FlatFaultA:47422
2027,global_train,42,1234,4,FlatFaultA,FlatFault-A,12199,173437,159,FlatFaultA:12199
2027,global_train,42,1234,4,FlatFaultA,FlatFault-A,7447,10089,160,FlatFaultA:7447
2027,global_train,42,1234,4,FlatFaultA,FlatFault-A,37745,197909,161,FlatFaultA:37745
2027,global_train,42,1234,4,FlatFaultA,FlatFault-A,15163,115413,162,FlatFaultA:15163
2027,global_train,42,1234,4,FlatFaultA,FlatFault-A,13141,71598,163,FlatFaultA:13141
2027,global_train,42,1234,4,FlatFaultA,FlatFault-A,18363,1089,164,FlatFaultA:18363
2027,global_train,42,1234,4,FlatFaultA,FlatFault-A,9157,100439,165,FlatFaultA:9157
2027,global_train,42,1234,4,FlatFaultA,FlatFault-A,42042,16460,166,FlatFaultA:42042
2027,global_train,42,1234,4,FlatFaultA,FlatFault-A,15723,7592,167,FlatFaultA:15723
2027,global_train,42,1234,4,FlatFaultA,FlatFault-A,21325,152497,168,FlatFaultA:21325
2027,global_train,42,1234,4,FlatFaultA,FlatFault-A,21658,26104,169,FlatFaultA:21658
2027,global_train,42,1234,4,FlatFaultA,FlatFault-A,47410,4620,170,FlatFaultA:47410
2027,global_train,42,1234,4,FlatFaultA,FlatFault-A,36974,196528,171,FlatFaultA:36974
2027,global_train,42,1234,4,FlatFaultA,FlatFault-A,48287,49836,172,FlatFaultA:48287
2027,global_train,42,1234,4,FlatFaultA,FlatFault-A,37358,186493,173,FlatFaultA:37358
2027,global_train,42,1234,4,FlatFaultA,FlatFault-A,37993,79543,174,FlatFaultA:37993
2027,global_train,42,1234,4,FlatFaultA,FlatFault-A,38796,136948,175,FlatFaultA:38796
2027,global_train,42,1234,4,FlatFaultA,FlatFault-A,51070,40670,176,FlatFaultA:51070
2027,global_train,42,1234,4,FlatFaultA,FlatFault-A,34393,169185,177,FlatFaultA:34393
2027,global_train,42,1234,4,FlatFaultA,FlatFault-A,46777,65491,178,FlatFaultA:46777
2027,global_train,42,1234,4,FlatFaultA,FlatFault-A,52889,157966,179,FlatFaultA:52889
2027,global_train,42,1234,4,FlatFaultA,FlatFault-A,22872,146963,180,FlatFaultA:22872
2027,global_train,42,1234,4,FlatFaultA,FlatFault-A,48716,90291,181,FlatFaultA:48716
2027,global_train,42,1234,4,FlatFaultA,FlatFault-A,26628,168343,182,FlatFaultA:26628
2027,global_train,42,1234,4,FlatFaultA,FlatFault-A,1611,21811,183,FlatFaultA:1611
2027,global_train,42,1234,4,FlatFaultA,FlatFault-A,12592,52057,184,FlatFaultA:12592
2027,global_train,42,1234,4,FlatFaultA,FlatFault-A,19128,106195,185,FlatFaultA:19128
2027,global_train,42,1234,4,FlatFaultA,FlatFault-A,20439,123173,186,FlatFaultA:20439
2027,global_train,42,1234,4,FlatFaultA,FlatFault-A,52573,58541,187,FlatFaultA:52573
2027,global_train,42,1234,4,FlatFaultA,FlatFault-A,20212,231213,188,FlatFaultA:20212
2027,global_train,42,1234,4,FlatFaultA,FlatFault-A,41674,114372,189,FlatFaultA:41674
2027,global_train,42,1234,4,FlatFaultA,FlatFault-A,34115,183220,190,FlatFaultA:34115
2027,global_train,42,1234,4,FlatFaultA,FlatFault-A,16537,12088,191,FlatFaultA:16537
2027,global_train,42,1234,4,FlatFaultA,FlatFault-A,13334,190658,192,FlatFaultA:13334
2027,global_train,42,1234,4,FlatFaultA,FlatFault-A,37786,153094,193,FlatFaultA:37786
2027,global_train,42,1234,4,FlatFaultA,FlatFault-A,41057,155479,194,FlatFaultA:41057
2027,global_train,42,1234,4,FlatFaultA,FlatFault-A,32596,123532,195,FlatFaultA:32596
2027,global_train,42,1234,4,FlatFaultA,FlatFault-A,45605,59618,196,FlatFaultA:45605
2027,global_train,42,1234,4,FlatFaultA,FlatFault-A,33506,34409,197,FlatFaultA:33506
2027,global_train,42,1234,4,FlatFaultA,FlatFault-A,7088,52580,198,FlatFaultA:7088
2027,global_train,42,1234,4,FlatFaultA,FlatFault-A,49491,71661,199,FlatFaultA:49491
2027,global_train,42,1234,4,FlatFaultA,FlatFault-A,45419,47934,200,FlatFaultA:45419
2027,global_train,42,1234,4,FlatFaultA,FlatFault-A,8314,185497,201,FlatFaultA:8314
2027,global_train,42,1234,4,FlatFaultA,FlatFault-A,14740,37346,202,FlatFaultA:14740
2027,global_train,42,1234,4,FlatFaultA,FlatFault-A,2609,222293,203,FlatFaultA:2609
2027,global_train,42,1234,4,FlatFaultA,FlatFault-A,42609,62463,204,FlatFaultA:42609
2027,global_train,42,1234,4,FlatFaultA,FlatFault-A,53340,192667,205,FlatFaultA:53340
2027,global_train,42,1234,4,FlatFaultA,FlatFault-A,6440,134289,206,FlatFaultA:6440
2027,global_train,42,1234,4,FlatFaultA,FlatFault-A,40753,68582,207,FlatFaultA:40753
2027,global_train,42,1234,4,FlatFaultA,FlatFault-A,2926,202913,208,FlatFaultA:2926
2027,global_train,42,1234,4,FlatFaultA,FlatFault-A,5203,193283,209,FlatFaultA:5203
2027,global_train,42,1234,4,FlatFaultA,FlatFault-A,36492,109085,210,FlatFaultA:36492
2027,global_train,42,1234,4,FlatFaultA,FlatFault-A,40441,125977,211,FlatFaultA:40441
2027,global_train,42,1234,4,FlatFaultA,FlatFault-A,20161,132926,212,FlatFaultA:20161
2027,global_train,42,1234,4,FlatFaultA,FlatFault-A,48895,206203,213,FlatFaultA:48895
2027,global_train,42,1234,4,FlatFaultA,FlatFault-A,13631,35388,214,FlatFaultA:13631
2027,global_train,42,1234,4,FlatFaultA,FlatFault-A,31515,113226,215,FlatFaultA:31515
2027,global_train,42,1234,4,FlatFaultA,FlatFault-A,52010,33580,216,FlatFaultA:52010
2027,global_train,42,1234,4,FlatFaultA,FlatFault-A,49253,115505,217,FlatFaultA:49253
2027,global_train,42,1234,4,FlatFaultA,FlatFault-A,3627,22013,218,FlatFaultA:3627
2027,global_train,42,1234,4,FlatFaultA,FlatFault-A,10788,182922,219,FlatFaultA:10788
2027,global_train,42,1234,4,FlatFaultA,FlatFault-A,52006,84749,220,FlatFaultA:52006
2027,global_train,42,1234,4,FlatFaultA,FlatFault-A,6522,144669,221,FlatFaultA:6522
2027,global_train,42,1234,4,FlatFaultA,FlatFault-A,48788,195818,222,FlatFaultA:48788
2027,global_train,42,1234,4,FlatFaultA,FlatFault-A,35961,1657,223,FlatFaultA:35961
2027,global_train,42,1234,4,FlatFaultA,FlatFault-A,1633,52993,224,FlatFaultA:1633
2027,global_train,42,1234,4,FlatFaultA,FlatFault-A,3714,53651,225,FlatFaultA:3714
2027,global_train,42,1234,4,FlatFaultA,FlatFault-A,13616,227423,226,FlatFaultA:13616
2027,global_train,42,1234,4,FlatFaultA,FlatFault-A,12586,115774,227,FlatFaultA:12586
2027,global_train,42,1234,4,FlatFaultA,FlatFault-A,1102,180037,228,FlatFaultA:1102
2027,global_train,42,1234,4,FlatFaultA,FlatFault-A,32270,6175,229,FlatFaultA:32270
2027,global_train,42,1234,4,FlatFaultA,FlatFault-A,40346,112389,230,FlatFaultA:40346
2027,global_train,42,1234,4,FlatFaultA,FlatFault-A,47526,34979,231,FlatFaultA:47526
2027,global_train,42,1234,4,FlatFaultA,FlatFault-A,9227,72344,232,FlatFaultA:9227
2027,global_train,42,1234,4,FlatFaultA,FlatFault-A,37672,190441,233,FlatFaultA:37672
2027,global_train,42,1234,4,FlatFaultA,FlatFault-A,5570,118512,234,FlatFaultA:5570
2027,global_train,42,1234,4,FlatFaultA,FlatFault-A,49981,91729,235,FlatFaultA:49981
2027,global_train,42,1234,4,FlatFaultA,FlatFault-A,18062,14001,236,FlatFaultA:18062
2027,global_train,42,1234,4,FlatFaultA,FlatFault-A,26864,180694,237,FlatFaultA:26864
2027,global_train,42,1234,4,FlatFaultA,FlatFault-A,15341,187143,238,FlatFaultA:15341
2027,global_train,42,1234,4,FlatFaultA,FlatFault-A,32317,205058,239,FlatFaultA:32317
2027,global_train,42,1234,4,FlatFaultA,FlatFault-A,32620,201436,240,FlatFaultA:32620
2027,global_train,42,1234,4,FlatFaultA,FlatFault-A,32655,192599,241,FlatFaultA:32655
2027,global_train,42,1234,4,FlatFaultA,FlatFault-A,42341,209950,242,FlatFaultA:42341
2027,global_train,42,1234,4,FlatFaultA,FlatFault-A,20362,47022,243,FlatFaultA:20362
2027,global_train,42,1234,4,FlatFaultA,FlatFault-A,3276,216385,244,FlatFaultA:3276
2027,global_train,42,1234,4,FlatFaultA,FlatFault-A,23283,81320,245,FlatFaultA:23283
2027,global_train,42,1234,4,FlatFaultA,FlatFault-A,34663,72425,246,FlatFaultA:34663
2027,global_train,42,1234,4,FlatFaultA,FlatFault-A,14701,90784,247,FlatFaultA:14701
2027,global_train,42,1234,4,FlatFaultA,FlatFault-A,29419,231489,248,FlatFaultA:29419
2027,global_train,42,1234,4,FlatFaultA,FlatFault-A,39935,235051,249,FlatFaultA:39935
2027,global_train,42,1234,4,FlatFaultA,FlatFault-A,52454,25815,250,FlatFaultA:52454
2027,global_train,42,1234,4,FlatFaultA,FlatFault-A,34540,229630,251,FlatFaultA:34540
2027,global_train,42,1234,4,FlatFaultA,FlatFault-A,50581,229081,252,FlatFaultA:50581
2027,global_train,42,1234,4,FlatFaultA,FlatFault-A,29559,113661,253,FlatFaultA:29559
2027,global_train,42,1234,4,FlatFaultA,FlatFault-A,20580,18005,254,FlatFaultA:20580
2027,global_train,42,1234,4,FlatFaultA,FlatFault-A,29235,129538,255,FlatFaultA:29235
2027,global_train,42,1234,4,FlatFaultA,FlatFault-A,19981,178112,256,FlatFaultA:19981
2027,global_train,42,1234,4,FlatFaultA,FlatFault-A,37542,180351,257,FlatFaultA:37542
2027,global_train,42,1234,4,FlatFaultA,FlatFault-A,14631,77846,258,FlatFaultA:14631
2027,global_train,42,1234,4,FlatFaultA,FlatFault-A,32554,139466,259,FlatFaultA:32554
2027,global_train,42,1234,4,FlatFaultA,FlatFault-A,12903,220736,260,FlatFaultA:12903
2027,global_train,42,1234,4,FlatFaultA,FlatFault-A,24229,52897,261,FlatFaultA:24229
2027,global_train,42,1234,4,FlatFaultA,FlatFault-A,18106,214168,262,FlatFaultA:18106
2027,global_train,42,1234,4,FlatFaultA,FlatFault-A,1040,64422,263,FlatFaultA:1040
2027,global_train,42,1234,4,FlatFaultA,FlatFault-A,12184,103274,264,FlatFaultA:12184
2027,global_train,42,1234,4,FlatFaultA,FlatFault-A,24032,196357,265,FlatFaultA:24032
2027,global_train,42,1234,4,FlatFaultA,FlatFault-A,19325,40177,266,FlatFaultA:19325
2027,global_train,42,1234,4,FlatFaultA,FlatFault-A,6164,41295,267,FlatFaultA:6164
2027,global_train,42,1234,4,FlatFaultA,FlatFault-A,21691,33523,268,FlatFaultA:21691
2027,global_train,42,1234,4,FlatFaultA,FlatFault-A,17438,154682,269,FlatFaultA:17438
2027,global_train,42,1234,4,FlatFaultA,FlatFault-A,48986,94847,270,FlatFaultA:48986
2027,global_train,42,1234,4,FlatFaultA,FlatFault-A,25427,49315,271,FlatFaultA:25427
2027,global_train,42,1234,4,FlatFaultA,FlatFault-A,30946,84896,272,FlatFaultA:30946
2027,global_train,42,1234,4,FlatFaultA,FlatFault-A,3297,163629,273,FlatFaultA:3297
2027,global_train,42,1234,4,FlatFaultA,FlatFault-A,30042,64137,274,FlatFaultA:30042
2027,global_train,42,1234,4,FlatFaultA,FlatFault-A,28638,160018,275,FlatFaultA:28638
2027,global_train,42,1234,4,FlatFaultA,FlatFault-A,17469,148999,276,FlatFaultA:17469
2027,global_train,42,1234,4,FlatFaultA,FlatFault-A,37831,198744,277,FlatFaultA:37831
2027,global_train,42,1234,4,FlatFaultA,FlatFault-A,32998,176542,278,FlatFaultA:32998
2027,global_train,42,1234,4,FlatFaultA,FlatFault-A,34590,222172,279,FlatFaultA:34590
2027,global_train,42,1234,4,FlatFaultA,FlatFault-A,51233,141630,280,FlatFaultA:51233
2027,global_train,42,1234,4,FlatFaultA,FlatFault-A,32268,224908,281,FlatFaultA:32268
2027,global_train,42,1234,4,FlatFaultA,FlatFault-A,27985,2710,282,FlatFaultA:27985
2027,global_train,42,1234,4,FlatFaultA,FlatFault-A,24949,146851,283,FlatFaultA:24949
2027,global_train,42,1234,4,FlatFaultA,FlatFault-A,28292,185388,284,FlatFaultA:28292
2027,global_train,42,1234,4,FlatFaultA,FlatFault-A,35646,208490,285,FlatFaultA:35646
2027,global_train,42,1234,4,FlatFaultA,FlatFault-A,33351,88888,286,FlatFaultA:33351
2027,global_train,42,1234,4,FlatFaultA,FlatFault-A,33945,149631,287,FlatFaultA:33945
2027,global_train,42,1234,4,FlatFaultA,FlatFault-A,53807,202271,288,FlatFaultA:53807
2027,global_train,42,1234,4,FlatFaultA,FlatFault-A,21708,121750,289,FlatFaultA:21708
2027,global_train,42,1234,4,FlatFaultA,FlatFault-A,50527,38836,290,FlatFaultA:50527
2027,global_train,42,1234,4,FlatFaultA,FlatFault-A,23412,103875,291,FlatFaultA:23412
2027,global_train,42,1234,4,FlatFaultA,FlatFault-A,53733,66537,292,FlatFaultA:53733
2027,global_train,42,1234,4,FlatFaultA,FlatFault-A,2847,94285,293,FlatFaultA:2847
2027,global_train,42,1234,4,FlatFaultA,FlatFault-A,48620,39581,294,FlatFaultA:48620
2027,global_train,42,1234,4,FlatFaultA,FlatFault-A,34184,227581,295,FlatFaultA:34184
2027,global_train,42,1234,4,FlatFaultA,FlatFault-A,34472,17743,296,FlatFaultA:34472
2027,global_train,42,1234,4,FlatFaultA,FlatFault-A,6141,206171,297,FlatFaultA:6141
2027,global_train,42,1234,4,FlatFaultA,FlatFault-A,53241,116011,298,FlatFaultA:53241
2027,global_train,42,1234,4,FlatFaultA,FlatFault-A,3056,4116,299,FlatFaultA:3056
2027,global_train,42,1234,4,FlatFaultA,FlatFault-A,27783,15779,300,FlatFaultA:27783
2027,global_train,42,1234,4,FlatFaultA,FlatFault-A,40237,171341,301,FlatFaultA:40237
2027,global_train,42,1234,4,FlatFaultA,FlatFault-A,20132,74372,302,FlatFaultA:20132
2027,global_train,42,1234,4,FlatFaultA,FlatFault-A,53399,48684,303,FlatFaultA:53399
2027,global_train,42,1234,4,FlatFaultA,FlatFault-A,52040,124690,304,FlatFaultA:52040
2027,global_train,42,1234,4,FlatFaultA,FlatFault-A,17599,37659,305,FlatFaultA:17599
2027,global_train,42,1234,4,FlatFaultA,FlatFault-A,184,138941,306,FlatFaultA:184
2027,global_train,42,1234,4,FlatFaultA,FlatFault-A,48345,185309,307,FlatFaultA:48345
2027,global_train,42,1234,4,FlatFaultA,FlatFault-A,29164,177296,308,FlatFaultA:29164
2027,global_train,42,1234,4,FlatFaultA,FlatFault-A,7232,59302,309,FlatFaultA:7232
2027,global_train,42,1234,4,FlatFaultA,FlatFault-A,41303,15468,310,FlatFaultA:41303
2027,global_train,42,1234,4,FlatFaultA,FlatFault-A,23816,113625,311,FlatFaultA:23816
2027,global_train,42,1234,4,FlatFaultA,FlatFault-A,36386,110391,312,FlatFaultA:36386
2027,global_train,42,1234,4,FlatFaultA,FlatFault-A,27537,4341,313,FlatFaultA:27537
2027,global_train,42,1234,4,FlatFaultA,FlatFault-A,49937,194775,314,FlatFaultA:49937
2027,global_train,42,1234,4,FlatFaultA,FlatFault-A,9645,48391,315,FlatFaultA:9645
2027,global_train,42,1234,4,FlatFaultA,FlatFault-A,45792,217230,316,FlatFaultA:45792
2027,global_train,42,1234,4,FlatFaultA,FlatFault-A,12074,43051,317,FlatFaultA:12074
2027,global_train,42,1234,4,FlatFaultA,FlatFault-A,42008,165118,318,FlatFaultA:42008
2027,global_train,42,1234,4,FlatFaultA,FlatFault-A,41431,218259,319,FlatFaultA:41431
2027,global_train,42,1234,4,FlatFaultA,FlatFault-A,41636,207980,320,FlatFaultA:41636
2027,global_train,42,1234,4,FlatFaultA,FlatFault-A,2942,134823,321,FlatFaultA:2942
2027,global_train,42,1234,4,FlatFaultA,FlatFault-A,4676,24467,322,FlatFaultA:4676
2027,global_train,42,1234,4,FlatFaultA,FlatFault-A,3178,109735,323,FlatFaultA:3178
2027,global_train,42,1234,4,FlatFaultA,FlatFault-A,32569,144853,324,FlatFaultA:32569
2027,global_train,42,1234,4,FlatFaultA,FlatFault-A,15175,162069,325,FlatFaultA:15175
2027,global_train,42,1234,4,FlatFaultA,FlatFault-A,14147,175745,326,FlatFaultA:14147
2027,global_train,42,1234,4,FlatFaultA,FlatFault-A,7613,194909,327,FlatFaultA:7613
2027,global_train,42,1234,4,FlatFaultA,FlatFault-A,28090,133286,328,FlatFaultA:28090
2027,global_train,42,1234,4,FlatFaultA,FlatFault-A,920,207622,329,FlatFaultA:920
2027,global_train,42,1234,4,FlatFaultA,FlatFault-A,5294,233786,330,FlatFaultA:5294
2027,global_train,42,1234,4,FlatFaultA,FlatFault-A,29792,73890,331,FlatFaultA:29792
2027,global_train,42,1234,4,FlatFaultA,FlatFault-A,13951,40492,332,FlatFaultA:13951
2027,global_train,42,1234,4,FlatFaultA,FlatFault-A,11927,189406,333,FlatFaultA:11927
2027,global_train,42,1234,4,FlatFaultA,FlatFault-A,53556,232980,334,FlatFaultA:53556
2027,global_train,42,1234,4,FlatFaultA,FlatFault-A,27550,140651,335,FlatFaultA:27550
2027,global_train,42,1234,4,FlatFaultA,FlatFault-A,2309,183741,336,FlatFaultA:2309
2027,global_train,42,1234,4,FlatFaultA,FlatFault-A,10617,110255,337,FlatFaultA:10617
2027,global_train,42,1234,4,FlatFaultA,FlatFault-A,27353,226486,338,FlatFaultA:27353
2027,global_train,42,1234,4,FlatFaultA,FlatFault-A,13657,88385,339,FlatFaultA:13657
2027,global_train,42,1234,4,FlatFaultA,FlatFault-A,318,30692,340,FlatFaultA:318
2027,global_train,42,1234,4,FlatFaultA,FlatFault-A,20434,100944,341,FlatFaultA:20434
2027,global_train,42,1234,4,FlatFaultA,FlatFault-A,49181,51035,342,FlatFaultA:49181
2027,global_train,42,1234,4,FlatFaultA,FlatFault-A,11464,64683,343,FlatFaultA:11464
2027,global_train,42,1234,4,FlatFaultA,FlatFault-A,50380,156233,344,FlatFaultA:50380
2027,global_train,42,1234,4,FlatFaultA,FlatFault-A,40144,117784,345,FlatFaultA:40144
2027,global_train,42,1234,4,FlatFaultA,FlatFault-A,50728,71358,346,FlatFaultA:50728
2027,global_train,42,1234,4,FlatFaultA,FlatFault-A,7962,10776,347,FlatFaultA:7962
2027,global_train,42,1234,4,FlatFaultA,FlatFault-A,24636,133547,348,FlatFaultA:24636
2027,global_train,42,1234,4,FlatFaultA,FlatFault-A,38234,117661,349,FlatFaultA:38234
2027,global_train,42,1234,4,FlatFaultA,FlatFault-A,23530,70599,350,FlatFaultA:23530
2027,global_train,42,1234,4,FlatFaultA,FlatFault-A,6438,165574,351,FlatFaultA:6438
2027,global_train,42,1234,4,FlatFaultA,FlatFault-A,16044,110365,352,FlatFaultA:16044
2027,global_train,42,1234,4,FlatFaultA,FlatFault-A,7908,84771,353,FlatFaultA:7908
2027,global_train,42,1234,4,FlatFaultA,FlatFault-A,20026,129654,354,FlatFaultA:20026
2027,global_train,42,1234,4,FlatFaultA,FlatFault-A,16455,3521,355,FlatFaultA:16455
2027,global_train,42,1234,4,FlatFaultA,FlatFault-A,26953,4078,356,FlatFaultA:26953
2027,global_train,42,1234,4,FlatFaultA,FlatFault-A,18584,26862,357,FlatFaultA:18584
2027,global_train,42,1234,4,FlatFaultA,FlatFault-A,6133,57638,358,FlatFaultA:6133
2027,global_train,42,1234,4,FlatFaultA,FlatFault-A,17512,217716,359,FlatFaultA:17512
2027,global_train,42,1234,4,FlatFaultA,FlatFault-A,502,58487,360,FlatFaultA:502
2027,global_train,42,1234,4,FlatFaultA,FlatFault-A,47523,159305,361,FlatFaultA:47523
2027,global_train,42,1234,4,FlatFaultA,FlatFault-A,52332,48801,362,FlatFaultA:52332
2027,global_train,42,1234,4,FlatFaultA,FlatFault-A,16879,5518,363,FlatFaultA:16879
2027,global_train,42,1234,4,FlatFaultA,FlatFault-A,53243,39172,364,FlatFaultA:53243
2027,global_train,42,1234,4,FlatFaultA,FlatFault-A,32764,155202,365,FlatFaultA:32764
2027,global_train,42,1234,4,FlatFaultA,FlatFault-A,33338,109747,366,FlatFaultA:33338
2027,global_train,42,1234,4,FlatFaultA,FlatFault-A,3516,206164,367,FlatFaultA:3516
2027,global_train,42,1234,4,FlatFaultA,FlatFault-A,29631,90505,368,FlatFaultA:29631
2027,global_train,42,1234,4,FlatFaultA,FlatFault-A,26638,74012,369,FlatFaultA:26638
2027,global_train,42,1234,4,FlatFaultA,FlatFault-A,7731,121029,370,FlatFaultA:7731
2027,global_train,42,1234,4,FlatFaultA,FlatFault-A,27762,91321,371,FlatFaultA:27762
2027,global_train,42,1234,4,FlatFaultA,FlatFault-A,35743,11901,372,FlatFaultA:35743
2027,global_train,42,1234,4,FlatFaultA,FlatFault-A,39109,142518,373,FlatFaultA:39109
2027,global_train,42,1234,4,FlatFaultA,FlatFault-A,11793,97570,374,FlatFaultA:11793
2027,global_train,42,1234,4,FlatFaultA,FlatFault-A,50739,72803,375,FlatFaultA:50739
2027,global_train,42,1234,4,FlatFaultA,FlatFault-A,51381,178473,376,FlatFaultA:51381
2027,global_train,42,1234,4,FlatFaultA,FlatFault-A,40578,204707,377,FlatFaultA:40578
2027,global_train,42,1234,4,FlatFaultA,FlatFault-A,37223,9124,378,FlatFaultA:37223
2027,global_train,42,1234,4,FlatFaultA,FlatFault-A,36125,42361,379,FlatFaultA:36125
2027,global_train,42,1234,4,FlatFaultA,FlatFault-A,33749,149235,380,FlatFaultA:33749
2027,global_train,42,1234,4,FlatFaultA,FlatFault-A,2946,25028,381,FlatFaultA:2946
2027,global_train,42,1234,4,FlatFaultA,FlatFault-A,47826,138761,382,FlatFaultA:47826
2027,global_train,42,1234,4,FlatFaultA,FlatFault-A,33756,205572,383,FlatFaultA:33756
2027,global_train,42,1234,4,FlatFaultA,FlatFault-A,16725,131905,384,FlatFaultA:16725
2027,global_train,42,1234,4,FlatFaultA,FlatFault-A,45532,64705,385,FlatFaultA:45532
2027,global_train,42,1234,4,FlatFaultA,FlatFault-A,2812,231021,386,FlatFaultA:2812
2027,global_train,42,1234,4,FlatFaultA,FlatFault-A,27456,99567,387,FlatFaultA:27456
2027,global_train,42,1234,4,FlatFaultA,FlatFault-A,1266,95128,388,FlatFaultA:1266
2027,global_train,42,1234,4,FlatFaultA,FlatFault-A,21969,122410,389,FlatFaultA:21969
2027,global_train,42,1234,4,FlatFaultA,FlatFault-A,41322,55232,390,FlatFaultA:41322
2027,global_train,42,1234,4,FlatFaultA,FlatFault-A,8167,65522,391,FlatFaultA:8167
2027,global_train,42,1234,4,FlatFaultA,FlatFault-A,38121,37981,392,FlatFaultA:38121
2027,global_train,42,1234,4,FlatFaultA,FlatFault-A,13130,34204,393,FlatFaultA:13130
2027,global_train,42,1234,4,FlatFaultA,FlatFault-A,4527,66110,394,FlatFaultA:4527
2027,global_train,42,1234,4,FlatFaultA,FlatFault-A,7093,28644,395,FlatFaultA:7093
2027,global_train,42,1234,4,FlatFaultA,FlatFault-A,33787,144579,396,FlatFaultA:33787
2027,global_train,42,1234,4,FlatFaultA,FlatFault-A,36973,64960,397,FlatFaultA:36973
2027,global_train,42,1234,4,FlatFaultA,FlatFault-A,10031,96862,398,FlatFaultA:10031
2027,global_train,42,1234,4,FlatFaultA,FlatFault-A,41392,217132,399,FlatFaultA:41392
2027,global_train,42,1234,4,FlatFaultA,FlatFault-A,2303,171168,400,FlatFaultA:2303
2027,global_train,42,1234,4,FlatFaultA,FlatFault-A,51455,108015,401,FlatFaultA:51455
2027,global_train,42,1234,4,FlatFaultA,FlatFault-A,39506,118055,402,FlatFaultA:39506
2027,global_train,42,1234,4,FlatFaultA,FlatFault-A,38708,207975,403,FlatFaultA:38708
2027,global_train,42,1234,4,FlatFaultA,FlatFault-A,20251,207999,404,FlatFaultA:20251
2027,global_train,42,1234,4,FlatFaultA,FlatFault-A,26777,153993,405,FlatFaultA:26777
2027,global_train,42,1234,4,FlatFaultA,FlatFault-A,2520,232339,406,FlatFaultA:2520
2027,global_train,42,1234,4,FlatFaultA,FlatFault-A,19854,182294,407,FlatFaultA:19854
2027,global_train,42,1234,4,FlatFaultA,FlatFault-A,21212,161845,408,FlatFaultA:21212
2027,global_train,42,1234,4,FlatFaultA,FlatFault-A,31597,212381,409,FlatFaultA:31597
2027,global_train,42,1234,4,FlatFaultA,FlatFault-A,53004,160141,410,FlatFaultA:53004
2027,global_train,42,1234,4,FlatFaultA,FlatFault-A,22015,35050,411,FlatFaultA:22015
2027,global_train,42,1234,4,FlatFaultA,FlatFault-A,12365,83215,412,FlatFaultA:12365
2027,global_train,42,1234,4,FlatFaultA,FlatFault-A,42680,94052,413,FlatFaultA:42680
2027,global_train,42,1234,4,FlatFaultA,FlatFault-A,25069,220409,414,FlatFaultA:25069
2027,global_train,42,1234,4,FlatFaultA,FlatFault-A,745,81326,415,FlatFaultA:745
2027,global_train,42,1234,4,FlatFaultA,FlatFault-A,47456,36326,416,FlatFaultA:47456
2027,global_train,42,1234,4,FlatFaultA,FlatFault-A,30548,119395,417,FlatFaultA:30548
2027,global_train,42,1234,4,FlatFaultA,FlatFault-A,35296,31181,418,FlatFaultA:35296
2027,global_train,42,1234,4,FlatFaultA,FlatFault-A,22491,228952,419,FlatFaultA:22491
2027,global_train,42,1234,4,FlatFaultA,FlatFault-A,34971,53785,420,FlatFaultA:34971
2027,global_train,42,1234,4,FlatFaultA,FlatFault-A,24208,64428,421,FlatFaultA:24208
2027,global_train,42,1234,4,FlatFaultA,FlatFault-A,17115,35829,422,FlatFaultA:17115
2027,global_train,42,1234,4,FlatFaultA,FlatFault-A,180,170088,423,FlatFaultA:180
2027,global_train,42,1234,4,FlatFaultA,FlatFault-A,5671,49145,424,FlatFaultA:5671
2027,global_train,42,1234,4,FlatFaultA,FlatFault-A,10436,135914,425,FlatFaultA:10436
2027,global_train,42,1234,4,FlatFaultA,FlatFault-A,37478,50482,426,FlatFaultA:37478
2027,global_train,42,1234,4,FlatFaultA,FlatFault-A,49975,39293,427,FlatFaultA:49975
2027,global_train,42,1234,4,FlatFaultA,FlatFault-A,30029,95134,428,FlatFaultA:30029
2027,global_train,42,1234,4,FlatFaultA,FlatFault-A,36441,130354,429,FlatFaultA:36441
2027,global_train,42,1234,4,FlatFaultA,FlatFault-A,49428,184902,430,FlatFaultA:49428
2027,global_train,42,1234,4,FlatFaultA,FlatFault-A,22350,11387,431,FlatFaultA:22350
2027,global_train,42,1234,4,FlatFaultA,FlatFault-A,40943,113923,432,FlatFaultA:40943
2027,global_train,42,1234,4,FlatFaultA,FlatFault-A,11056,29107,433,FlatFaultA:11056
2027,global_train,42,1234,4,FlatFaultA,FlatFault-A,25761,216052,434,FlatFaultA:25761
2027,global_train,42,1234,4,FlatFaultA,FlatFault-A,15359,199260,435,FlatFaultA:15359
2027,global_train,42,1234,4,FlatFaultA,FlatFault-A,10678,196425,436,FlatFaultA:10678
2027,global_train,42,1234,4,FlatFaultA,FlatFault-A,52225,91710,437,FlatFaultA:52225
2027,global_train,42,1234,4,FlatFaultA,FlatFault-A,21450,20030,438,FlatFaultA:21450
2027,global_train,42,1234,4,FlatFaultA,FlatFault-A,40452,148356,439,FlatFaultA:40452
2027,global_train,42,1234,4,FlatFaultA,FlatFault-A,49957,161012,440,FlatFaultA:49957
2027,global_train,42,1234,4,FlatFaultA,FlatFault-A,178,186187,441,FlatFaultA:178
2027,global_train,42,1234,4,FlatFaultA,FlatFault-A,52937,120881,442,FlatFaultA:52937
2027,global_train,42,1234,4,FlatFaultA,FlatFault-A,25437,145426,443,FlatFaultA:25437
2027,global_train,42,1234,4,FlatFaultA,FlatFault-A,12979,136993,444,FlatFaultA:12979
2027,global_train,42,1234,4,FlatFaultA,FlatFault-A,35690,62345,445,FlatFaultA:35690
2027,global_train,42,1234,4,FlatFaultA,FlatFault-A,47062,121991,446,FlatFaultA:47062
2027,global_train,42,1234,4,FlatFaultA,FlatFault-A,26052,227962,447,FlatFaultA:26052
2027,global_train,42,1234,4,FlatFaultA,FlatFault-A,34787,232034,448,FlatFaultA:34787
2027,global_train,42,1234,4,FlatFaultA,FlatFault-A,30825,125023,449,FlatFaultA:30825
2027,global_train,42,1234,4,FlatFaultA,FlatFault-A,24697,130885,450,FlatFaultA:24697
2027,global_train,42,1234,4,FlatFaultA,FlatFault-A,3909,13714,451,FlatFaultA:3909
2027,global_train,42,1234,4,FlatFaultA,FlatFault-A,8228,78640,452,FlatFaultA:8228
2027,global_train,42,1234,4,FlatFaultA,FlatFault-A,6610,166739,453,FlatFaultA:6610
2027,global_train,42,1234,4,FlatFaultA,FlatFault-A,28221,122710,454,FlatFaultA:28221
2027,global_train,42,1234,4,FlatFaultA,FlatFault-A,7280,195077,455,FlatFaultA:7280
2027,global_train,42,1234,4,FlatFaultA,FlatFault-A,22351,221958,456,FlatFaultA:22351
2027,global_train,42,1234,4,FlatFaultA,FlatFault-A,40313,51750,457,FlatFaultA:40313
2027,global_train,42,1234,4,FlatFaultA,FlatFault-A,8700,172321,458,FlatFaultA:8700
2027,global_train,42,1234,4,FlatFaultA,FlatFault-A,48948,163476,459,FlatFaultA:48948
2027,global_train,42,1234,4,FlatFaultA,FlatFault-A,47513,226054,460,FlatFaultA:47513
2027,global_train,42,1234,4,FlatFaultA,FlatFault-A,32379,3534,461,FlatFaultA:32379
2027,global_train,42,1234,4,FlatFaultA,FlatFault-A,14476,165263,462,FlatFaultA:14476
2027,global_train,42,1234,4,FlatFaultA,FlatFault-A,45021,137795,463,FlatFaultA:45021
2027,global_train,42,1234,4,FlatFaultA,FlatFault-A,1303,117857,464,FlatFaultA:1303
2027,global_train,42,1234,4,FlatFaultA,FlatFault-A,39679,137576,465,FlatFaultA:39679
2027,global_train,42,1234,4,FlatFaultA,FlatFault-A,36968,204332,466,FlatFaultA:36968
2027,global_train,42,1234,4,FlatFaultA,FlatFault-A,29046,171463,467,FlatFaultA:29046
2027,global_train,42,1234,4,FlatFaultA,FlatFault-A,26460,113612,468,FlatFaultA:26460
2027,global_train,42,1234,4,FlatFaultA,FlatFault-A,43898,54502,469,FlatFaultA:43898
2027,global_train,42,1234,4,FlatFaultA,FlatFault-A,31015,63804,470,FlatFaultA:31015
2027,global_train,42,1234,4,FlatFaultA,FlatFault-A,3858,179414,471,FlatFaultA:3858
2027,global_train,42,1234,4,FlatFaultA,FlatFault-A,36671,94335,472,FlatFaultA:36671
2027,global_train,42,1234,4,FlatFaultA,FlatFault-A,27657,93950,473,FlatFaultA:27657
2027,global_train,42,1234,4,FlatFaultA,FlatFault-A,12859,168512,474,FlatFaultA:12859
2027,global_train,42,1234,4,FlatFaultA,FlatFault-A,33142,21255,475,FlatFaultA:33142
2027,global_train,42,1234,4,FlatFaultA,FlatFault-A,47178,25411,476,FlatFaultA:47178
2027,global_train,42,1234,4,FlatFaultA,FlatFault-A,53861,42886,477,FlatFaultA:53861
2027,global_train,42,1234,4,FlatFaultA,FlatFault-A,25678,101755,478,FlatFaultA:25678
2027,global_train,42,1234,4,FlatFaultA,FlatFault-A,14736,169957,479,FlatFaultA:14736
2027,global_train,42,1234,4,FlatFaultA,FlatFault-A,47862,60106,480,FlatFaultA:47862
2027,global_train,42,1234,4,FlatFaultA,FlatFault-A,10265,36956,481,FlatFaultA:10265
2027,global_train,42,1234,4,FlatFaultA,FlatFault-A,41327,174242,482,FlatFaultA:41327
2027,global_train,42,1234,4,FlatFaultA,FlatFault-A,10846,138344,483,FlatFaultA:10846
2027,global_train,42,1234,4,FlatFaultA,FlatFault-A,10828,45148,484,FlatFaultA:10828
2027,global_train,42,1234,4,FlatFaultA,FlatFault-A,24886,192918,485,FlatFaultA:24886
2027,global_train,42,1234,4,FlatFaultA,FlatFault-A,23905,223354,486,FlatFaultA:23905
2027,global_train,42,1234,4,FlatFaultA,FlatFault-A,632,35550,487,FlatFaultA:632
2027,global_train,42,1234,4,FlatFaultA,FlatFault-A,47213,74655,488,FlatFaultA:47213
2027,global_train,42,1234,4,FlatFaultA,FlatFault-A,10115,66561,489,FlatFaultA:10115
2027,global_train,42,1234,4,FlatFaultA,FlatFault-A,2553,137003,490,FlatFaultA:2553
2027,global_train,42,1234,4,FlatFaultA,FlatFault-A,39531,22938,491,FlatFaultA:39531
2027,global_train,42,1234,4,FlatFaultA,FlatFault-A,7825,149748,492,FlatFaultA:7825
2027,global_train,42,1234,4,FlatFaultA,FlatFault-A,50623,146711,493,FlatFaultA:50623
2027,global_train,42,1234,4,FlatFaultA,FlatFault-A,6075,223636,494,FlatFaultA:6075
2027,global_train,42,1234,4,FlatFaultA,FlatFault-A,9417,175399,495,FlatFaultA:9417
2027,global_train,42,1234,4,FlatFaultA,FlatFault-A,18428,221549,496,FlatFaultA:18428
2027,global_train,42,1234,4,FlatFaultA,FlatFault-A,18516,11465,497,FlatFaultA:18516
2027,global_train,42,1234,4,FlatFaultA,FlatFault-A,53467,122260,498,FlatFaultA:53467
2027,global_train,42,1234,4,FlatFaultA,FlatFault-A,48220,80178,499,FlatFaultA:48220
2027,global_train,42,1234,4,FlatFaultA,FlatFault-A,15434,94433,500,FlatFaultA:15434
2027,global_train,42,1234,4,FlatFaultA,FlatFault-A,51242,129287,501,FlatFaultA:51242
2027,global_train,42,1234,4,FlatFaultA,FlatFault-A,30755,89786,502,FlatFaultA:30755
2027,global_train,42,1234,4,FlatFaultA,FlatFault-A,45134,56516,503,FlatFaultA:45134
2027,global_train,42,1234,4,FlatFaultA,FlatFault-A,36284,210043,504,FlatFaultA:36284
2027,global_train,42,1234,4,FlatFaultA,FlatFault-A,28396,103141,505,FlatFaultA:28396
2027,global_train,42,1234,4,FlatFaultA,FlatFault-A,12999,96632,506,FlatFaultA:12999
2027,global_train,42,1234,4,FlatFaultA,FlatFault-A,37574,230121,507,FlatFaultA:37574
2027,global_train,42,1234,4,FlatFaultA,FlatFault-A,43810,188299,508,FlatFaultA:43810
2027,global_train,42,1234,4,FlatFaultA,FlatFault-A,6895,170664,509,FlatFaultA:6895
2027,global_train,42,1234,4,FlatFaultA,FlatFault-A,46627,92096,510,FlatFaultA:46627
2027,global_train,42,1234,4,FlatFaultA,FlatFault-A,39515,204570,511,FlatFaultA:39515
2027,global_train,42,1234,4,FlatFaultA,FlatFault-A,2536,14441,512,FlatFaultA:2536
2027,global_train,42,1234,4,FlatFaultA,FlatFault-A,18397,145273,513,FlatFaultA:18397
2027,global_train,42,1234,4,FlatFaultA,FlatFault-A,28017,128412,514,FlatFaultA:28017
2027,global_train,42,1234,4,FlatFaultA,FlatFault-A,17463,161680,515,FlatFaultA:17463
2027,global_train,42,1234,4,FlatFaultA,FlatFault-A,12462,187090,516,FlatFaultA:12462
2027,global_train,42,1234,4,FlatFaultA,FlatFault-A,39691,28800,517,FlatFaultA:39691
2027,global_train,42,1234,4,FlatFaultA,FlatFault-A,1086,124903,518,FlatFaultA:1086
2027,global_train,42,1234,4,FlatFaultA,FlatFault-A,40777,158496,519,FlatFaultA:40777
2027,global_train,42,1234,4,FlatFaultA,FlatFault-A,33831,114344,520,FlatFaultA:33831
2027,global_train,42,1234,4,FlatFaultA,FlatFault-A,1746,32754,521,FlatFaultA:1746
2027,global_train,42,1234,4,FlatFaultA,FlatFault-A,43089,218424,522,FlatFaultA:43089
2027,global_train,42,1234,4,FlatFaultA,FlatFault-A,11802,66587,523,FlatFaultA:11802
2027,global_train,42,1234,4,FlatFaultA,FlatFault-A,6118,56281,524,FlatFaultA:6118
2027,global_train,42,1234,4,FlatFaultA,FlatFault-A,51072,101304,525,FlatFaultA:51072
2027,global_train,42,1234,4,FlatFaultA,FlatFault-A,32443,128,526,FlatFaultA:32443
2027,global_train,42,1234,4,FlatFaultA,FlatFault-A,42134,104759,527,FlatFaultA:42134
2027,global_train,42,1234,4,FlatFaultA,FlatFault-A,16581,175078,528,FlatFaultA:16581
2027,global_train,42,1234,4,FlatFaultA,FlatFault-A,35790,218893,529,FlatFaultA:35790
2027,global_train,42,1234,4,FlatFaultA,FlatFault-A,37599,122762,530,FlatFaultA:37599
2027,global_train,42,1234,4,FlatFaultA,FlatFault-A,17400,155509,531,FlatFaultA:17400
2027,global_train,42,1234,4,FlatFaultA,FlatFault-A,31647,173665,532,FlatFaultA:31647
2027,global_train,42,1234,4,FlatFaultA,FlatFault-A,21327,9519,533,FlatFaultA:21327
2027,global_train,42,1234,4,FlatFaultA,FlatFault-A,25900,228341,534,FlatFaultA:25900
2027,global_train,42,1234,4,FlatFaultA,FlatFault-A,30397,193225,535,FlatFaultA:30397
2027,global_train,42,1234,4,FlatFaultA,FlatFault-A,10369,131192,536,FlatFaultA:10369
2027,global_train,42,1234,4,FlatFaultA,FlatFault-A,33677,198071,537,FlatFaultA:33677
2027,global_train,42,1234,4,FlatFaultA,FlatFault-A,43312,93922,538,FlatFaultA:43312
2027,global_train,42,1234,4,FlatFaultA,FlatFault-A,45032,108888,539,FlatFaultA:45032
2027,global_train,42,1234,4,FlatFaultA,FlatFault-A,42470,231049,540,FlatFaultA:42470
2027,global_train,42,1234,4,FlatFaultA,FlatFault-A,39000,121615,541,FlatFaultA:39000
2027,global_train,42,1234,4,FlatFaultA,FlatFault-A,43148,232701,542,FlatFaultA:43148
2027,global_train,42,1234,4,FlatFaultA,FlatFault-A,47737,176687,543,FlatFaultA:47737
2027,global_train,42,1234,4,FlatFaultA,FlatFault-A,40348,24207,544,FlatFaultA:40348
2027,global_train,42,1234,4,FlatFaultA,FlatFault-A,33583,40894,545,FlatFaultA:33583
2027,global_train,42,1234,4,FlatFaultA,FlatFault-A,15544,27346,546,FlatFaultA:15544
2027,global_train,42,1234,4,FlatFaultA,FlatFault-A,34107,112401,547,FlatFaultA:34107
2027,global_train,42,1234,4,FlatFaultA,FlatFault-A,16236,82856,548,FlatFaultA:16236
2027,global_train,42,1234,4,FlatFaultA,FlatFault-A,28344,191313,549,FlatFaultA:28344
2027,global_train,42,1234,4,FlatFaultA,FlatFault-A,49826,174758,550,FlatFaultA:49826
2027,global_train,42,1234,4,FlatFaultA,FlatFault-A,48804,93096,551,FlatFaultA:48804
2027,global_train,42,1234,4,FlatFaultA,FlatFault-A,43043,156728,552,FlatFaultA:43043
2027,global_train,42,1234,4,FlatFaultA,FlatFault-A,3349,76117,553,FlatFaultA:3349
2027,global_train,42,1234,4,FlatFaultA,FlatFault-A,10437,225321,554,FlatFaultA:10437
2027,global_train,42,1234,4,FlatFaultA,FlatFault-A,46609,222047,555,FlatFaultA:46609
2027,global_train,42,1234,4,FlatFaultA,FlatFault-A,4245,147024,556,FlatFaultA:4245
2027,global_train,42,1234,4,FlatFaultA,FlatFault-A,21520,193491,557,FlatFaultA:21520
2027,global_train,42,1234,4,FlatFaultA,FlatFault-A,10592,110863,558,FlatFaultA:10592
2027,global_train,42,1234,4,FlatFaultA,FlatFault-A,8669,216892,559,FlatFaultA:8669
2027,global_train,42,1234,4,FlatFaultA,FlatFault-A,29478,176095,560,FlatFaultA:29478
2027,global_train,42,1234,4,FlatFaultA,FlatFault-A,25988,42566,561,FlatFaultA:25988
2027,global_train,42,1234,4,FlatFaultA,FlatFault-A,19331,102678,562,FlatFaultA:19331
2027,global_train,42,1234,4,FlatFaultA,FlatFault-A,671,227416,563,FlatFaultA:671
2027,global_train,42,1234,4,FlatFaultA,FlatFault-A,19724,146787,564,FlatFaultA:19724
2027,global_train,42,1234,4,FlatFaultA,FlatFault-A,48152,44400,565,FlatFaultA:48152
2027,global_train,42,1234,4,FlatFaultA,FlatFault-A,23961,171954,566,FlatFaultA:23961
2027,global_train,42,1234,4,FlatFaultA,FlatFault-A,14012,75272,567,FlatFaultA:14012
2027,global_train,42,1234,4,FlatFaultA,FlatFault-A,13435,220184,568,FlatFaultA:13435
2027,global_train,42,1234,4,FlatFaultA,FlatFault-A,42622,109501,569,FlatFaultA:42622
2027,global_train,42,1234,4,FlatFaultA,FlatFault-A,41739,162222,570,FlatFaultA:41739
2027,global_train,42,1234,4,FlatFaultA,FlatFault-A,14628,38516,571,FlatFaultA:14628
2027,global_train,42,1234,4,FlatFaultA,FlatFault-A,1484,200798,572,FlatFaultA:1484
2027,global_train,42,1234,4,FlatFaultA,FlatFault-A,47138,184948,573,FlatFaultA:47138
2027,global_train,42,1234,4,FlatFaultA,FlatFault-A,27489,136285,574,FlatFaultA:27489
2027,global_train,42,1234,4,FlatFaultA,FlatFault-A,49275,58234,575,FlatFaultA:49275
2027,global_train,42,1234,4,FlatFaultA,FlatFault-A,8010,30512,576,FlatFaultA:8010
2027,global_train,42,1234,4,FlatFaultA,FlatFault-A,27637,73624,577,FlatFaultA:27637
2027,global_train,42,1234,4,FlatFaultA,FlatFault-A,3855,121975,578,FlatFaultA:3855
2027,global_train,42,1234,4,FlatFaultA,FlatFault-A,34692,112106,579,FlatFaultA:34692
2027,global_train,42,1234,4,FlatFaultA,FlatFault-A,40420,178995,580,FlatFaultA:40420
2027,global_train,42,1234,4,FlatFaultA,FlatFault-A,9415,26509,581,FlatFaultA:9415
2027,global_train,42,1234,4,FlatFaultA,FlatFault-A,25450,216138,582,FlatFaultA:25450
2027,global_train,42,1234,4,FlatFaultA,FlatFault-A,2010,169273,583,FlatFaultA:2010
2027,global_train,42,1234,4,FlatFaultA,FlatFault-A,40700,143074,584,FlatFaultA:40700
2027,global_train,42,1234,4,FlatFaultA,FlatFault-A,24910,156192,585,FlatFaultA:24910
2027,global_train,42,1234,4,FlatFaultA,FlatFault-A,31687,231773,586,FlatFaultA:31687
2027,global_train,42,1234,4,FlatFaultA,FlatFault-A,27645,185753,587,FlatFaultA:27645
2027,global_train,42,1234,4,FlatFaultA,FlatFault-A,5119,43188,588,FlatFaultA:5119
2027,global_train,42,1234,4,FlatFaultA,FlatFault-A,24137,90426,589,FlatFaultA:24137
2027,global_train,42,1234,4,FlatFaultA,FlatFault-A,28481,92918,590,FlatFaultA:28481
2027,global_train,42,1234,4,FlatFaultA,FlatFault-A,44670,234301,591,FlatFaultA:44670
2027,global_train,42,1234,4,FlatFaultA,FlatFault-A,33188,225955,592,FlatFaultA:33188
2027,global_train,42,1234,4,FlatFaultA,FlatFault-A,14593,8522,593,FlatFaultA:14593
2027,global_train,42,1234,4,FlatFaultA,FlatFault-A,1142,226272,594,FlatFaultA:1142
2027,global_train,42,1234,4,FlatFaultA,FlatFault-A,51697,113945,595,FlatFaultA:51697
2027,global_train,42,1234,4,FlatFaultA,FlatFault-A,48546,8646,596,FlatFaultA:48546
2027,global_train,42,1234,4,FlatFaultA,FlatFault-A,10273,171285,597,FlatFaultA:10273
2027,global_train,42,1234,4,FlatFaultA,FlatFault-A,42701,32167,598,FlatFaultA:42701
2027,global_train,42,1234,4,FlatFaultA,FlatFault-A,37334,62813,599,FlatFaultA:37334
2027,global_train,42,1234,4,FlatFaultA,FlatFault-A,6442,159136,600,FlatFaultA:6442
2027,global_train,42,1234,4,FlatFaultA,FlatFault-A,13999,17588,601,FlatFaultA:13999
2027,global_train,42,1234,4,FlatFaultA,FlatFault-A,38911,7113,602,FlatFaultA:38911
2027,global_train,42,1234,4,FlatFaultA,FlatFault-A,27945,11905,603,FlatFaultA:27945
2027,global_train,42,1234,4,FlatFaultA,FlatFault-A,49936,68051,604,FlatFaultA:49936
2027,global_train,42,1234,4,FlatFaultA,FlatFault-A,41270,228433,605,FlatFaultA:41270
2027,global_train,42,1234,4,FlatFaultA,FlatFault-A,23341,21669,606,FlatFaultA:23341
2027,global_train,42,1234,4,FlatFaultA,FlatFault-A,8724,226547,607,FlatFaultA:8724
2027,global_train,42,1234,4,FlatFaultA,FlatFault-A,11080,222103,608,FlatFaultA:11080
2027,global_train,42,1234,4,FlatFaultA,FlatFault-A,19590,50874,609,FlatFaultA:19590
2027,global_train,42,1234,4,FlatFaultA,FlatFault-A,46581,173933,610,FlatFaultA:46581
2027,global_train,42,1234,4,FlatFaultA,FlatFault-A,10920,233516,611,FlatFaultA:10920
2027,global_train,42,1234,4,FlatFaultA,FlatFault-A,903,135640,612,FlatFaultA:903
2027,global_train,42,1234,4,FlatFaultA,FlatFault-A,7830,146973,613,FlatFaultA:7830
2027,global_train,42,1234,4,FlatFaultA,FlatFault-A,48304,126762,614,FlatFaultA:48304
2027,global_train,42,1234,4,FlatFaultA,FlatFault-A,18322,115516,615,FlatFaultA:18322
2027,global_train,42,1234,4,FlatFaultA,FlatFault-A,52142,226080,616,FlatFaultA:52142
2027,global_train,42,1234,4,FlatFaultA,FlatFault-A,7288,194972,617,FlatFaultA:7288
2027,global_train,42,1234,4,FlatFaultA,FlatFault-A,13735,163930,618,FlatFaultA:13735
2027,global_train,42,1234,4,FlatFaultA,FlatFault-A,9880,30785,619,FlatFaultA:9880
2027,global_train,42,1234,4,FlatFaultA,FlatFault-A,46266,138450,620,FlatFaultA:46266
2027,global_train,42,1234,4,FlatFaultA,FlatFault-A,32265,63670,621,FlatFaultA:32265
2027,global_train,42,1234,4,FlatFaultA,FlatFault-A,17706,195243,622,FlatFaultA:17706
2027,global_train,42,1234,4,FlatFaultA,FlatFault-A,5350,215476,623,FlatFaultA:5350
2027,global_train,42,1234,4,FlatFaultA,FlatFault-A,38645,196354,624,FlatFaultA:38645
2027,global_train,42,1234,4,FlatFaultA,FlatFault-A,16156,54928,625,FlatFaultA:16156
2027,global_train,42,1234,4,FlatFaultA,FlatFault-A,23258,18764,626,FlatFaultA:23258
2027,global_train,42,1234,4,FlatFaultA,FlatFault-A,15158,101025,627,FlatFaultA:15158
2027,global_train,42,1234,4,FlatFaultA,FlatFault-A,21037,16660,628,FlatFaultA:21037
2027,global_train,42,1234,4,FlatFaultA,FlatFault-A,34658,130892,629,FlatFaultA:34658
2027,global_train,42,1234,4,FlatFaultA,FlatFault-A,49062,205101,630,FlatFaultA:49062
2027,global_train,42,1234,4,FlatFaultA,FlatFault-A,23086,220757,631,FlatFaultA:23086
2027,global_train,42,1234,4,FlatFaultA,FlatFault-A,1972,219419,632,FlatFaultA:1972
2027,global_train,42,1234,4,FlatFaultA,FlatFault-A,34850,25046,633,FlatFaultA:34850
2027,global_train,42,1234,4,FlatFaultA,FlatFault-A,22798,167541,634,FlatFaultA:22798
2027,global_train,42,1234,4,FlatFaultA,FlatFault-A,5962,204572,635,FlatFaultA:5962
2027,global_train,42,1234,4,FlatFaultA,FlatFault-A,41299,222132,636,FlatFaultA:41299
2027,global_train,42,1234,4,FlatFaultA,FlatFault-A,8141,143581,637,FlatFaultA:8141
2027,global_train,42,1234,4,FlatFaultA,FlatFault-A,48603,143803,638,FlatFaultA:48603
2027,global_train,42,1234,4,FlatFaultA,FlatFault-A,4733,163007,639,FlatFaultA:4733
2027,global_train,42,1234,4,FlatFaultA,FlatFault-A,49888,15127,640,FlatFaultA:49888
2027,global_train,42,1234,4,FlatFaultA,FlatFault-A,22345,114898,641,FlatFaultA:22345
2027,global_train,42,1234,4,FlatFaultA,FlatFault-A,32437,53518,642,FlatFaultA:32437
2027,global_train,42,1234,4,FlatFaultA,FlatFault-A,21153,75414,643,FlatFaultA:21153
2027,global_train,42,1234,4,FlatFaultA,FlatFault-A,9629,69394,644,FlatFaultA:9629
2027,global_train,42,1234,4,FlatFaultA,FlatFault-A,20475,141488,645,FlatFaultA:20475
2027,global_train,42,1234,4,FlatFaultA,FlatFault-A,53108,13921,646,FlatFaultA:53108
2027,global_train,42,1234,4,FlatFaultA,FlatFault-A,30778,167815,647,FlatFaultA:30778
2027,global_train,42,1234,4,FlatFaultA,FlatFault-A,40695,121952,648,FlatFaultA:40695
2027,global_train,42,1234,4,FlatFaultA,FlatFault-A,5407,140236,649,FlatFaultA:5407
2027,global_train,42,1234,4,FlatFaultA,FlatFault-A,51429,144928,650,FlatFaultA:51429
2027,global_train,42,1234,4,FlatFaultA,FlatFault-A,26896,98156,651,FlatFaultA:26896
2027,global_train,42,1234,4,FlatFaultA,FlatFault-A,15787,220799,652,FlatFaultA:15787
2027,global_train,42,1234,4,FlatFaultA,FlatFault-A,4023,200715,653,FlatFaultA:4023
2027,global_train,42,1234,4,FlatFaultA,FlatFault-A,46533,227050,654,FlatFaultA:46533
2027,global_train,42,1234,4,FlatFaultA,FlatFault-A,29651,8284,655,FlatFaultA:29651
2027,global_train,42,1234,4,FlatFaultA,FlatFault-A,20871,146724,656,FlatFaultA:20871
2027,global_train,42,1234,4,FlatFaultA,FlatFault-A,38286,171510,657,FlatFaultA:38286
2027,global_train,42,1234,4,FlatFaultA,FlatFault-A,15683,177395,658,FlatFaultA:15683
2027,global_train,42,1234,4,FlatFaultA,FlatFault-A,46366,75457,659,FlatFaultA:46366
2027,global_train,42,1234,4,FlatFaultA,FlatFault-A,47364,166229,660,FlatFaultA:47364
2027,global_train,42,1234,4,FlatFaultA,FlatFault-A,33373,132563,661,FlatFaultA:33373
2027,global_train,42,1234,4,FlatFaultA,FlatFault-A,10302,52739,662,FlatFaultA:10302
2027,global_train,42,1234,4,FlatFaultA,FlatFault-A,48053,145810,663,FlatFaultA:48053
2027,global_train,42,1234,4,FlatFaultA,FlatFault-A,4705,65774,664,FlatFaultA:4705
2027,global_train,42,1234,4,FlatFaultA,FlatFault-A,34206,122538,665,FlatFaultA:34206
2027,global_train,42,1234,4,FlatFaultA,FlatFault-A,22695,216928,666,FlatFaultA:22695
2027,global_train,42,1234,4,FlatFaultA,FlatFault-A,52816,70317,667,FlatFaultA:52816
2027,global_train,42,1234,4,FlatFaultA,FlatFault-A,8752,112672,668,FlatFaultA:8752
2027,global_train,42,1234,4,FlatFaultA,FlatFault-A,27597,10556,669,FlatFaultA:27597
2027,global_train,42,1234,4,FlatFaultA,FlatFault-A,49670,111836,670,FlatFaultA:49670
2027,global_train,42,1234,4,FlatFaultA,FlatFault-A,26581,166958,671,FlatFaultA:26581
2027,global_train,42,1234,4,FlatFaultA,FlatFault-A,38992,28451,672,FlatFaultA:38992
2027,global_train,42,1234,4,FlatFaultA,FlatFault-A,36934,122851,673,FlatFaultA:36934
2027,global_train,42,1234,4,FlatFaultA,FlatFault-A,35365,212817,674,FlatFaultA:35365
2027,global_train,42,1234,4,FlatFaultA,FlatFault-A,50788,119978,675,FlatFaultA:50788
2027,global_train,42,1234,4,FlatFaultA,FlatFault-A,23027,206698,676,FlatFaultA:23027
2027,global_train,42,1234,4,FlatFaultA,FlatFault-A,53436,112072,677,FlatFaultA:53436
2027,global_train,42,1234,4,FlatFaultA,FlatFault-A,51195,177853,678,FlatFaultA:51195
2027,global_train,42,1234,4,FlatFaultA,FlatFault-A,45773,176206,679,FlatFaultA:45773
2027,global_train,42,1234,4,FlatFaultA,FlatFault-A,1707,218602,680,FlatFaultA:1707
2027,global_train,42,1234,4,FlatFaultA,FlatFault-A,32111,164277,681,FlatFaultA:32111
2027,global_train,42,1234,4,FlatFaultA,FlatFault-A,18171,204094,682,FlatFaultA:18171
2027,global_train,42,1234,4,FlatFaultA,FlatFault-A,12059,108707,683,FlatFaultA:12059
2027,global_train,42,1234,4,FlatFaultA,FlatFault-A,45256,200567,684,FlatFaultA:45256
2027,global_train,42,1234,4,FlatFaultA,FlatFault-A,44151,210094,685,FlatFaultA:44151
2027,global_train,42,1234,4,FlatFaultA,FlatFault-A,22774,175370,686,FlatFaultA:22774
2027,global_train,42,1234,4,FlatFaultA,FlatFault-A,32538,207281,687,FlatFaultA:32538
2027,global_train,42,1234,4,FlatFaultA,FlatFault-A,33157,195255,688,FlatFaultA:33157
2027,global_train,42,1234,4,FlatFaultA,FlatFault-A,3182,186064,689,FlatFaultA:3182
2027,global_train,42,1234,4,FlatFaultA,FlatFault-A,19899,149448,690,FlatFaultA:19899
2027,global_train,42,1234,4,FlatFaultA,FlatFault-A,13448,53463,691,FlatFaultA:13448
2027,global_train,42,1234,4,FlatFaultA,FlatFault-A,37974,172114,692,FlatFaultA:37974
2027,global_train,42,1234,4,FlatFaultA,FlatFault-A,43353,121760,693,FlatFaultA:43353
2027,global_train,42,1234,4,FlatFaultA,FlatFault-A,21674,40852,694,FlatFaultA:21674
2027,global_train,42,1234,4,FlatFaultA,FlatFault-A,16503,161097,695,FlatFaultA:16503
2027,global_train,42,1234,4,FlatFaultA,FlatFault-A,7972,184069,696,FlatFaultA:7972
2027,global_train,42,1234,4,FlatFaultA,FlatFault-A,7170,201542,697,FlatFaultA:7170
2027,global_train,42,1234,4,FlatFaultA,FlatFault-A,10909,183957,698,FlatFaultA:10909
2027,global_train,42,1234,4,FlatFaultA,FlatFault-A,43559,138447,699,FlatFaultA:43559
2027,global_train,42,1234,4,FlatFaultA,FlatFault-A,6039,23068,700,FlatFaultA:6039
2027,global_train,42,1234,4,FlatFaultA,FlatFault-A,50432,51708,701,FlatFaultA:50432
2027,global_train,42,1234,4,FlatFaultA,FlatFault-A,20526,217963,702,FlatFaultA:20526
2027,global_train,42,1234,4,FlatFaultA,FlatFault-A,44335,89599,703,FlatFaultA:44335
2027,global_train,42,1234,4,FlatFaultA,FlatFault-A,44551,92595,704,FlatFaultA:44551
2027,global_train,42,1234,4,FlatFaultA,FlatFault-A,43588,202876,705,FlatFaultA:43588
2027,global_train,42,1234,4,FlatFaultA,FlatFault-A,12360,170535,706,FlatFaultA:12360
2027,global_train,42,1234,4,FlatFaultA,FlatFault-A,45975,97740,707,FlatFaultA:45975
2027,global_train,42,1234,4,FlatFaultA,FlatFault-A,33273,94012,708,FlatFaultA:33273
2027,global_train,42,1234,4,FlatFaultA,FlatFault-A,22915,147556,709,FlatFaultA:22915
2027,global_train,42,1234,4,FlatFaultA,FlatFault-A,39908,174202,710,FlatFaultA:39908
2027,global_train,42,1234,4,FlatFaultA,FlatFault-A,14329,234893,711,FlatFaultA:14329
2027,global_train,42,1234,4,FlatFaultA,FlatFault-A,6849,231188,712,FlatFaultA:6849
2027,global_train,42,1234,4,FlatFaultA,FlatFault-A,14560,37039,713,FlatFaultA:14560
2027,global_train,42,1234,4,FlatFaultA,FlatFault-A,30910,183349,714,FlatFaultA:30910
2027,global_train,42,1234,4,FlatFaultA,FlatFault-A,43327,211223,715,FlatFaultA:43327
2027,global_train,42,1234,4,FlatFaultA,FlatFault-A,41574,120358,716,FlatFaultA:41574
2027,global_train,42,1234,4,FlatFaultA,FlatFault-A,7158,92751,717,FlatFaultA:7158
2027,global_train,42,1234,4,FlatFaultA,FlatFault-A,29575,78890,718,FlatFaultA:29575
2027,global_train,42,1234,4,FlatFaultA,FlatFault-A,1907,117426,719,FlatFaultA:1907
2027,global_train,42,1234,4,FlatFaultA,FlatFault-A,14812,100437,720,FlatFaultA:14812
2027,global_train,42,1234,4,FlatFaultA,FlatFault-A,7338,155662,721,FlatFaultA:7338
2027,global_train,42,1234,4,FlatFaultA,FlatFault-A,36417,12384,722,FlatFaultA:36417
2027,global_train,42,1234,4,FlatFaultA,FlatFault-A,13082,125674,723,FlatFaultA:13082
2027,global_train,42,1234,4,FlatFaultA,FlatFault-A,24712,201684,724,FlatFaultA:24712
2027,global_train,42,1234,4,FlatFaultA,FlatFault-A,36910,163185,725,FlatFaultA:36910
2027,global_train,42,1234,4,FlatFaultA,FlatFault-A,13874,124224,726,FlatFaultA:13874
2027,global_train,42,1234,4,FlatFaultA,FlatFault-A,29748,101517,727,FlatFaultA:29748
2027,global_train,42,1234,4,FlatFaultA,FlatFault-A,52218,117534,728,FlatFaultA:52218
2027,global_train,42,1234,4,FlatFaultA,FlatFault-A,48318,82543,729,FlatFaultA:48318
2027,global_train,42,1234,4,FlatFaultA,FlatFault-A,7526,232829,730,FlatFaultA:7526
2027,global_train,42,1234,4,FlatFaultA,FlatFault-A,45560,208634,731,FlatFaultA:45560
2027,global_train,42,1234,4,FlatFaultA,FlatFault-A,48796,182026,732,FlatFaultA:48796
2027,global_train,42,1234,4,FlatFaultA,FlatFault-A,47448,198269,733,FlatFaultA:47448
2027,global_train,42,1234,4,FlatFaultA,FlatFault-A,484,141509,734,FlatFaultA:484
2027,global_train,42,1234,4,FlatFaultA,FlatFault-A,30278,193562,735,FlatFaultA:30278
2027,global_train,42,1234,4,FlatFaultA,FlatFault-A,49499,108797,736,FlatFaultA:49499
2027,global_train,42,1234,4,FlatFaultA,FlatFault-A,4207,157967,737,FlatFaultA:4207
2027,global_train,42,1234,4,FlatFaultA,FlatFault-A,6997,82053,738,FlatFaultA:6997
2027,global_train,42,1234,4,FlatFaultA,FlatFault-A,28050,128922,739,FlatFaultA:28050
2027,global_train,42,1234,4,FlatFaultA,FlatFault-A,46623,209160,740,FlatFaultA:46623
2027,global_train,42,1234,4,FlatFaultA,FlatFault-A,35943,86532,741,FlatFaultA:35943
2027,global_train,42,1234,4,FlatFaultA,FlatFault-A,50585,39550,742,FlatFaultA:50585
2027,global_train,42,1234,4,FlatFaultA,FlatFault-A,32926,10674,743,FlatFaultA:32926
2027,global_train,42,1234,4,FlatFaultA,FlatFault-A,28647,181246,744,FlatFaultA:28647
2027,global_train,42,1234,4,FlatFaultA,FlatFault-A,24752,149161,745,FlatFaultA:24752
2027,global_train,42,1234,4,FlatFaultA,FlatFault-A,4341,57802,746,FlatFaultA:4341
2027,global_train,42,1234,4,FlatFaultA,FlatFault-A,32343,149929,747,FlatFaultA:32343
2027,global_train,42,1234,4,FlatFaultA,FlatFault-A,44206,125250,748,FlatFaultA:44206
2027,global_train,42,1234,4,FlatFaultA,FlatFault-A,8175,121000,749,FlatFaultA:8175
2027,global_train,42,1234,4,FlatFaultA,FlatFault-A,53933,11664,750,FlatFaultA:53933
2027,global_train,42,1234,4,FlatFaultA,FlatFault-A,32877,56663,751,FlatFaultA:32877
2027,global_train,42,1234,4,FlatFaultA,FlatFault-A,928,161119,752,FlatFaultA:928
2027,global_train,42,1234,4,FlatFaultA,FlatFault-A,12057,186227,753,FlatFaultA:12057
2027,global_train,42,1234,4,FlatFaultA,FlatFault-A,35102,78363,754,FlatFaultA:35102
2027,global_train,42,1234,4,FlatFaultA,FlatFault-A,50034,113628,755,FlatFaultA:50034
2027,global_train,42,1234,4,FlatFaultA,FlatFault-A,3856,145552,756,FlatFaultA:3856
2027,global_train,42,1234,4,FlatFaultA,FlatFault-A,43970,228994,757,FlatFaultA:43970
2027,global_train,42,1234,4,FlatFaultA,FlatFault-A,40340,113836,758,FlatFaultA:40340
2027,global_train,42,1234,4,FlatFaultA,FlatFault-A,5784,81212,759,FlatFaultA:5784
2027,global_train,42,1234,4,FlatFaultA,FlatFault-A,1881,3020,760,FlatFaultA:1881
2027,global_train,42,1234,4,FlatFaultA,FlatFault-A,810,68700,761,FlatFaultA:810
2027,global_train,42,1234,4,FlatFaultA,FlatFault-A,7517,222579,762,FlatFaultA:7517
2027,global_train,42,1234,4,FlatFaultA,FlatFault-A,24888,233424,763,FlatFaultA:24888
2027,global_train,42,1234,4,FlatFaultA,FlatFault-A,37799,104209,764,FlatFaultA:37799
2027,global_train,42,1234,4,FlatFaultA,FlatFault-A,51502,109819,765,FlatFaultA:51502
2027,global_train,42,1234,4,FlatFaultA,FlatFault-A,27689,141953,766,FlatFaultA:27689
2027,global_train,42,1234,4,FlatFaultA,FlatFault-A,115,2110,767,FlatFaultA:115
2027,global_train,42,1234,4,FlatFaultA,FlatFault-A,11177,140359,768,FlatFaultA:11177
2027,global_train,42,1234,4,FlatFaultA,FlatFault-A,9115,172899,769,FlatFaultA:9115
2027,global_train,42,1234,4,FlatFaultA,FlatFault-A,47598,203508,770,FlatFaultA:47598
2027,global_train,42,1234,4,FlatFaultA,FlatFault-A,6877,212187,771,FlatFaultA:6877
2027,global_train,42,1234,4,FlatFaultA,FlatFault-A,10033,172680,772,FlatFaultA:10033
2027,global_train,42,1234,4,FlatFaultA,FlatFault-A,24847,146997,773,FlatFaultA:24847
2027,global_train,42,1234,4,FlatFaultA,FlatFault-A,37346,117972,774,FlatFaultA:37346
2027,global_train,42,1234,4,FlatFaultA,FlatFault-A,42367,76950,775,FlatFaultA:42367
2027,global_train,42,1234,4,FlatFaultA,FlatFault-A,50685,121211,776,FlatFaultA:50685
2027,global_train,42,1234,4,FlatFaultA,FlatFault-A,3358,79358,777,FlatFaultA:3358
2027,global_train,42,1234,4,FlatFaultA,FlatFault-A,52326,12785,778,FlatFaultA:52326
2027,global_train,42,1234,4,FlatFaultA,FlatFault-A,17345,119887,779,FlatFaultA:17345
2027,global_train,42,1234,4,FlatFaultA,FlatFault-A,36378,39340,780,FlatFaultA:36378
2027,global_train,42,1234,4,FlatFaultA,FlatFault-A,19562,30032,781,FlatFaultA:19562
2027,global_train,42,1234,4,FlatFaultA,FlatFault-A,22164,205071,782,FlatFaultA:22164
2027,global_train,42,1234,4,FlatFaultA,FlatFault-A,8216,81335,783,FlatFaultA:8216
2027,global_train,42,1234,4,FlatFaultA,FlatFault-A,43706,99905,784,FlatFaultA:43706
2027,global_train,42,1234,4,FlatFaultA,FlatFault-A,39047,4761,785,FlatFaultA:39047
2027,global_train,42,1234,4,FlatFaultA,FlatFault-A,13594,199494,786,FlatFaultA:13594
2027,global_train,42,1234,4,FlatFaultA,FlatFault-A,45482,228776,787,FlatFaultA:45482
2027,global_train,42,1234,4,FlatFaultA,FlatFault-A,15373,77229,788,FlatFaultA:15373
2027,global_train,42,1234,4,FlatFaultA,FlatFault-A,47602,206746,789,FlatFaultA:47602
2027,global_train,42,1234,4,FlatFaultA,FlatFault-A,38604,2549,790,FlatFaultA:38604
2027,global_train,42,1234,4,FlatFaultA,FlatFault-A,36236,89506,791,FlatFaultA:36236
2027,global_train,42,1234,4,FlatFaultA,FlatFault-A,6187,152220,792,FlatFaultA:6187
2027,global_train,42,1234,4,FlatFaultA,FlatFault-A,46323,16012,793,FlatFaultA:46323
2027,global_train,42,1234,4,FlatFaultA,FlatFault-A,50009,27994,794,FlatFaultA:50009
2027,global_train,42,1234,4,FlatFaultA,FlatFault-A,15989,233722,795,FlatFaultA:15989
2027,global_train,42,1234,4,FlatFaultA,FlatFault-A,12449,164982,796,FlatFaultA:12449
2027,global_train,42,1234,4,FlatFaultA,FlatFault-A,19985,85703,797,FlatFaultA:19985
2027,global_train,42,1234,4,FlatFaultA,FlatFault-A,31976,56885,798,FlatFaultA:31976
2027,global_train,42,1234,4,FlatFaultA,FlatFault-A,8026,48614,799,FlatFaultA:8026
2027,global_train,42,1234,4,FlatFaultA,FlatFault-A,20864,20403,800,FlatFaultA:20864
2027,global_train,42,1234,4,FlatFaultA,FlatFault-A,44762,110418,801,FlatFaultA:44762
2027,global_train,42,1234,4,FlatFaultA,FlatFault-A,19058,110371,802,FlatFaultA:19058
2027,global_train,42,1234,4,FlatFaultA,FlatFault-A,8423,59270,803,FlatFaultA:8423
2027,global_train,42,1234,4,FlatFaultA,FlatFault-A,44419,83800,804,FlatFaultA:44419
2027,global_train,42,1234,4,FlatFaultA,FlatFault-A,24419,204156,805,FlatFaultA:24419
2027,global_train,42,1234,4,FlatFaultA,FlatFault-A,52050,168240,806,FlatFaultA:52050
2027,global_train,42,1234,4,FlatFaultA,FlatFault-A,7477,90062,807,FlatFaultA:7477
2027,global_train,42,1234,4,FlatFaultA,FlatFault-A,50131,88359,808,FlatFaultA:50131
2027,global_train,42,1234,4,FlatFaultA,FlatFault-A,6104,203270,809,FlatFaultA:6104
2027,global_train,42,1234,4,FlatFaultA,FlatFault-A,44331,91874,810,FlatFaultA:44331
2027,global_train,42,1234,4,FlatFaultA,FlatFault-A,16755,10921,811,FlatFaultA:16755
2027,global_train,42,1234,4,FlatFaultA,FlatFault-A,38292,19056,812,FlatFaultA:38292
2027,global_train,42,1234,4,FlatFaultA,FlatFault-A,26407,134441,813,FlatFaultA:26407
2027,global_train,42,1234,4,FlatFaultA,FlatFault-A,7749,72180,814,FlatFaultA:7749
2027,global_train,42,1234,4,FlatFaultA,FlatFault-A,20312,173156,815,FlatFaultA:20312
2027,global_train,42,1234,4,FlatFaultA,FlatFault-A,42824,220144,816,FlatFaultA:42824
2027,global_train,42,1234,4,FlatFaultA,FlatFault-A,33467,191056,817,FlatFaultA:33467
2027,global_train,42,1234,4,FlatFaultA,FlatFault-A,12412,151727,818,FlatFaultA:12412
2027,global_train,42,1234,4,FlatFaultA,FlatFault-A,29050,86946,819,FlatFaultA:29050
2027,global_train,42,1234,4,FlatFaultA,FlatFault-A,39171,104910,820,FlatFaultA:39171
2027,global_train,42,1234,4,FlatFaultA,FlatFault-A,28718,205013,821,FlatFaultA:28718
2027,global_train,42,1234,4,FlatFaultA,FlatFault-A,46716,67743,822,FlatFaultA:46716
2027,global_train,42,1234,4,FlatFaultA,FlatFault-A,27773,742,823,FlatFaultA:27773
2027,global_train,42,1234,4,FlatFaultA,FlatFault-A,45613,33412,824,FlatFaultA:45613
2027,global_train,42,1234,4,FlatFaultA,FlatFault-A,6228,152489,825,FlatFaultA:6228
2027,global_train,42,1234,4,FlatFaultA,FlatFault-A,46056,26178,826,FlatFaultA:46056
2027,global_train,42,1234,4,FlatFaultA,FlatFault-A,18593,192478,827,FlatFaultA:18593
2027,global_train,42,1234,4,FlatFaultA,FlatFault-A,10845,58592,828,FlatFaultA:10845
2027,global_train,42,1234,4,FlatFaultA,FlatFault-A,11307,29212,829,FlatFaultA:11307
2027,global_train,42,1234,4,FlatFaultA,FlatFault-A,37863,10277,830,FlatFaultA:37863
2027,global_train,42,1234,4,FlatFaultA,FlatFault-A,48086,154738,831,FlatFaultA:48086
2027,global_train,42,1234,4,FlatFaultA,FlatFault-A,51293,2158,832,FlatFaultA:51293
2027,global_train,42,1234,4,FlatFaultA,FlatFault-A,21715,122988,833,FlatFaultA:21715
2027,global_train,42,1234,4,FlatFaultA,FlatFault-A,18381,196812,834,FlatFaultA:18381
2027,global_train,42,1234,4,FlatFaultA,FlatFault-A,41060,18655,835,FlatFaultA:41060
2027,global_train,42,1234,4,FlatFaultA,FlatFault-A,45195,220473,836,FlatFaultA:45195
2027,global_train,42,1234,4,FlatFaultA,FlatFault-A,21782,120312,837,FlatFaultA:21782
2027,global_train,42,1234,4,FlatFaultA,FlatFault-A,3981,215858,838,FlatFaultA:3981
2027,global_train,42,1234,4,FlatFaultA,FlatFault-A,23743,234826,839,FlatFaultA:23743
2027,global_train,42,1234,4,FlatFaultA,FlatFault-A,10962,170657,840,FlatFaultA:10962
2027,global_train,42,1234,4,FlatFaultA,FlatFault-A,12025,182116,841,FlatFaultA:12025
2027,global_train,42,1234,4,FlatFaultA,FlatFault-A,19457,200738,842,FlatFaultA:19457
2027,global_train,42,1234,4,FlatFaultA,FlatFault-A,36855,14853,843,FlatFaultA:36855
2027,global_train,42,1234,4,FlatFaultA,FlatFault-A,11052,161792,844,FlatFaultA:11052
2027,global_train,42,1234,4,FlatFaultA,FlatFault-A,35835,214299,845,FlatFaultA:35835
2027,global_train,42,1234,4,FlatFaultA,FlatFault-A,13289,129313,846,FlatFaultA:13289
2027,global_train,42,1234,4,FlatFaultA,FlatFault-A,51551,147255,847,FlatFaultA:51551
2027,global_train,42,1234,4,FlatFaultA,FlatFault-A,34195,105581,848,FlatFaultA:34195
2027,global_train,42,1234,4,FlatFaultA,FlatFault-A,50947,72955,849,FlatFaultA:50947
2027,global_train,42,1234,4,FlatFaultA,FlatFault-A,51276,88587,850,FlatFaultA:51276
2027,global_train,42,1234,4,FlatFaultA,FlatFault-A,34230,39870,851,FlatFaultA:34230
2027,global_train,42,1234,4,FlatFaultA,FlatFault-A,37440,90829,852,FlatFaultA:37440
2027,global_train,42,1234,4,FlatFaultA,FlatFault-A,13746,66797,853,FlatFaultA:13746
2027,global_train,42,1234,4,FlatFaultA,FlatFault-A,6157,135450,854,FlatFaultA:6157
2027,global_train,42,1234,4,FlatFaultA,FlatFault-A,20293,203160,855,FlatFaultA:20293
2027,global_train,42,1234,4,FlatFaultA,FlatFault-A,8324,29889,856,FlatFaultA:8324
2027,global_train,42,1234,4,FlatFaultA,FlatFault-A,37549,28886,857,FlatFaultA:37549
2027,global_train,42,1234,4,FlatFaultA,FlatFault-A,42985,131714,858,FlatFaultA:42985
2027,global_train,42,1234,4,FlatFaultA,FlatFault-A,43195,190482,859,FlatFaultA:43195
2027,global_train,42,1234,4,FlatFaultA,FlatFault-A,46993,83631,860,FlatFaultA:46993
2027,global_train,42,1234,4,FlatFaultA,FlatFault-A,50135,137556,861,FlatFaultA:50135
2027,global_train,42,1234,4,FlatFaultA,FlatFault-A,49823,93795,862,FlatFaultA:49823
2027,global_train,42,1234,4,FlatFaultA,FlatFault-A,7706,3319,863,FlatFaultA:7706
2027,global_train,42,1234,4,FlatFaultA,FlatFault-A,32293,29088,864,FlatFaultA:32293
2027,global_train,42,1234,4,FlatFaultA,FlatFault-A,30232,178404,865,FlatFaultA:30232
2027,global_train,42,1234,4,FlatFaultA,FlatFault-A,42633,216708,866,FlatFaultA:42633
2027,global_train,42,1234,4,FlatFaultA,FlatFault-A,39385,196276,867,FlatFaultA:39385
2027,global_train,42,1234,4,FlatFaultA,FlatFault-A,4952,155984,868,FlatFaultA:4952
2027,global_train,42,1234,4,FlatFaultA,FlatFault-A,41092,68604,869,FlatFaultA:41092
2027,global_train,42,1234,4,FlatFaultA,FlatFault-A,408,4468,870,FlatFaultA:408
2027,global_train,42,1234,4,FlatFaultA,FlatFault-A,8368,221816,871,FlatFaultA:8368
2027,global_train,42,1234,4,FlatFaultA,FlatFault-A,49921,165230,872,FlatFaultA:49921
2027,global_train,42,1234,4,FlatFaultA,FlatFault-A,37102,207872,873,FlatFaultA:37102
2027,global_train,42,1234,4,FlatFaultA,FlatFault-A,31120,187032,874,FlatFaultA:31120
2027,global_train,42,1234,4,FlatFaultA,FlatFault-A,2319,202492,875,FlatFaultA:2319
2027,global_train,42,1234,4,FlatFaultA,FlatFault-A,12452,120527,876,FlatFaultA:12452
2027,global_train,42,1234,4,FlatFaultA,FlatFault-A,11110,55207,877,FlatFaultA:11110
2027,global_train,42,1234,4,FlatFaultA,FlatFault-A,40250,178458,878,FlatFaultA:40250
2027,global_train,42,1234,4,FlatFaultA,FlatFault-A,12935,216466,879,FlatFaultA:12935
2027,global_train,42,1234,4,FlatFaultA,FlatFault-A,29676,143878,880,FlatFaultA:29676
2027,global_train,42,1234,4,FlatFaultA,FlatFault-A,51325,96740,881,FlatFaultA:51325
2027,global_train,42,1234,4,FlatFaultA,FlatFault-A,13092,142093,882,FlatFaultA:13092
2027,global_train,42,1234,4,FlatFaultA,FlatFault-A,14615,73508,883,FlatFaultA:14615
2027,global_train,42,1234,4,FlatFaultA,FlatFault-A,10139,232341,884,FlatFaultA:10139
2027,global_train,42,1234,4,FlatFaultA,FlatFault-A,3910,92435,885,FlatFaultA:3910
2027,global_train,42,1234,4,FlatFaultA,FlatFault-A,38053,173357,886,FlatFaultA:38053
2027,global_train,42,1234,4,FlatFaultA,FlatFault-A,13164,155680,887,FlatFaultA:13164
2027,global_train,42,1234,4,FlatFaultA,FlatFault-A,10905,235092,888,FlatFaultA:10905
2027,global_train,42,1234,4,FlatFaultA,FlatFault-A,30142,216271,889,FlatFaultA:30142
2027,global_train,42,1234,4,FlatFaultA,FlatFault-A,46562,54148,890,FlatFaultA:46562
2027,global_train,42,1234,4,FlatFaultA,FlatFault-A,25494,136716,891,FlatFaultA:25494
2027,global_train,42,1234,4,FlatFaultA,FlatFault-A,53736,54512,892,FlatFaultA:53736
2027,global_train,42,1234,4,FlatFaultA,FlatFault-A,18087,207599,893,FlatFaultA:18087
2027,global_train,42,1234,4,FlatFaultA,FlatFault-A,941,82055,894,FlatFaultA:941
2027,global_train,42,1234,4,FlatFaultA,FlatFault-A,43092,187201,895,FlatFaultA:43092
2027,global_train,42,1234,4,FlatFaultA,FlatFault-A,1844,227615,896,FlatFaultA:1844
2027,global_train,42,1234,4,FlatFaultA,FlatFault-A,2999,164285,897,FlatFaultA:2999
2027,global_train,42,1234,4,FlatFaultA,FlatFault-A,10685,97277,898,FlatFaultA:10685
2027,global_train,42,1234,4,FlatFaultA,FlatFault-A,37980,191200,899,FlatFaultA:37980
2027,global_train,42,1234,4,FlatFaultA,FlatFault-A,876,215176,900,FlatFaultA:876
2027,global_train,42,1234,4,FlatFaultA,FlatFault-A,30061,38674,901,FlatFaultA:30061
2027,global_train,42,1234,4,FlatFaultA,FlatFault-A,42337,97639,902,FlatFaultA:42337
2027,global_train,42,1234,4,FlatFaultA,FlatFault-A,47807,180203,903,FlatFaultA:47807
2027,global_train,42,1234,4,FlatFaultA,FlatFault-A,25377,69957,904,FlatFaultA:25377
2027,global_train,42,1234,4,FlatFaultA,FlatFault-A,8325,36754,905,FlatFaultA:8325
2027,global_train,42,1234,4,FlatFaultA,FlatFault-A,44714,187064,906,FlatFaultA:44714
2027,global_train,42,1234,4,FlatFaultA,FlatFault-A,39867,7795,907,FlatFaultA:39867
2027,global_train,42,1234,4,FlatFaultA,FlatFault-A,23396,87394,908,FlatFaultA:23396
2027,global_train,42,1234,4,FlatFaultA,FlatFault-A,15780,114945,909,FlatFaultA:15780
2027,global_train,42,1234,4,FlatFaultA,FlatFault-A,7327,230918,910,FlatFaultA:7327
2027,global_train,42,1234,4,FlatFaultA,FlatFault-A,26266,108080,911,FlatFaultA:26266
2027,global_train,42,1234,4,FlatFaultA,FlatFault-A,49846,201859,912,FlatFaultA:49846
2027,global_train,42,1234,4,FlatFaultA,FlatFault-A,14511,134672,913,FlatFaultA:14511
2027,global_train,42,1234,4,FlatFaultA,FlatFault-A,31878,206308,914,FlatFaultA:31878
2027,global_train,42,1234,4,FlatFaultA,FlatFault-A,22599,19531,915,FlatFaultA:22599
2027,global_train,42,1234,4,FlatFaultA,FlatFault-A,11168,109262,916,FlatFaultA:11168
2027,global_train,42,1234,4,FlatFaultA,FlatFault-A,49599,104728,917,FlatFaultA:49599
2027,global_train,42,1234,4,FlatFaultA,FlatFault-A,3291,97398,918,FlatFaultA:3291
2027,global_train,42,1234,4,FlatFaultA,FlatFault-A,11841,203275,919,FlatFaultA:11841
2027,global_train,42,1234,4,FlatFaultA,FlatFault-A,13756,77872,920,FlatFaultA:13756
2027,global_train,42,1234,4,FlatFaultA,FlatFault-A,14294,662,921,FlatFaultA:14294
2027,global_train,42,1234,4,FlatFaultA,FlatFault-A,26881,185175,922,FlatFaultA:26881
2027,global_train,42,1234,4,FlatFaultA,FlatFault-A,15811,123745,923,FlatFaultA:15811
2027,global_train,42,1234,4,FlatFaultA,FlatFault-A,26870,25057,924,FlatFaultA:26870
2027,global_train,42,1234,4,FlatFaultA,FlatFault-A,47050,108669,925,FlatFaultA:47050
2027,global_train,42,1234,4,FlatFaultA,FlatFault-A,8197,39941,926,FlatFaultA:8197
2027,global_train,42,1234,4,FlatFaultA,FlatFault-A,8000,98724,927,FlatFaultA:8000
2027,global_train,42,1234,4,FlatFaultA,FlatFault-A,7897,120502,928,FlatFaultA:7897
2027,global_train,42,1234,4,FlatFaultA,FlatFault-A,9944,124824,929,FlatFaultA:9944
2027,global_train,42,1234,4,FlatFaultA,FlatFault-A,52324,87366,930,FlatFaultA:52324
2027,global_train,42,1234,4,FlatFaultA,FlatFault-A,33894,22966,931,FlatFaultA:33894
2027,global_train,42,1234,4,FlatFaultA,FlatFault-A,52783,66737,932,FlatFaultA:52783
2027,global_train,42,1234,4,FlatFaultA,FlatFault-A,42152,163851,933,FlatFaultA:42152
2027,global_train,42,1234,4,FlatFaultA,FlatFault-A,6464,200763,934,FlatFaultA:6464
2027,global_train,42,1234,4,FlatFaultA,FlatFault-A,22963,111639,935,FlatFaultA:22963
2027,global_train,42,1234,4,FlatFaultA,FlatFault-A,51893,151347,936,FlatFaultA:51893
2027,global_train,42,1234,4,FlatFaultA,FlatFault-A,27936,55361,937,FlatFaultA:27936
2027,global_train,42,1234,4,FlatFaultA,FlatFault-A,37188,50401,938,FlatFaultA:37188
2027,global_train,42,1234,4,FlatFaultA,FlatFault-A,16226,73848,939,FlatFaultA:16226
2027,global_train,42,1234,4,FlatFaultA,FlatFault-A,26423,92128,940,FlatFaultA:26423
2027,global_train,42,1234,4,FlatFaultA,FlatFault-A,47264,165796,941,FlatFaultA:47264
2027,global_train,42,1234,4,FlatFaultA,FlatFault-A,25042,45680,942,FlatFaultA:25042
2027,global_train,42,1234,4,FlatFaultA,FlatFault-A,13420,91851,943,FlatFaultA:13420
2027,global_train,42,1234,4,FlatFaultA,FlatFault-A,35375,119260,944,FlatFaultA:35375
2027,global_train,42,1234,4,FlatFaultA,FlatFault-A,34308,131812,945,FlatFaultA:34308
2027,global_train,42,1234,4,FlatFaultA,FlatFault-A,50429,10039,946,FlatFaultA:50429
2027,global_train,42,1234,4,FlatFaultA,FlatFault-A,9250,169271,947,FlatFaultA:9250
2027,global_train,42,1234,4,FlatFaultA,FlatFault-A,9049,97183,948,FlatFaultA:9049
2027,global_train,42,1234,4,FlatFaultA,FlatFault-A,13513,86916,949,FlatFaultA:13513
2027,global_train,42,1234,4,FlatFaultA,FlatFault-A,12242,144308,950,FlatFaultA:12242
2027,global_train,42,1234,4,FlatFaultA,FlatFault-A,26151,210852,951,FlatFaultA:26151
2027,global_train,42,1234,4,FlatFaultA,FlatFault-A,42321,75878,952,FlatFaultA:42321
2027,global_train,42,1234,4,FlatFaultA,FlatFault-A,36699,212195,953,FlatFaultA:36699
2027,global_train,42,1234,4,FlatFaultA,FlatFault-A,44444,63667,954,FlatFaultA:44444
2027,global_train,42,1234,4,FlatFaultA,FlatFault-A,4486,108181,955,FlatFaultA:4486
2027,global_train,42,1234,4,FlatFaultA,FlatFault-A,34522,180702,956,FlatFaultA:34522
2027,global_train,42,1234,4,FlatFaultA,FlatFault-A,41639,80373,957,FlatFaultA:41639
2027,global_train,42,1234,4,FlatFaultA,FlatFault-A,22370,32625,958,FlatFaultA:22370
2027,global_train,42,1234,4,FlatFaultA,FlatFault-A,18986,187065,959,FlatFaultA:18986
2027,global_train,42,1234,4,FlatFaultA,FlatFault-A,16032,168357,960,FlatFaultA:16032
2027,global_train,42,1234,4,FlatFaultA,FlatFault-A,31247,115258,961,FlatFaultA:31247
2027,global_train,42,1234,4,FlatFaultA,FlatFault-A,31787,183311,962,FlatFaultA:31787
2027,global_train,42,1234,4,FlatFaultA,FlatFault-A,16416,143496,963,FlatFaultA:16416
2027,global_train,42,1234,4,FlatFaultA,FlatFault-A,25404,173135,964,FlatFaultA:25404
2027,global_train,42,1234,4,FlatFaultA,FlatFault-A,34999,191939,965,FlatFaultA:34999
2027,global_train,42,1234,4,FlatFaultA,FlatFault-A,45734,140095,966,FlatFaultA:45734
2027,global_train,42,1234,4,FlatFaultA,FlatFault-A,41136,39755,967,FlatFaultA:41136
2027,global_train,42,1234,4,FlatFaultA,FlatFault-A,35063,77873,968,FlatFaultA:35063
2027,global_train,42,1234,4,FlatFaultA,FlatFault-A,31187,36920,969,FlatFaultA:31187
2027,global_train,42,1234,4,FlatFaultA,FlatFault-A,20202,98398,970,FlatFaultA:20202
2027,global_train,42,1234,4,FlatFaultA,FlatFault-A,12363,54665,971,FlatFaultA:12363
2027,global_train,42,1234,4,FlatFaultA,FlatFault-A,7176,69410,972,FlatFaultA:7176
2027,global_train,42,1234,4,FlatFaultA,FlatFault-A,28811,192548,973,FlatFaultA:28811
2027,global_train,42,1234,4,FlatFaultA,FlatFault-A,50103,96083,974,FlatFaultA:50103
2027,global_train,42,1234,4,FlatFaultA,FlatFault-A,4695,124565,975,FlatFaultA:4695
2027,global_train,42,1234,4,FlatFaultA,FlatFault-A,34949,58226,976,FlatFaultA:34949
2027,global_train,42,1234,4,FlatFaultA,FlatFault-A,43326,77678,977,FlatFaultA:43326
2027,global_train,42,1234,4,FlatFaultA,FlatFault-A,4603,113907,978,FlatFaultA:4603
2027,global_train,42,1234,4,FlatFaultA,FlatFault-A,28697,219582,979,FlatFaultA:28697
2027,global_train,42,1234,4,FlatFaultA,FlatFault-A,21224,105254,980,FlatFaultA:21224
2027,global_train,42,1234,4,FlatFaultA,FlatFault-A,26452,167050,981,FlatFaultA:26452
2027,global_train,42,1234,4,FlatFaultA,FlatFault-A,36166,186223,982,FlatFaultA:36166
2027,global_train,42,1234,4,FlatFaultA,FlatFault-A,42677,69342,983,FlatFaultA:42677
2027,global_train,42,1234,4,FlatFaultA,FlatFault-A,53763,129221,984,FlatFaultA:53763
2027,global_train,42,1234,4,FlatFaultA,FlatFault-A,43162,76580,985,FlatFaultA:43162
2027,global_train,42,1234,4,FlatFaultA,FlatFault-A,9509,165028,986,FlatFaultA:9509
2027,global_train,42,1234,4,FlatFaultA,FlatFault-A,21282,192318,987,FlatFaultA:21282
2027,global_train,42,1234,4,FlatFaultA,FlatFault-A,6549,181084,988,FlatFaultA:6549
2027,global_train,42,1234,4,FlatFaultA,FlatFault-A,42729,50157,989,FlatFaultA:42729
2027,global_train,42,1234,4,FlatFaultA,FlatFault-A,16205,215135,990,FlatFaultA:16205
2027,global_train,42,1234,4,FlatFaultA,FlatFault-A,53837,149153,991,FlatFaultA:53837
2027,global_train,42,1234,4,FlatFaultA,FlatFault-A,34645,191721,992,FlatFaultA:34645
2027,global_train,42,1234,4,FlatFaultA,FlatFault-A,42563,107962,993,FlatFaultA:42563
2027,global_train,42,1234,4,FlatFaultA,FlatFault-A,16500,228837,994,FlatFaultA:16500
2027,global_train,42,1234,4,FlatFaultA,FlatFault-A,13480,149647,995,FlatFaultA:13480
2027,global_train,42,1234,4,FlatFaultA,FlatFault-A,4539,208776,996,FlatFaultA:4539
2027,global_train,42,1234,4,FlatFaultA,FlatFault-A,9899,188621,997,FlatFaultA:9899
2027,global_train,42,1234,4,FlatFaultA,FlatFault-A,34923,108594,998,FlatFaultA:34923
2027,global_train,42,1234,4,FlatFaultA,FlatFault-A,10745,197330,999,FlatFaultA:10745
2027,global_train,42,1234,5,FlatFaultB,FlatFault-B,28798,102329,0,FlatFaultB:28798
2027,global_train,42,1234,5,FlatFaultB,FlatFault-B,43326,110928,1,FlatFaultB:43326
2027,global_train,42,1234,5,FlatFaultB,FlatFault-B,49652,39045,2,FlatFaultB:49652
2027,global_train,42,1234,5,FlatFaultB,FlatFault-B,51488,208391,3,FlatFaultB:51488
2027,global_train,42,1234,5,FlatFaultB,FlatFault-B,11460,179701,4,FlatFaultB:11460
2027,global_train,42,1234,5,FlatFaultB,FlatFault-B,25721,133766,5,FlatFaultB:25721
2027,global_train,42,1234,5,FlatFaultB,FlatFault-B,34941,103499,6,FlatFaultB:34941
2027,global_train,42,1234,5,FlatFaultB,FlatFault-B,18414,140113,7,FlatFaultB:18414
2027,global_train,42,1234,5,FlatFaultB,FlatFault-B,43501,156182,8,FlatFaultB:43501
2027,global_train,42,1234,5,FlatFaultB,FlatFault-B,53158,209749,9,FlatFaultB:53158
2027,global_train,42,1234,5,FlatFaultB,FlatFault-B,25085,157917,10,FlatFaultB:25085
2027,global_train,42,1234,5,FlatFaultB,FlatFault-B,40195,196681,11,FlatFaultB:40195
2027,global_train,42,1234,5,FlatFaultB,FlatFault-B,27584,61300,12,FlatFaultB:27584
2027,global_train,42,1234,5,FlatFaultB,FlatFault-B,17095,99268,13,FlatFaultB:17095
2027,global_train,42,1234,5,FlatFaultB,FlatFault-B,21752,178908,14,FlatFaultB:21752
2027,global_train,42,1234,5,FlatFaultB,FlatFault-B,4506,140797,15,FlatFaultB:4506
2027,global_train,42,1234,5,FlatFaultB,FlatFault-B,32882,61882,16,FlatFaultB:32882
2027,global_train,42,1234,5,FlatFaultB,FlatFault-B,3845,80134,17,FlatFaultB:3845
2027,global_train,42,1234,5,FlatFaultB,FlatFault-B,16085,115459,18,FlatFaultB:16085
2027,global_train,42,1234,5,FlatFaultB,FlatFault-B,52667,226464,19,FlatFaultB:52667
2027,global_train,42,1234,5,FlatFaultB,FlatFault-B,27354,53549,20,FlatFaultB:27354
2027,global_train,42,1234,5,FlatFaultB,FlatFault-B,3431,23988,21,FlatFaultB:3431
2027,global_train,42,1234,5,FlatFaultB,FlatFault-B,45190,31417,22,FlatFaultB:45190
2027,global_train,42,1234,5,FlatFaultB,FlatFault-B,47821,11489,23,FlatFaultB:47821
2027,global_train,42,1234,5,FlatFaultB,FlatFault-B,29591,117259,24,FlatFaultB:29591
2027,global_train,42,1234,5,FlatFaultB,FlatFault-B,49555,23875,25,FlatFaultB:49555
2027,global_train,42,1234,5,FlatFaultB,FlatFault-B,2352,214294,26,FlatFaultB:2352
2027,global_train,42,1234,5,FlatFaultB,FlatFault-B,17125,117671,27,FlatFaultB:17125
2027,global_train,42,1234,5,FlatFaultB,FlatFault-B,15989,44893,28,FlatFaultB:15989
2027,global_train,42,1234,5,FlatFaultB,FlatFault-B,20718,220444,29,FlatFaultB:20718
2027,global_train,42,1234,5,FlatFaultB,FlatFault-B,45342,218401,30,FlatFaultB:45342
2027,global_train,42,1234,5,FlatFaultB,FlatFault-B,17785,164843,31,FlatFaultB:17785
2027,global_train,42,1234,5,FlatFaultB,FlatFault-B,35273,66423,32,FlatFaultB:35273
2027,global_train,42,1234,5,FlatFaultB,FlatFault-B,48368,113748,33,FlatFaultB:48368
2027,global_train,42,1234,5,FlatFaultB,FlatFault-B,44786,96462,34,FlatFaultB:44786
2027,global_train,42,1234,5,FlatFaultB,FlatFault-B,24917,61233,35,FlatFaultB:24917
2027,global_train,42,1234,5,FlatFaultB,FlatFault-B,9060,74479,36,FlatFaultB:9060
2027,global_train,42,1234,5,FlatFaultB,FlatFault-B,13731,117001,37,FlatFaultB:13731
2027,global_train,42,1234,5,FlatFaultB,FlatFault-B,8123,164814,38,FlatFaultB:8123
2027,global_train,42,1234,5,FlatFaultB,FlatFault-B,1681,137005,39,FlatFaultB:1681
2027,global_train,42,1234,5,FlatFaultB,FlatFault-B,14552,105367,40,FlatFaultB:14552
2027,global_train,42,1234,5,FlatFaultB,FlatFault-B,26989,18232,41,FlatFaultB:26989
2027,global_train,42,1234,5,FlatFaultB,FlatFault-B,43384,118858,42,FlatFaultB:43384
2027,global_train,42,1234,5,FlatFaultB,FlatFault-B,28591,38354,43,FlatFaultB:28591
2027,global_train,42,1234,5,FlatFaultB,FlatFault-B,36272,184482,44,FlatFaultB:36272
2027,global_train,42,1234,5,FlatFaultB,FlatFault-B,41815,95485,45,FlatFaultB:41815
2027,global_train,42,1234,5,FlatFaultB,FlatFault-B,40359,110157,46,FlatFaultB:40359
2027,global_train,42,1234,5,FlatFaultB,FlatFault-B,19680,89516,47,FlatFaultB:19680
2027,global_train,42,1234,5,FlatFaultB,FlatFault-B,30525,199869,48,FlatFaultB:30525
2027,global_train,42,1234,5,FlatFaultB,FlatFault-B,20583,207143,49,FlatFaultB:20583
2027,global_train,42,1234,5,FlatFaultB,FlatFault-B,16764,61575,50,FlatFaultB:16764
2027,global_train,42,1234,5,FlatFaultB,FlatFault-B,43194,133642,51,FlatFaultB:43194
2027,global_train,42,1234,5,FlatFaultB,FlatFault-B,35087,159956,52,FlatFaultB:35087
2027,global_train,42,1234,5,FlatFaultB,FlatFault-B,18983,48783,53,FlatFaultB:18983
2027,global_train,42,1234,5,FlatFaultB,FlatFault-B,44833,62757,54,FlatFaultB:44833
2027,global_train,42,1234,5,FlatFaultB,FlatFault-B,47719,143346,55,FlatFaultB:47719
2027,global_train,42,1234,5,FlatFaultB,FlatFault-B,5521,197434,56,FlatFaultB:5521
2027,global_train,42,1234,5,FlatFaultB,FlatFault-B,47298,130850,57,FlatFaultB:47298
2027,global_train,42,1234,5,FlatFaultB,FlatFault-B,51597,75202,58,FlatFaultB:51597
2027,global_train,42,1234,5,FlatFaultB,FlatFault-B,4102,170197,59,FlatFaultB:4102
2027,global_train,42,1234,5,FlatFaultB,FlatFault-B,12476,24230,60,FlatFaultB:12476
2027,global_train,42,1234,5,FlatFaultB,FlatFault-B,50912,79902,61,FlatFaultB:50912
2027,global_train,42,1234,5,FlatFaultB,FlatFault-B,52153,1096,62,FlatFaultB:52153
2027,global_train,42,1234,5,FlatFaultB,FlatFault-B,37320,79837,63,FlatFaultB:37320
2027,global_train,42,1234,5,FlatFaultB,FlatFault-B,624,95254,64,FlatFaultB:624
2027,global_train,42,1234,5,FlatFaultB,FlatFault-B,32110,3331,65,FlatFaultB:32110
2027,global_train,42,1234,5,FlatFaultB,FlatFault-B,28987,173203,66,FlatFaultB:28987
2027,global_train,42,1234,5,FlatFaultB,FlatFault-B,15084,195911,67,FlatFaultB:15084
2027,global_train,42,1234,5,FlatFaultB,FlatFault-B,32852,144048,68,FlatFaultB:32852
2027,global_train,42,1234,5,FlatFaultB,FlatFault-B,25160,214047,69,FlatFaultB:25160
2027,global_train,42,1234,5,FlatFaultB,FlatFault-B,42672,228945,70,FlatFaultB:42672
2027,global_train,42,1234,5,FlatFaultB,FlatFault-B,4148,234267,71,FlatFaultB:4148
2027,global_train,42,1234,5,FlatFaultB,FlatFault-B,42249,157543,72,FlatFaultB:42249
2027,global_train,42,1234,5,FlatFaultB,FlatFault-B,7458,203186,73,FlatFaultB:7458
2027,global_train,42,1234,5,FlatFaultB,FlatFault-B,16949,78359,74,FlatFaultB:16949
2027,global_train,42,1234,5,FlatFaultB,FlatFault-B,12693,87970,75,FlatFaultB:12693
2027,global_train,42,1234,5,FlatFaultB,FlatFault-B,19328,146758,76,FlatFaultB:19328
2027,global_train,42,1234,5,FlatFaultB,FlatFault-B,11748,129727,77,FlatFaultB:11748
2027,global_train,42,1234,5,FlatFaultB,FlatFault-B,43613,89722,78,FlatFaultB:43613
2027,global_train,42,1234,5,FlatFaultB,FlatFault-B,25618,195664,79,FlatFaultB:25618
2027,global_train,42,1234,5,FlatFaultB,FlatFault-B,36716,197096,80,FlatFaultB:36716
2027,global_train,42,1234,5,FlatFaultB,FlatFault-B,22697,153857,81,FlatFaultB:22697
2027,global_train,42,1234,5,FlatFaultB,FlatFault-B,11264,67380,82,FlatFaultB:11264
2027,global_train,42,1234,5,FlatFaultB,FlatFault-B,47912,177575,83,FlatFaultB:47912
2027,global_train,42,1234,5,FlatFaultB,FlatFault-B,8507,184156,84,FlatFaultB:8507
2027,global_train,42,1234,5,FlatFaultB,FlatFault-B,44322,18070,85,FlatFaultB:44322
2027,global_train,42,1234,5,FlatFaultB,FlatFault-B,18954,138358,86,FlatFaultB:18954
2027,global_train,42,1234,5,FlatFaultB,FlatFault-B,28490,144009,87,FlatFaultB:28490
2027,global_train,42,1234,5,FlatFaultB,FlatFault-B,16831,177340,88,FlatFaultB:16831
2027,global_train,42,1234,5,FlatFaultB,FlatFault-B,53672,209830,89,FlatFaultB:53672
2027,global_train,42,1234,5,FlatFaultB,FlatFault-B,15231,50428,90,FlatFaultB:15231
2027,global_train,42,1234,5,FlatFaultB,FlatFault-B,10502,108197,91,FlatFaultB:10502
2027,global_train,42,1234,5,FlatFaultB,FlatFault-B,6656,133858,92,FlatFaultB:6656
2027,global_train,42,1234,5,FlatFaultB,FlatFault-B,34319,8031,93,FlatFaultB:34319
2027,global_train,42,1234,5,FlatFaultB,FlatFault-B,29788,43718,94,FlatFaultB:29788
2027,global_train,42,1234,5,FlatFaultB,FlatFault-B,7371,161772,95,FlatFaultB:7371
2027,global_train,42,1234,5,FlatFaultB,FlatFault-B,21033,19235,96,FlatFaultB:21033
2027,global_train,42,1234,5,FlatFaultB,FlatFault-B,16488,13500,97,FlatFaultB:16488
2027,global_train,42,1234,5,FlatFaultB,FlatFault-B,3377,152044,98,FlatFaultB:3377
2027,global_train,42,1234,5,FlatFaultB,FlatFault-B,4564,209568,99,FlatFaultB:4564
2027,global_train,42,1234,5,FlatFaultB,FlatFault-B,27712,52427,100,FlatFaultB:27712
2027,global_train,42,1234,5,FlatFaultB,FlatFault-B,20099,39249,101,FlatFaultB:20099
2027,global_train,42,1234,5,FlatFaultB,FlatFault-B,47687,36403,102,FlatFaultB:47687
2027,global_train,42,1234,5,FlatFaultB,FlatFault-B,34644,93917,103,FlatFaultB:34644
2027,global_train,42,1234,5,FlatFaultB,FlatFault-B,2444,202605,104,FlatFaultB:2444
2027,global_train,42,1234,5,FlatFaultB,FlatFault-B,40161,183408,105,FlatFaultB:40161
2027,global_train,42,1234,5,FlatFaultB,FlatFault-B,6025,181452,106,FlatFaultB:6025
2027,global_train,42,1234,5,FlatFaultB,FlatFault-B,39408,190567,107,FlatFaultB:39408
2027,global_train,42,1234,5,FlatFaultB,FlatFault-B,18288,67705,108,FlatFaultB:18288
2027,global_train,42,1234,5,FlatFaultB,FlatFault-B,27099,188372,109,FlatFaultB:27099
2027,global_train,42,1234,5,FlatFaultB,FlatFault-B,28023,67862,110,FlatFaultB:28023
2027,global_train,42,1234,5,FlatFaultB,FlatFault-B,3359,77763,111,FlatFaultB:3359
2027,global_train,42,1234,5,FlatFaultB,FlatFault-B,44016,48274,112,FlatFaultB:44016
2027,global_train,42,1234,5,FlatFaultB,FlatFault-B,53391,64199,113,FlatFaultB:53391
2027,global_train,42,1234,5,FlatFaultB,FlatFault-B,33734,105111,114,FlatFaultB:33734
2027,global_train,42,1234,5,FlatFaultB,FlatFault-B,2076,114504,115,FlatFaultB:2076
2027,global_train,42,1234,5,FlatFaultB,FlatFault-B,27320,2181,116,FlatFaultB:27320
2027,global_train,42,1234,5,FlatFaultB,FlatFault-B,30165,36944,117,FlatFaultB:30165
2027,global_train,42,1234,5,FlatFaultB,FlatFault-B,8423,231540,118,FlatFaultB:8423
2027,global_train,42,1234,5,FlatFaultB,FlatFault-B,53921,216575,119,FlatFaultB:53921
2027,global_train,42,1234,5,FlatFaultB,FlatFault-B,18864,218806,120,FlatFaultB:18864
2027,global_train,42,1234,5,FlatFaultB,FlatFault-B,37901,131665,121,FlatFaultB:37901
2027,global_train,42,1234,5,FlatFaultB,FlatFault-B,15718,107852,122,FlatFaultB:15718
2027,global_train,42,1234,5,FlatFaultB,FlatFault-B,52666,124430,123,FlatFaultB:52666
2027,global_train,42,1234,5,FlatFaultB,FlatFault-B,24909,184594,124,FlatFaultB:24909
2027,global_train,42,1234,5,FlatFaultB,FlatFault-B,1814,140525,125,FlatFaultB:1814
2027,global_train,42,1234,5,FlatFaultB,FlatFault-B,50988,193295,126,FlatFaultB:50988
2027,global_train,42,1234,5,FlatFaultB,FlatFault-B,8608,153525,127,FlatFaultB:8608
2027,global_train,42,1234,5,FlatFaultB,FlatFault-B,3694,68864,128,FlatFaultB:3694
2027,global_train,42,1234,5,FlatFaultB,FlatFault-B,15192,197157,129,FlatFaultB:15192
2027,global_train,42,1234,5,FlatFaultB,FlatFault-B,40649,165033,130,FlatFaultB:40649
2027,global_train,42,1234,5,FlatFaultB,FlatFault-B,41171,113029,131,FlatFaultB:41171
2027,global_train,42,1234,5,FlatFaultB,FlatFault-B,32412,12431,132,FlatFaultB:32412
2027,global_train,42,1234,5,FlatFaultB,FlatFault-B,27315,186539,133,FlatFaultB:27315
2027,global_train,42,1234,5,FlatFaultB,FlatFault-B,84,20201,134,FlatFaultB:84
2027,global_train,42,1234,5,FlatFaultB,FlatFault-B,20287,28033,135,FlatFaultB:20287
2027,global_train,42,1234,5,FlatFaultB,FlatFault-B,45733,122580,136,FlatFaultB:45733
2027,global_train,42,1234,5,FlatFaultB,FlatFault-B,47473,125871,137,FlatFaultB:47473
2027,global_train,42,1234,5,FlatFaultB,FlatFault-B,36962,233931,138,FlatFaultB:36962
2027,global_train,42,1234,5,FlatFaultB,FlatFault-B,21970,165628,139,FlatFaultB:21970
2027,global_train,42,1234,5,FlatFaultB,FlatFault-B,40531,159114,140,FlatFaultB:40531
2027,global_train,42,1234,5,FlatFaultB,FlatFault-B,33627,146276,141,FlatFaultB:33627
2027,global_train,42,1234,5,FlatFaultB,FlatFault-B,14275,157388,142,FlatFaultB:14275
2027,global_train,42,1234,5,FlatFaultB,FlatFault-B,4236,124096,143,FlatFaultB:4236
2027,global_train,42,1234,5,FlatFaultB,FlatFault-B,9381,138613,144,FlatFaultB:9381
2027,global_train,42,1234,5,FlatFaultB,FlatFault-B,1908,47262,145,FlatFaultB:1908
2027,global_train,42,1234,5,FlatFaultB,FlatFault-B,11243,126882,146,FlatFaultB:11243
2027,global_train,42,1234,5,FlatFaultB,FlatFault-B,39201,43143,147,FlatFaultB:39201
2027,global_train,42,1234,5,FlatFaultB,FlatFault-B,16224,144068,148,FlatFaultB:16224
2027,global_train,42,1234,5,FlatFaultB,FlatFault-B,47626,50344,149,FlatFaultB:47626
2027,global_train,42,1234,5,FlatFaultB,FlatFault-B,23730,179965,150,FlatFaultB:23730
2027,global_train,42,1234,5,FlatFaultB,FlatFault-B,33810,52075,151,FlatFaultB:33810
2027,global_train,42,1234,5,FlatFaultB,FlatFault-B,10465,144510,152,FlatFaultB:10465
2027,global_train,42,1234,5,FlatFaultB,FlatFault-B,50006,138547,153,FlatFaultB:50006
2027,global_train,42,1234,5,FlatFaultB,FlatFault-B,40350,109683,154,FlatFaultB:40350
2027,global_train,42,1234,5,FlatFaultB,FlatFault-B,37321,121502,155,FlatFaultB:37321
2027,global_train,42,1234,5,FlatFaultB,FlatFault-B,25182,23371,156,FlatFaultB:25182
2027,global_train,42,1234,5,FlatFaultB,FlatFault-B,30752,126421,157,FlatFaultB:30752
2027,global_train,42,1234,5,FlatFaultB,FlatFault-B,35742,23807,158,FlatFaultB:35742
2027,global_train,42,1234,5,FlatFaultB,FlatFault-B,38816,104830,159,FlatFaultB:38816
2027,global_train,42,1234,5,FlatFaultB,FlatFault-B,17173,135009,160,FlatFaultB:17173
2027,global_train,42,1234,5,FlatFaultB,FlatFault-B,17158,166625,161,FlatFaultB:17158
2027,global_train,42,1234,5,FlatFaultB,FlatFault-B,4838,233032,162,FlatFaultB:4838
2027,global_train,42,1234,5,FlatFaultB,FlatFault-B,42929,124970,163,FlatFaultB:42929
2027,global_train,42,1234,5,FlatFaultB,FlatFault-B,26633,148711,164,FlatFaultB:26633
2027,global_train,42,1234,5,FlatFaultB,FlatFault-B,26199,118749,165,FlatFaultB:26199
2027,global_train,42,1234,5,FlatFaultB,FlatFault-B,33626,69982,166,FlatFaultB:33626
2027,global_train,42,1234,5,FlatFaultB,FlatFault-B,40401,163697,167,FlatFaultB:40401
2027,global_train,42,1234,5,FlatFaultB,FlatFault-B,1512,175935,168,FlatFaultB:1512
2027,global_train,42,1234,5,FlatFaultB,FlatFault-B,15283,5793,169,FlatFaultB:15283
2027,global_train,42,1234,5,FlatFaultB,FlatFault-B,2307,27215,170,FlatFaultB:2307
2027,global_train,42,1234,5,FlatFaultB,FlatFault-B,13107,58479,171,FlatFaultB:13107
2027,global_train,42,1234,5,FlatFaultB,FlatFault-B,24755,4841,172,FlatFaultB:24755
2027,global_train,42,1234,5,FlatFaultB,FlatFault-B,3983,187498,173,FlatFaultB:3983
2027,global_train,42,1234,5,FlatFaultB,FlatFault-B,13610,15739,174,FlatFaultB:13610
2027,global_train,42,1234,5,FlatFaultB,FlatFault-B,18604,87703,175,FlatFaultB:18604
2027,global_train,42,1234,5,FlatFaultB,FlatFault-B,42539,98664,176,FlatFaultB:42539
2027,global_train,42,1234,5,FlatFaultB,FlatFault-B,44500,66826,177,FlatFaultB:44500
2027,global_train,42,1234,5,FlatFaultB,FlatFault-B,44050,18153,178,FlatFaultB:44050
2027,global_train,42,1234,5,FlatFaultB,FlatFault-B,50262,36558,179,FlatFaultB:50262
2027,global_train,42,1234,5,FlatFaultB,FlatFault-B,3649,234787,180,FlatFaultB:3649
2027,global_train,42,1234,5,FlatFaultB,FlatFault-B,50633,167584,181,FlatFaultB:50633
2027,global_train,42,1234,5,FlatFaultB,FlatFault-B,2172,32192,182,FlatFaultB:2172
2027,global_train,42,1234,5,FlatFaultB,FlatFault-B,30292,82304,183,FlatFaultB:30292
2027,global_train,42,1234,5,FlatFaultB,FlatFault-B,32082,94233,184,FlatFaultB:32082
2027,global_train,42,1234,5,FlatFaultB,FlatFault-B,50807,39233,185,FlatFaultB:50807
2027,global_train,42,1234,5,FlatFaultB,FlatFault-B,37157,130617,186,FlatFaultB:37157
2027,global_train,42,1234,5,FlatFaultB,FlatFault-B,34464,55066,187,FlatFaultB:34464
2027,global_train,42,1234,5,FlatFaultB,FlatFault-B,41305,41419,188,FlatFaultB:41305
2027,global_train,42,1234,5,FlatFaultB,FlatFault-B,32826,32518,189,FlatFaultB:32826
2027,global_train,42,1234,5,FlatFaultB,FlatFault-B,26536,69998,190,FlatFaultB:26536
2027,global_train,42,1234,5,FlatFaultB,FlatFault-B,10583,135443,191,FlatFaultB:10583
2027,global_train,42,1234,5,FlatFaultB,FlatFault-B,17347,111082,192,FlatFaultB:17347
2027,global_train,42,1234,5,FlatFaultB,FlatFault-B,22667,196697,193,FlatFaultB:22667
2027,global_train,42,1234,5,FlatFaultB,FlatFault-B,22784,135696,194,FlatFaultB:22784
2027,global_train,42,1234,5,FlatFaultB,FlatFault-B,12105,23993,195,FlatFaultB:12105
2027,global_train,42,1234,5,FlatFaultB,FlatFault-B,11088,75203,196,FlatFaultB:11088
2027,global_train,42,1234,5,FlatFaultB,FlatFault-B,28787,137127,197,FlatFaultB:28787
2027,global_train,42,1234,5,FlatFaultB,FlatFault-B,19308,24800,198,FlatFaultB:19308
2027,global_train,42,1234,5,FlatFaultB,FlatFault-B,10037,92396,199,FlatFaultB:10037
2027,global_train,42,1234,5,FlatFaultB,FlatFault-B,39559,176771,200,FlatFaultB:39559
2027,global_train,42,1234,5,FlatFaultB,FlatFault-B,51390,115930,201,FlatFaultB:51390
2027,global_train,42,1234,5,FlatFaultB,FlatFault-B,48439,86550,202,FlatFaultB:48439
2027,global_train,42,1234,5,FlatFaultB,FlatFault-B,20466,198226,203,FlatFaultB:20466
2027,global_train,42,1234,5,FlatFaultB,FlatFault-B,6835,231624,204,FlatFaultB:6835
2027,global_train,42,1234,5,FlatFaultB,FlatFault-B,15746,54619,205,FlatFaultB:15746
2027,global_train,42,1234,5,FlatFaultB,FlatFault-B,11862,36933,206,FlatFaultB:11862
2027,global_train,42,1234,5,FlatFaultB,FlatFault-B,3304,66051,207,FlatFaultB:3304
2027,global_train,42,1234,5,FlatFaultB,FlatFault-B,46089,159368,208,FlatFaultB:46089
2027,global_train,42,1234,5,FlatFaultB,FlatFault-B,13923,78387,209,FlatFaultB:13923
2027,global_train,42,1234,5,FlatFaultB,FlatFault-B,38178,150828,210,FlatFaultB:38178
2027,global_train,42,1234,5,FlatFaultB,FlatFault-B,52367,114507,211,FlatFaultB:52367
2027,global_train,42,1234,5,FlatFaultB,FlatFault-B,14129,193821,212,FlatFaultB:14129
2027,global_train,42,1234,5,FlatFaultB,FlatFault-B,17120,57694,213,FlatFaultB:17120
2027,global_train,42,1234,5,FlatFaultB,FlatFault-B,9791,212947,214,FlatFaultB:9791
2027,global_train,42,1234,5,FlatFaultB,FlatFault-B,19116,49047,215,FlatFaultB:19116
2027,global_train,42,1234,5,FlatFaultB,FlatFault-B,12147,42010,216,FlatFaultB:12147
2027,global_train,42,1234,5,FlatFaultB,FlatFault-B,13540,186634,217,FlatFaultB:13540
2027,global_train,42,1234,5,FlatFaultB,FlatFault-B,7483,10976,218,FlatFaultB:7483
2027,global_train,42,1234,5,FlatFaultB,FlatFault-B,4863,151253,219,FlatFaultB:4863
2027,global_train,42,1234,5,FlatFaultB,FlatFault-B,36775,81693,220,FlatFaultB:36775
2027,global_train,42,1234,5,FlatFaultB,FlatFault-B,47841,218646,221,FlatFaultB:47841
2027,global_train,42,1234,5,FlatFaultB,FlatFault-B,31781,65935,222,FlatFaultB:31781
2027,global_train,42,1234,5,FlatFaultB,FlatFault-B,35953,185765,223,FlatFaultB:35953
2027,global_train,42,1234,5,FlatFaultB,FlatFault-B,36567,32140,224,FlatFaultB:36567
2027,global_train,42,1234,5,FlatFaultB,FlatFault-B,3675,64087,225,FlatFaultB:3675
2027,global_train,42,1234,5,FlatFaultB,FlatFault-B,484,142046,226,FlatFaultB:484
2027,global_train,42,1234,5,FlatFaultB,FlatFault-B,33827,178825,227,FlatFaultB:33827
2027,global_train,42,1234,5,FlatFaultB,FlatFault-B,30768,135408,228,FlatFaultB:30768
2027,global_train,42,1234,5,FlatFaultB,FlatFault-B,46895,213886,229,FlatFaultB:46895
2027,global_train,42,1234,5,FlatFaultB,FlatFault-B,11586,30905,230,FlatFaultB:11586
2027,global_train,42,1234,5,FlatFaultB,FlatFault-B,53387,56875,231,FlatFaultB:53387
2027,global_train,42,1234,5,FlatFaultB,FlatFault-B,2572,28236,232,FlatFaultB:2572
2027,global_train,42,1234,5,FlatFaultB,FlatFault-B,24560,163296,233,FlatFaultB:24560
2027,global_train,42,1234,5,FlatFaultB,FlatFault-B,8782,198981,234,FlatFaultB:8782
2027,global_train,42,1234,5,FlatFaultB,FlatFault-B,49789,49415,235,FlatFaultB:49789
2027,global_train,42,1234,5,FlatFaultB,FlatFault-B,1252,50593,236,FlatFaultB:1252
2027,global_train,42,1234,5,FlatFaultB,FlatFault-B,18739,118719,237,FlatFaultB:18739
2027,global_train,42,1234,5,FlatFaultB,FlatFault-B,18463,157573,238,FlatFaultB:18463
2027,global_train,42,1234,5,FlatFaultB,FlatFault-B,26088,185905,239,FlatFaultB:26088
2027,global_train,42,1234,5,FlatFaultB,FlatFault-B,75,42025,240,FlatFaultB:75
2027,global_train,42,1234,5,FlatFaultB,FlatFault-B,7706,137868,241,FlatFaultB:7706
2027,global_train,42,1234,5,FlatFaultB,FlatFault-B,6858,57567,242,FlatFaultB:6858
2027,global_train,42,1234,5,FlatFaultB,FlatFault-B,22126,146089,243,FlatFaultB:22126
2027,global_train,42,1234,5,FlatFaultB,FlatFault-B,28762,2197,244,FlatFaultB:28762
2027,global_train,42,1234,5,FlatFaultB,FlatFault-B,29941,33166,245,FlatFaultB:29941
2027,global_train,42,1234,5,FlatFaultB,FlatFault-B,43617,193939,246,FlatFaultB:43617
2027,global_train,42,1234,5,FlatFaultB,FlatFault-B,14554,169539,247,FlatFaultB:14554
2027,global_train,42,1234,5,FlatFaultB,FlatFault-B,19828,23773,248,FlatFaultB:19828
2027,global_train,42,1234,5,FlatFaultB,FlatFault-B,4132,65166,249,FlatFaultB:4132
2027,global_train,42,1234,5,FlatFaultB,FlatFault-B,28443,224126,250,FlatFaultB:28443
2027,global_train,42,1234,5,FlatFaultB,FlatFault-B,20277,114985,251,FlatFaultB:20277
2027,global_train,42,1234,5,FlatFaultB,FlatFault-B,15820,127474,252,FlatFaultB:15820
2027,global_train,42,1234,5,FlatFaultB,FlatFault-B,2791,46981,253,FlatFaultB:2791
2027,global_train,42,1234,5,FlatFaultB,FlatFault-B,4810,197283,254,FlatFaultB:4810
2027,global_train,42,1234,5,FlatFaultB,FlatFault-B,10338,156795,255,FlatFaultB:10338
2027,global_train,42,1234,5,FlatFaultB,FlatFault-B,16626,129683,256,FlatFaultB:16626
2027,global_train,42,1234,5,FlatFaultB,FlatFault-B,53361,85228,257,FlatFaultB:53361
2027,global_train,42,1234,5,FlatFaultB,FlatFault-B,27823,196103,258,FlatFaultB:27823
2027,global_train,42,1234,5,FlatFaultB,FlatFault-B,23486,192715,259,FlatFaultB:23486
2027,global_train,42,1234,5,FlatFaultB,FlatFault-B,45926,211984,260,FlatFaultB:45926
2027,global_train,42,1234,5,FlatFaultB,FlatFault-B,48737,211028,261,FlatFaultB:48737
2027,global_train,42,1234,5,FlatFaultB,FlatFault-B,11960,147713,262,FlatFaultB:11960
2027,global_train,42,1234,5,FlatFaultB,FlatFault-B,12506,213439,263,FlatFaultB:12506
2027,global_train,42,1234,5,FlatFaultB,FlatFault-B,29446,189731,264,FlatFaultB:29446
2027,global_train,42,1234,5,FlatFaultB,FlatFault-B,20138,232536,265,FlatFaultB:20138
2027,global_train,42,1234,5,FlatFaultB,FlatFault-B,13770,142119,266,FlatFaultB:13770
2027,global_train,42,1234,5,FlatFaultB,FlatFault-B,23574,12911,267,FlatFaultB:23574
2027,global_train,42,1234,5,FlatFaultB,FlatFault-B,24523,210114,268,FlatFaultB:24523
2027,global_train,42,1234,5,FlatFaultB,FlatFault-B,13959,182690,269,FlatFaultB:13959
2027,global_train,42,1234,5,FlatFaultB,FlatFault-B,34179,46832,270,FlatFaultB:34179
2027,global_train,42,1234,5,FlatFaultB,FlatFault-B,42434,151331,271,FlatFaultB:42434
2027,global_train,42,1234,5,FlatFaultB,FlatFault-B,24384,226468,272,FlatFaultB:24384
2027,global_train,42,1234,5,FlatFaultB,FlatFault-B,48538,43747,273,FlatFaultB:48538
2027,global_train,42,1234,5,FlatFaultB,FlatFault-B,25690,134470,274,FlatFaultB:25690
2027,global_train,42,1234,5,FlatFaultB,FlatFault-B,53250,59008,275,FlatFaultB:53250
2027,global_train,42,1234,5,FlatFaultB,FlatFault-B,18845,85156,276,FlatFaultB:18845
2027,global_train,42,1234,5,FlatFaultB,FlatFault-B,4003,78832,277,FlatFaultB:4003
2027,global_train,42,1234,5,FlatFaultB,FlatFault-B,19781,16124,278,FlatFaultB:19781
2027,global_train,42,1234,5,FlatFaultB,FlatFault-B,2186,45663,279,FlatFaultB:2186
2027,global_train,42,1234,5,FlatFaultB,FlatFault-B,50714,71490,280,FlatFaultB:50714
2027,global_train,42,1234,5,FlatFaultB,FlatFault-B,47808,139364,281,FlatFaultB:47808
2027,global_train,42,1234,5,FlatFaultB,FlatFault-B,1028,38303,282,FlatFaultB:1028
2027,global_train,42,1234,5,FlatFaultB,FlatFault-B,31377,175410,283,FlatFaultB:31377
2027,global_train,42,1234,5,FlatFaultB,FlatFault-B,49794,29822,284,FlatFaultB:49794
2027,global_train,42,1234,5,FlatFaultB,FlatFault-B,40579,122713,285,FlatFaultB:40579
2027,global_train,42,1234,5,FlatFaultB,FlatFault-B,47157,191132,286,FlatFaultB:47157
2027,global_train,42,1234,5,FlatFaultB,FlatFault-B,22882,211902,287,FlatFaultB:22882
2027,global_train,42,1234,5,FlatFaultB,FlatFault-B,21121,222109,288,FlatFaultB:21121
2027,global_train,42,1234,5,FlatFaultB,FlatFault-B,34510,50705,289,FlatFaultB:34510
2027,global_train,42,1234,5,FlatFaultB,FlatFault-B,49553,65840,290,FlatFaultB:49553
2027,global_train,42,1234,5,FlatFaultB,FlatFault-B,47024,197974,291,FlatFaultB:47024
2027,global_train,42,1234,5,FlatFaultB,FlatFault-B,11678,149050,292,FlatFaultB:11678
2027,global_train,42,1234,5,FlatFaultB,FlatFault-B,36850,165086,293,FlatFaultB:36850
2027,global_train,42,1234,5,FlatFaultB,FlatFault-B,770,196958,294,FlatFaultB:770
2027,global_train,42,1234,5,FlatFaultB,FlatFault-B,46453,28305,295,FlatFaultB:46453
2027,global_train,42,1234,5,FlatFaultB,FlatFault-B,12280,154297,296,FlatFaultB:12280
2027,global_train,42,1234,5,FlatFaultB,FlatFault-B,33453,65717,297,FlatFaultB:33453
2027,global_train,42,1234,5,FlatFaultB,FlatFault-B,47206,217103,298,FlatFaultB:47206
2027,global_train,42,1234,5,FlatFaultB,FlatFault-B,41972,24744,299,FlatFaultB:41972
2027,global_train,42,1234,5,FlatFaultB,FlatFault-B,4078,38329,300,FlatFaultB:4078
2027,global_train,42,1234,5,FlatFaultB,FlatFault-B,30497,195666,301,FlatFaultB:30497
2027,global_train,42,1234,5,FlatFaultB,FlatFault-B,2287,230573,302,FlatFaultB:2287
2027,global_train,42,1234,5,FlatFaultB,FlatFault-B,14767,159206,303,FlatFaultB:14767
2027,global_train,42,1234,5,FlatFaultB,FlatFault-B,36556,23428,304,FlatFaultB:36556
2027,global_train,42,1234,5,FlatFaultB,FlatFault-B,5087,125949,305,FlatFaultB:5087
2027,global_train,42,1234,5,FlatFaultB,FlatFault-B,39262,157602,306,FlatFaultB:39262
2027,global_train,42,1234,5,FlatFaultB,FlatFault-B,47448,232660,307,FlatFaultB:47448
2027,global_train,42,1234,5,FlatFaultB,FlatFault-B,28329,9059,308,FlatFaultB:28329
2027,global_train,42,1234,5,FlatFaultB,FlatFault-B,19645,53387,309,FlatFaultB:19645
2027,global_train,42,1234,5,FlatFaultB,FlatFault-B,19181,129751,310,FlatFaultB:19181
2027,global_train,42,1234,5,FlatFaultB,FlatFault-B,33789,76242,311,FlatFaultB:33789
2027,global_train,42,1234,5,FlatFaultB,FlatFault-B,40069,12626,312,FlatFaultB:40069
2027,global_train,42,1234,5,FlatFaultB,FlatFault-B,36664,23152,313,FlatFaultB:36664
2027,global_train,42,1234,5,FlatFaultB,FlatFault-B,51382,30190,314,FlatFaultB:51382
2027,global_train,42,1234,5,FlatFaultB,FlatFault-B,7035,222718,315,FlatFaultB:7035
2027,global_train,42,1234,5,FlatFaultB,FlatFault-B,49363,85390,316,FlatFaultB:49363
2027,global_train,42,1234,5,FlatFaultB,FlatFault-B,5722,225171,317,FlatFaultB:5722
2027,global_train,42,1234,5,FlatFaultB,FlatFault-B,40227,126931,318,FlatFaultB:40227
2027,global_train,42,1234,5,FlatFaultB,FlatFault-B,630,170494,319,FlatFaultB:630
2027,global_train,42,1234,5,FlatFaultB,FlatFault-B,11878,28469,320,FlatFaultB:11878
2027,global_train,42,1234,5,FlatFaultB,FlatFault-B,17526,167277,321,FlatFaultB:17526
2027,global_train,42,1234,5,FlatFaultB,FlatFault-B,22496,108695,322,FlatFaultB:22496
2027,global_train,42,1234,5,FlatFaultB,FlatFault-B,14775,125805,323,FlatFaultB:14775
2027,global_train,42,1234,5,FlatFaultB,FlatFault-B,32894,45877,324,FlatFaultB:32894
2027,global_train,42,1234,5,FlatFaultB,FlatFault-B,12621,107261,325,FlatFaultB:12621
2027,global_train,42,1234,5,FlatFaultB,FlatFault-B,31451,63243,326,FlatFaultB:31451
2027,global_train,42,1234,5,FlatFaultB,FlatFault-B,33011,186628,327,FlatFaultB:33011
2027,global_train,42,1234,5,FlatFaultB,FlatFault-B,15827,91737,328,FlatFaultB:15827
2027,global_train,42,1234,5,FlatFaultB,FlatFault-B,30439,229013,329,FlatFaultB:30439
2027,global_train,42,1234,5,FlatFaultB,FlatFault-B,24584,160159,330,FlatFaultB:24584
2027,global_train,42,1234,5,FlatFaultB,FlatFault-B,5481,62727,331,FlatFaultB:5481
2027,global_train,42,1234,5,FlatFaultB,FlatFault-B,27604,30094,332,FlatFaultB:27604
2027,global_train,42,1234,5,FlatFaultB,FlatFault-B,53304,205287,333,FlatFaultB:53304
2027,global_train,42,1234,5,FlatFaultB,FlatFault-B,10520,118265,334,FlatFaultB:10520
2027,global_train,42,1234,5,FlatFaultB,FlatFault-B,2603,185002,335,FlatFaultB:2603
2027,global_train,42,1234,5,FlatFaultB,FlatFault-B,41742,148621,336,FlatFaultB:41742
2027,global_train,42,1234,5,FlatFaultB,FlatFault-B,41661,199252,337,FlatFaultB:41661
2027,global_train,42,1234,5,FlatFaultB,FlatFault-B,2382,15064,338,FlatFaultB:2382
2027,global_train,42,1234,5,FlatFaultB,FlatFault-B,8576,31946,339,FlatFaultB:8576
2027,global_train,42,1234,5,FlatFaultB,FlatFault-B,37473,148228,340,FlatFaultB:37473
2027,global_train,42,1234,5,FlatFaultB,FlatFault-B,20538,130995,341,FlatFaultB:20538
2027,global_train,42,1234,5,FlatFaultB,FlatFault-B,39917,24694,342,FlatFaultB:39917
2027,global_train,42,1234,5,FlatFaultB,FlatFault-B,52204,37031,343,FlatFaultB:52204
2027,global_train,42,1234,5,FlatFaultB,FlatFault-B,208,8556,344,FlatFaultB:208
2027,global_train,42,1234,5,FlatFaultB,FlatFault-B,47781,162534,345,FlatFaultB:47781
2027,global_train,42,1234,5,FlatFaultB,FlatFault-B,49598,100335,346,FlatFaultB:49598
2027,global_train,42,1234,5,FlatFaultB,FlatFault-B,7527,101572,347,FlatFaultB:7527
2027,global_train,42,1234,5,FlatFaultB,FlatFault-B,17627,103716,348,FlatFaultB:17627
2027,global_train,42,1234,5,FlatFaultB,FlatFault-B,16755,165023,349,FlatFaultB:16755
2027,global_train,42,1234,5,FlatFaultB,FlatFault-B,53933,25088,350,FlatFaultB:53933
2027,global_train,42,1234,5,FlatFaultB,FlatFault-B,43328,189192,351,FlatFaultB:43328
2027,global_train,42,1234,5,FlatFaultB,FlatFault-B,40235,98176,352,FlatFaultB:40235
2027,global_train,42,1234,5,FlatFaultB,FlatFault-B,7119,124563,353,FlatFaultB:7119
2027,global_train,42,1234,5,FlatFaultB,FlatFault-B,31057,121087,354,FlatFaultB:31057
2027,global_train,42,1234,5,FlatFaultB,FlatFault-B,35477,97876,355,FlatFaultB:35477
2027,global_train,42,1234,5,FlatFaultB,FlatFault-B,39989,52554,356,FlatFaultB:39989
2027,global_train,42,1234,5,FlatFaultB,FlatFault-B,21680,176728,357,FlatFaultB:21680
2027,global_train,42,1234,5,FlatFaultB,FlatFault-B,34094,60746,358,FlatFaultB:34094
2027,global_train,42,1234,5,FlatFaultB,FlatFault-B,52318,4976,359,FlatFaultB:52318
2027,global_train,42,1234,5,FlatFaultB,FlatFault-B,39558,17865,360,FlatFaultB:39558
2027,global_train,42,1234,5,FlatFaultB,FlatFault-B,48316,193202,361,FlatFaultB:48316
2027,global_train,42,1234,5,FlatFaultB,FlatFault-B,37642,29897,362,FlatFaultB:37642
2027,global_train,42,1234,5,FlatFaultB,FlatFault-B,6872,145996,363,FlatFaultB:6872
2027,global_train,42,1234,5,FlatFaultB,FlatFault-B,53293,222632,364,FlatFaultB:53293
2027,global_train,42,1234,5,FlatFaultB,FlatFault-B,15047,205672,365,FlatFaultB:15047
2027,global_train,42,1234,5,FlatFaultB,FlatFault-B,18695,165290,366,FlatFaultB:18695
2027,global_train,42,1234,5,FlatFaultB,FlatFault-B,32725,17563,367,FlatFaultB:32725
2027,global_train,42,1234,5,FlatFaultB,FlatFault-B,30375,87895,368,FlatFaultB:30375
2027,global_train,42,1234,5,FlatFaultB,FlatFault-B,23689,199815,369,FlatFaultB:23689
2027,global_train,42,1234,5,FlatFaultB,FlatFault-B,88,223399,370,FlatFaultB:88
2027,global_train,42,1234,5,FlatFaultB,FlatFault-B,30012,109109,371,FlatFaultB:30012
2027,global_train,42,1234,5,FlatFaultB,FlatFault-B,14417,176715,372,FlatFaultB:14417
2027,global_train,42,1234,5,FlatFaultB,FlatFault-B,22164,111101,373,FlatFaultB:22164
2027,global_train,42,1234,5,FlatFaultB,FlatFault-B,17115,205757,374,FlatFaultB:17115
2027,global_train,42,1234,5,FlatFaultB,FlatFault-B,34753,186056,375,FlatFaultB:34753
2027,global_train,42,1234,5,FlatFaultB,FlatFault-B,5394,148351,376,FlatFaultB:5394
2027,global_train,42,1234,5,FlatFaultB,FlatFault-B,50752,84859,377,FlatFaultB:50752
2027,global_train,42,1234,5,FlatFaultB,FlatFault-B,40923,12641,378,FlatFaultB:40923
2027,global_train,42,1234,5,FlatFaultB,FlatFault-B,37252,5462,379,FlatFaultB:37252
2027,global_train,42,1234,5,FlatFaultB,FlatFault-B,52374,189091,380,FlatFaultB:52374
2027,global_train,42,1234,5,FlatFaultB,FlatFault-B,23839,93519,381,FlatFaultB:23839
2027,global_train,42,1234,5,FlatFaultB,FlatFault-B,12186,64434,382,FlatFaultB:12186
2027,global_train,42,1234,5,FlatFaultB,FlatFault-B,46490,60167,383,FlatFaultB:46490
2027,global_train,42,1234,5,FlatFaultB,FlatFault-B,51959,151983,384,FlatFaultB:51959
2027,global_train,42,1234,5,FlatFaultB,FlatFault-B,19412,76046,385,FlatFaultB:19412
2027,global_train,42,1234,5,FlatFaultB,FlatFault-B,9435,163117,386,FlatFaultB:9435
2027,global_train,42,1234,5,FlatFaultB,FlatFault-B,36724,58022,387,FlatFaultB:36724
2027,global_train,42,1234,5,FlatFaultB,FlatFault-B,3403,49490,388,FlatFaultB:3403
2027,global_train,42,1234,5,FlatFaultB,FlatFault-B,33205,43434,389,FlatFaultB:33205
2027,global_train,42,1234,5,FlatFaultB,FlatFault-B,30750,19826,390,FlatFaultB:30750
2027,global_train,42,1234,5,FlatFaultB,FlatFault-B,13459,180518,391,FlatFaultB:13459
2027,global_train,42,1234,5,FlatFaultB,FlatFault-B,26191,32471,392,FlatFaultB:26191
2027,global_train,42,1234,5,FlatFaultB,FlatFault-B,25763,82283,393,FlatFaultB:25763
2027,global_train,42,1234,5,FlatFaultB,FlatFault-B,42820,163145,394,FlatFaultB:42820
2027,global_train,42,1234,5,FlatFaultB,FlatFault-B,53607,33403,395,FlatFaultB:53607
2027,global_train,42,1234,5,FlatFaultB,FlatFault-B,30927,69092,396,FlatFaultB:30927
2027,global_train,42,1234,5,FlatFaultB,FlatFault-B,6926,167783,397,FlatFaultB:6926
2027,global_train,42,1234,5,FlatFaultB,FlatFault-B,1601,80937,398,FlatFaultB:1601
2027,global_train,42,1234,5,FlatFaultB,FlatFault-B,27210,117955,399,FlatFaultB:27210
2027,global_train,42,1234,5,FlatFaultB,FlatFault-B,7913,143027,400,FlatFaultB:7913
2027,global_train,42,1234,5,FlatFaultB,FlatFault-B,5768,57977,401,FlatFaultB:5768
2027,global_train,42,1234,5,FlatFaultB,FlatFault-B,50165,51874,402,FlatFaultB:50165
2027,global_train,42,1234,5,FlatFaultB,FlatFault-B,43984,178255,403,FlatFaultB:43984
2027,global_train,42,1234,5,FlatFaultB,FlatFault-B,32418,135928,404,FlatFaultB:32418
2027,global_train,42,1234,5,FlatFaultB,FlatFault-B,20254,87692,405,FlatFaultB:20254
2027,global_train,42,1234,5,FlatFaultB,FlatFault-B,15624,171126,406,FlatFaultB:15624
2027,global_train,42,1234,5,FlatFaultB,FlatFault-B,21346,116270,407,FlatFaultB:21346
2027,global_train,42,1234,5,FlatFaultB,FlatFault-B,18108,59729,408,FlatFaultB:18108
2027,global_train,42,1234,5,FlatFaultB,FlatFault-B,27900,138977,409,FlatFaultB:27900
2027,global_train,42,1234,5,FlatFaultB,FlatFault-B,11406,212619,410,FlatFaultB:11406
2027,global_train,42,1234,5,FlatFaultB,FlatFault-B,8465,103207,411,FlatFaultB:8465
2027,global_train,42,1234,5,FlatFaultB,FlatFault-B,10589,112004,412,FlatFaultB:10589
2027,global_train,42,1234,5,FlatFaultB,FlatFault-B,36534,71930,413,FlatFaultB:36534
2027,global_train,42,1234,5,FlatFaultB,FlatFault-B,13306,50606,414,FlatFaultB:13306
2027,global_train,42,1234,5,FlatFaultB,FlatFault-B,24108,162226,415,FlatFaultB:24108
2027,global_train,42,1234,5,FlatFaultB,FlatFault-B,43197,190187,416,FlatFaultB:43197
2027,global_train,42,1234,5,FlatFaultB,FlatFault-B,36687,195662,417,FlatFaultB:36687
2027,global_train,42,1234,5,FlatFaultB,FlatFault-B,13863,175092,418,FlatFaultB:13863
2027,global_train,42,1234,5,FlatFaultB,FlatFault-B,30862,62286,419,FlatFaultB:30862
2027,global_train,42,1234,5,FlatFaultB,FlatFault-B,33770,1080,420,FlatFaultB:33770
2027,global_train,42,1234,5,FlatFaultB,FlatFault-B,11124,53019,421,FlatFaultB:11124
2027,global_train,42,1234,5,FlatFaultB,FlatFault-B,4517,112492,422,FlatFaultB:4517
2027,global_train,42,1234,5,FlatFaultB,FlatFault-B,44320,234152,423,FlatFaultB:44320
2027,global_train,42,1234,5,FlatFaultB,FlatFault-B,26027,12498,424,FlatFaultB:26027
2027,global_train,42,1234,5,FlatFaultB,FlatFault-B,27834,227171,425,FlatFaultB:27834
2027,global_train,42,1234,5,FlatFaultB,FlatFault-B,18493,35321,426,FlatFaultB:18493
2027,global_train,42,1234,5,FlatFaultB,FlatFault-B,53380,114574,427,FlatFaultB:53380
2027,global_train,42,1234,5,FlatFaultB,FlatFault-B,33711,66954,428,FlatFaultB:33711
2027,global_train,42,1234,5,FlatFaultB,FlatFault-B,697,232770,429,FlatFaultB:697
2027,global_train,42,1234,5,FlatFaultB,FlatFault-B,31610,180239,430,FlatFaultB:31610
2027,global_train,42,1234,5,FlatFaultB,FlatFault-B,47107,40884,431,FlatFaultB:47107
2027,global_train,42,1234,5,FlatFaultB,FlatFault-B,35234,211847,432,FlatFaultB:35234
2027,global_train,42,1234,5,FlatFaultB,FlatFault-B,28317,216404,433,FlatFaultB:28317
2027,global_train,42,1234,5,FlatFaultB,FlatFault-B,17076,91023,434,FlatFaultB:17076
2027,global_train,42,1234,5,FlatFaultB,FlatFault-B,16441,152949,435,FlatFaultB:16441
2027,global_train,42,1234,5,FlatFaultB,FlatFault-B,53217,180653,436,FlatFaultB:53217
2027,global_train,42,1234,5,FlatFaultB,FlatFault-B,4593,81229,437,FlatFaultB:4593
2027,global_train,42,1234,5,FlatFaultB,FlatFault-B,17298,198762,438,FlatFaultB:17298
2027,global_train,42,1234,5,FlatFaultB,FlatFault-B,25077,189983,439,FlatFaultB:25077
2027,global_train,42,1234,5,FlatFaultB,FlatFault-B,44641,206425,440,FlatFaultB:44641
2027,global_train,42,1234,5,FlatFaultB,FlatFault-B,16691,4373,441,FlatFaultB:16691
2027,global_train,42,1234,5,FlatFaultB,FlatFault-B,41866,140213,442,FlatFaultB:41866
2027,global_train,42,1234,5,FlatFaultB,FlatFault-B,31242,58004,443,FlatFaultB:31242
2027,global_train,42,1234,5,FlatFaultB,FlatFault-B,29710,58616,444,FlatFaultB:29710
2027,global_train,42,1234,5,FlatFaultB,FlatFault-B,26620,215328,445,FlatFaultB:26620
2027,global_train,42,1234,5,FlatFaultB,FlatFault-B,8766,45892,446,FlatFaultB:8766
2027,global_train,42,1234,5,FlatFaultB,FlatFault-B,30458,39076,447,FlatFaultB:30458
2027,global_train,42,1234,5,FlatFaultB,FlatFault-B,50630,185596,448,FlatFaultB:50630
2027,global_train,42,1234,5,FlatFaultB,FlatFault-B,30432,229686,449,FlatFaultB:30432
2027,global_train,42,1234,5,FlatFaultB,FlatFault-B,38732,37532,450,FlatFaultB:38732
2027,global_train,42,1234,5,FlatFaultB,FlatFault-B,42196,101841,451,FlatFaultB:42196
2027,global_train,42,1234,5,FlatFaultB,FlatFault-B,11778,157742,452,FlatFaultB:11778
2027,global_train,42,1234,5,FlatFaultB,FlatFault-B,2489,21265,453,FlatFaultB:2489
2027,global_train,42,1234,5,FlatFaultB,FlatFault-B,33053,16710,454,FlatFaultB:33053
2027,global_train,42,1234,5,FlatFaultB,FlatFault-B,31884,42130,455,FlatFaultB:31884
2027,global_train,42,1234,5,FlatFaultB,FlatFault-B,44096,50823,456,FlatFaultB:44096
2027,global_train,42,1234,5,FlatFaultB,FlatFault-B,9981,66096,457,FlatFaultB:9981
2027,global_train,42,1234,5,FlatFaultB,FlatFault-B,9802,177160,458,FlatFaultB:9802
2027,global_train,42,1234,5,FlatFaultB,FlatFault-B,47861,98519,459,FlatFaultB:47861
2027,global_train,42,1234,5,FlatFaultB,FlatFault-B,47802,203131,460,FlatFaultB:47802
2027,global_train,42,1234,5,FlatFaultB,FlatFault-B,45803,66685,461,FlatFaultB:45803
2027,global_train,42,1234,5,FlatFaultB,FlatFault-B,6489,65733,462,FlatFaultB:6489
2027,global_train,42,1234,5,FlatFaultB,FlatFault-B,45352,230201,463,FlatFaultB:45352
2027,global_train,42,1234,5,FlatFaultB,FlatFault-B,26576,205589,464,FlatFaultB:26576
2027,global_train,42,1234,5,FlatFaultB,FlatFault-B,46027,144221,465,FlatFaultB:46027
2027,global_train,42,1234,5,FlatFaultB,FlatFault-B,46725,26484,466,FlatFaultB:46725
2027,global_train,42,1234,5,FlatFaultB,FlatFault-B,38766,43467,467,FlatFaultB:38766
2027,global_train,42,1234,5,FlatFaultB,FlatFault-B,19094,42306,468,FlatFaultB:19094
2027,global_train,42,1234,5,FlatFaultB,FlatFault-B,14657,191965,469,FlatFaultB:14657
2027,global_train,42,1234,5,FlatFaultB,FlatFault-B,20312,212853,470,FlatFaultB:20312
2027,global_train,42,1234,5,FlatFaultB,FlatFault-B,20902,198893,471,FlatFaultB:20902
2027,global_train,42,1234,5,FlatFaultB,FlatFault-B,44072,130204,472,FlatFaultB:44072
2027,global_train,42,1234,5,FlatFaultB,FlatFault-B,34752,189968,473,FlatFaultB:34752
2027,global_train,42,1234,5,FlatFaultB,FlatFault-B,17168,64513,474,FlatFaultB:17168
2027,global_train,42,1234,5,FlatFaultB,FlatFault-B,26646,227811,475,FlatFaultB:26646
2027,global_train,42,1234,5,FlatFaultB,FlatFault-B,2083,207961,476,FlatFaultB:2083
2027,global_train,42,1234,5,FlatFaultB,FlatFault-B,16200,124042,477,FlatFaultB:16200
2027,global_train,42,1234,5,FlatFaultB,FlatFault-B,25358,232632,478,FlatFaultB:25358
2027,global_train,42,1234,5,FlatFaultB,FlatFault-B,53543,80889,479,FlatFaultB:53543
2027,global_train,42,1234,5,FlatFaultB,FlatFault-B,23593,197228,480,FlatFaultB:23593
2027,global_train,42,1234,5,FlatFaultB,FlatFault-B,15008,133353,481,FlatFaultB:15008
2027,global_train,42,1234,5,FlatFaultB,FlatFault-B,36445,111526,482,FlatFaultB:36445
2027,global_train,42,1234,5,FlatFaultB,FlatFault-B,44134,25185,483,FlatFaultB:44134
2027,global_train,42,1234,5,FlatFaultB,FlatFault-B,7912,109947,484,FlatFaultB:7912
2027,global_train,42,1234,5,FlatFaultB,FlatFault-B,41677,72127,485,FlatFaultB:41677
2027,global_train,42,1234,5,FlatFaultB,FlatFault-B,38239,218945,486,FlatFaultB:38239
2027,global_train,42,1234,5,FlatFaultB,FlatFault-B,7249,128373,487,FlatFaultB:7249
2027,global_train,42,1234,5,FlatFaultB,FlatFault-B,13400,106743,488,FlatFaultB:13400
2027,global_train,42,1234,5,FlatFaultB,FlatFault-B,13432,105518,489,FlatFaultB:13432
2027,global_train,42,1234,5,FlatFaultB,FlatFault-B,47865,185817,490,FlatFaultB:47865
2027,global_train,42,1234,5,FlatFaultB,FlatFault-B,23690,181503,491,FlatFaultB:23690
2027,global_train,42,1234,5,FlatFaultB,FlatFault-B,53469,104310,492,FlatFaultB:53469
2027,global_train,42,1234,5,FlatFaultB,FlatFault-B,19350,19870,493,FlatFaultB:19350
2027,global_train,42,1234,5,FlatFaultB,FlatFault-B,36334,217498,494,FlatFaultB:36334
2027,global_train,42,1234,5,FlatFaultB,FlatFault-B,9473,33600,495,FlatFaultB:9473
2027,global_train,42,1234,5,FlatFaultB,FlatFault-B,32869,78160,496,FlatFaultB:32869
2027,global_train,42,1234,5,FlatFaultB,FlatFault-B,5484,156316,497,FlatFaultB:5484
2027,global_train,42,1234,5,FlatFaultB,FlatFault-B,47520,32013,498,FlatFaultB:47520
2027,global_train,42,1234,5,FlatFaultB,FlatFault-B,42979,164594,499,FlatFaultB:42979
2027,global_train,42,1234,5,FlatFaultB,FlatFault-B,15325,172579,500,FlatFaultB:15325
2027,global_train,42,1234,5,FlatFaultB,FlatFault-B,13889,99938,501,FlatFaultB:13889
2027,global_train,42,1234,5,FlatFaultB,FlatFault-B,40331,85001,502,FlatFaultB:40331
2027,global_train,42,1234,5,FlatFaultB,FlatFault-B,41359,74188,503,FlatFaultB:41359
2027,global_train,42,1234,5,FlatFaultB,FlatFault-B,38904,150293,504,FlatFaultB:38904
2027,global_train,42,1234,5,FlatFaultB,FlatFault-B,36225,123782,505,FlatFaultB:36225
2027,global_train,42,1234,5,FlatFaultB,FlatFault-B,22115,184242,506,FlatFaultB:22115
2027,global_train,42,1234,5,FlatFaultB,FlatFault-B,44356,200144,507,FlatFaultB:44356
2027,global_train,42,1234,5,FlatFaultB,FlatFault-B,18180,48064,508,FlatFaultB:18180
2027,global_train,42,1234,5,FlatFaultB,FlatFault-B,15515,233413,509,FlatFaultB:15515
2027,global_train,42,1234,5,FlatFaultB,FlatFault-B,18111,20115,510,FlatFaultB:18111
2027,global_train,42,1234,5,FlatFaultB,FlatFault-B,27954,60676,511,FlatFaultB:27954
2027,global_train,42,1234,5,FlatFaultB,FlatFault-B,23685,224189,512,FlatFaultB:23685
2027,global_train,42,1234,5,FlatFaultB,FlatFault-B,19823,171225,513,FlatFaultB:19823
2027,global_train,42,1234,5,FlatFaultB,FlatFault-B,21009,117057,514,FlatFaultB:21009
2027,global_train,42,1234,5,FlatFaultB,FlatFault-B,17238,112218,515,FlatFaultB:17238
2027,global_train,42,1234,5,FlatFaultB,FlatFault-B,33597,103593,516,FlatFaultB:33597
2027,global_train,42,1234,5,FlatFaultB,FlatFault-B,19745,70137,517,FlatFaultB:19745
2027,global_train,42,1234,5,FlatFaultB,FlatFault-B,12091,120392,518,FlatFaultB:12091
2027,global_train,42,1234,5,FlatFaultB,FlatFault-B,10058,234221,519,FlatFaultB:10058
2027,global_train,42,1234,5,FlatFaultB,FlatFault-B,7394,7035,520,FlatFaultB:7394
2027,global_train,42,1234,5,FlatFaultB,FlatFault-B,1686,22891,521,FlatFaultB:1686
2027,global_train,42,1234,5,FlatFaultB,FlatFault-B,17812,32420,522,FlatFaultB:17812
2027,global_train,42,1234,5,FlatFaultB,FlatFault-B,23094,43741,523,FlatFaultB:23094
2027,global_train,42,1234,5,FlatFaultB,FlatFault-B,40464,142448,524,FlatFaultB:40464
2027,global_train,42,1234,5,FlatFaultB,FlatFault-B,15036,95039,525,FlatFaultB:15036
2027,global_train,42,1234,5,FlatFaultB,FlatFault-B,44625,40065,526,FlatFaultB:44625
2027,global_train,42,1234,5,FlatFaultB,FlatFault-B,10326,192935,527,FlatFaultB:10326
2027,global_train,42,1234,5,FlatFaultB,FlatFault-B,49646,31965,528,FlatFaultB:49646
2027,global_train,42,1234,5,FlatFaultB,FlatFault-B,47215,54085,529,FlatFaultB:47215
2027,global_train,42,1234,5,FlatFaultB,FlatFault-B,49289,4395,530,FlatFaultB:49289
2027,global_train,42,1234,5,FlatFaultB,FlatFault-B,19017,65158,531,FlatFaultB:19017
2027,global_train,42,1234,5,FlatFaultB,FlatFault-B,13586,177044,532,FlatFaultB:13586
2027,global_train,42,1234,5,FlatFaultB,FlatFault-B,32420,201120,533,FlatFaultB:32420
2027,global_train,42,1234,5,FlatFaultB,FlatFault-B,29442,104021,534,FlatFaultB:29442
2027,global_train,42,1234,5,FlatFaultB,FlatFault-B,27140,104340,535,FlatFaultB:27140
2027,global_train,42,1234,5,FlatFaultB,FlatFault-B,45828,90045,536,FlatFaultB:45828
2027,global_train,42,1234,5,FlatFaultB,FlatFault-B,36408,215032,537,FlatFaultB:36408
2027,global_train,42,1234,5,FlatFaultB,FlatFault-B,22282,190180,538,FlatFaultB:22282
2027,global_train,42,1234,5,FlatFaultB,FlatFault-B,21506,180439,539,FlatFaultB:21506
2027,global_train,42,1234,5,FlatFaultB,FlatFault-B,8421,46373,540,FlatFaultB:8421
2027,global_train,42,1234,5,FlatFaultB,FlatFault-B,51110,203065,541,FlatFaultB:51110
2027,global_train,42,1234,5,FlatFaultB,FlatFault-B,13523,185173,542,FlatFaultB:13523
2027,global_train,42,1234,5,FlatFaultB,FlatFault-B,52216,174614,543,FlatFaultB:52216
2027,global_train,42,1234,5,FlatFaultB,FlatFault-B,177,189171,544,FlatFaultB:177
2027,global_train,42,1234,5,FlatFaultB,FlatFault-B,47511,122019,545,FlatFaultB:47511
2027,global_train,42,1234,5,FlatFaultB,FlatFault-B,1226,169879,546,FlatFaultB:1226
2027,global_train,42,1234,5,FlatFaultB,FlatFault-B,14336,127389,547,FlatFaultB:14336
2027,global_train,42,1234,5,FlatFaultB,FlatFault-B,12120,161844,548,FlatFaultB:12120
2027,global_train,42,1234,5,FlatFaultB,FlatFault-B,18236,82371,549,FlatFaultB:18236
2027,global_train,42,1234,5,FlatFaultB,FlatFault-B,11455,122693,550,FlatFaultB:11455
2027,global_train,42,1234,5,FlatFaultB,FlatFault-B,29119,164807,551,FlatFaultB:29119
2027,global_train,42,1234,5,FlatFaultB,FlatFault-B,6367,146374,552,FlatFaultB:6367
2027,global_train,42,1234,5,FlatFaultB,FlatFault-B,39742,225564,553,FlatFaultB:39742
2027,global_train,42,1234,5,FlatFaultB,FlatFault-B,16060,56270,554,FlatFaultB:16060
2027,global_train,42,1234,5,FlatFaultB,FlatFault-B,25812,169825,555,FlatFaultB:25812
2027,global_train,42,1234,5,FlatFaultB,FlatFault-B,52861,16322,556,FlatFaultB:52861
2027,global_train,42,1234,5,FlatFaultB,FlatFault-B,40803,10795,557,FlatFaultB:40803
2027,global_train,42,1234,5,FlatFaultB,FlatFault-B,6234,59584,558,FlatFaultB:6234
2027,global_train,42,1234,5,FlatFaultB,FlatFault-B,6209,140070,559,FlatFaultB:6209
2027,global_train,42,1234,5,FlatFaultB,FlatFault-B,47222,80517,560,FlatFaultB:47222
2027,global_train,42,1234,5,FlatFaultB,FlatFault-B,14761,98610,561,FlatFaultB:14761
2027,global_train,42,1234,5,FlatFaultB,FlatFault-B,7043,64316,562,FlatFaultB:7043
2027,global_train,42,1234,5,FlatFaultB,FlatFault-B,38734,230891,563,FlatFaultB:38734
2027,global_train,42,1234,5,FlatFaultB,FlatFault-B,13801,43410,564,FlatFaultB:13801
2027,global_train,42,1234,5,FlatFaultB,FlatFault-B,3263,130459,565,FlatFaultB:3263
2027,global_train,42,1234,5,FlatFaultB,FlatFault-B,32805,101258,566,FlatFaultB:32805
2027,global_train,42,1234,5,FlatFaultB,FlatFault-B,2170,6916,567,FlatFaultB:2170
2027,global_train,42,1234,5,FlatFaultB,FlatFault-B,39076,120041,568,FlatFaultB:39076
2027,global_train,42,1234,5,FlatFaultB,FlatFault-B,16270,48414,569,FlatFaultB:16270
2027,global_train,42,1234,5,FlatFaultB,FlatFault-B,44111,20064,570,FlatFaultB:44111
2027,global_train,42,1234,5,FlatFaultB,FlatFault-B,51842,141558,571,FlatFaultB:51842
2027,global_train,42,1234,5,FlatFaultB,FlatFault-B,29734,86810,572,FlatFaultB:29734
2027,global_train,42,1234,5,FlatFaultB,FlatFault-B,15369,173641,573,FlatFaultB:15369
2027,global_train,42,1234,5,FlatFaultB,FlatFault-B,22092,47266,574,FlatFaultB:22092
2027,global_train,42,1234,5,FlatFaultB,FlatFault-B,30844,188390,575,FlatFaultB:30844
2027,global_train,42,1234,5,FlatFaultB,FlatFault-B,21994,13129,576,FlatFaultB:21994
2027,global_train,42,1234,5,FlatFaultB,FlatFault-B,16811,220192,577,FlatFaultB:16811
2027,global_train,42,1234,5,FlatFaultB,FlatFault-B,32841,46486,578,FlatFaultB:32841
2027,global_train,42,1234,5,FlatFaultB,FlatFault-B,47931,134912,579,FlatFaultB:47931
2027,global_train,42,1234,5,FlatFaultB,FlatFault-B,16002,65982,580,FlatFaultB:16002
2027,global_train,42,1234,5,FlatFaultB,FlatFault-B,17715,12891,581,FlatFaultB:17715
2027,global_train,42,1234,5,FlatFaultB,FlatFault-B,32257,123377,582,FlatFaultB:32257
2027,global_train,42,1234,5,FlatFaultB,FlatFault-B,22915,114707,583,FlatFaultB:22915
2027,global_train,42,1234,5,FlatFaultB,FlatFault-B,13855,109610,584,FlatFaultB:13855
2027,global_train,42,1234,5,FlatFaultB,FlatFault-B,11321,24266,585,FlatFaultB:11321
2027,global_train,42,1234,5,FlatFaultB,FlatFault-B,16799,208326,586,FlatFaultB:16799
2027,global_train,42,1234,5,FlatFaultB,FlatFault-B,22651,92915,587,FlatFaultB:22651
2027,global_train,42,1234,5,FlatFaultB,FlatFault-B,29459,85789,588,FlatFaultB:29459
2027,global_train,42,1234,5,FlatFaultB,FlatFault-B,45728,100053,589,FlatFaultB:45728
2027,global_train,42,1234,5,FlatFaultB,FlatFault-B,3945,131570,590,FlatFaultB:3945
2027,global_train,42,1234,5,FlatFaultB,FlatFault-B,48808,159070,591,FlatFaultB:48808
2027,global_train,42,1234,5,FlatFaultB,FlatFault-B,52286,129036,592,FlatFaultB:52286
2027,global_train,42,1234,5,FlatFaultB,FlatFault-B,12815,229890,593,FlatFaultB:12815
2027,global_train,42,1234,5,FlatFaultB,FlatFault-B,39650,209939,594,FlatFaultB:39650
2027,global_train,42,1234,5,FlatFaultB,FlatFault-B,13905,36549,595,FlatFaultB:13905
2027,global_train,42,1234,5,FlatFaultB,FlatFault-B,21240,223560,596,FlatFaultB:21240
2027,global_train,42,1234,5,FlatFaultB,FlatFault-B,51141,97029,597,FlatFaultB:51141
2027,global_train,42,1234,5,FlatFaultB,FlatFault-B,5698,21609,598,FlatFaultB:5698
2027,global_train,42,1234,5,FlatFaultB,FlatFault-B,19205,206722,599,FlatFaultB:19205
2027,global_train,42,1234,5,FlatFaultB,FlatFault-B,47382,100430,600,FlatFaultB:47382
2027,global_train,42,1234,5,FlatFaultB,FlatFault-B,40523,7677,601,FlatFaultB:40523
2027,global_train,42,1234,5,FlatFaultB,FlatFault-B,21484,30181,602,FlatFaultB:21484
2027,global_train,42,1234,5,FlatFaultB,FlatFault-B,23806,51031,603,FlatFaultB:23806
2027,global_train,42,1234,5,FlatFaultB,FlatFault-B,11393,140731,604,FlatFaultB:11393
2027,global_train,42,1234,5,FlatFaultB,FlatFault-B,52841,158132,605,FlatFaultB:52841
2027,global_train,42,1234,5,FlatFaultB,FlatFault-B,9695,233331,606,FlatFaultB:9695
2027,global_train,42,1234,5,FlatFaultB,FlatFault-B,2062,88777,607,FlatFaultB:2062
2027,global_train,42,1234,5,FlatFaultB,FlatFault-B,6548,61177,608,FlatFaultB:6548
2027,global_train,42,1234,5,FlatFaultB,FlatFault-B,38585,2115,609,FlatFaultB:38585
2027,global_train,42,1234,5,FlatFaultB,FlatFault-B,17772,58787,610,FlatFaultB:17772
2027,global_train,42,1234,5,FlatFaultB,FlatFault-B,23283,85602,611,FlatFaultB:23283
2027,global_train,42,1234,5,FlatFaultB,FlatFault-B,839,105737,612,FlatFaultB:839
2027,global_train,42,1234,5,FlatFaultB,FlatFault-B,20915,210281,613,FlatFaultB:20915
2027,global_train,42,1234,5,FlatFaultB,FlatFault-B,12110,98277,614,FlatFaultB:12110
2027,global_train,42,1234,5,FlatFaultB,FlatFault-B,36174,194161,615,FlatFaultB:36174
2027,global_train,42,1234,5,FlatFaultB,FlatFault-B,12493,37143,616,FlatFaultB:12493
2027,global_train,42,1234,5,FlatFaultB,FlatFault-B,847,27955,617,FlatFaultB:847
2027,global_train,42,1234,5,FlatFaultB,FlatFault-B,25263,99357,618,FlatFaultB:25263
2027,global_train,42,1234,5,FlatFaultB,FlatFault-B,4528,20287,619,FlatFaultB:4528
2027,global_train,42,1234,5,FlatFaultB,FlatFault-B,44123,190092,620,FlatFaultB:44123
2027,global_train,42,1234,5,FlatFaultB,FlatFault-B,40365,144156,621,FlatFaultB:40365
2027,global_train,42,1234,5,FlatFaultB,FlatFault-B,4063,180418,622,FlatFaultB:4063
2027,global_train,42,1234,5,FlatFaultB,FlatFault-B,44378,170440,623,FlatFaultB:44378
2027,global_train,42,1234,5,FlatFaultB,FlatFault-B,3161,116021,624,FlatFaultB:3161
2027,global_train,42,1234,5,FlatFaultB,FlatFault-B,46041,223473,625,FlatFaultB:46041
2027,global_train,42,1234,5,FlatFaultB,FlatFault-B,7074,226803,626,FlatFaultB:7074
2027,global_train,42,1234,5,FlatFaultB,FlatFault-B,40756,134574,627,FlatFaultB:40756
2027,global_train,42,1234,5,FlatFaultB,FlatFault-B,37914,147029,628,FlatFaultB:37914
2027,global_train,42,1234,5,FlatFaultB,FlatFault-B,33190,146416,629,FlatFaultB:33190
2027,global_train,42,1234,5,FlatFaultB,FlatFault-B,39324,77262,630,FlatFaultB:39324
2027,global_train,42,1234,5,FlatFaultB,FlatFault-B,30545,232402,631,FlatFaultB:30545
2027,global_train,42,1234,5,FlatFaultB,FlatFault-B,44878,220371,632,FlatFaultB:44878
2027,global_train,42,1234,5,FlatFaultB,FlatFault-B,52272,184957,633,FlatFaultB:52272
2027,global_train,42,1234,5,FlatFaultB,FlatFault-B,395,204334,634,FlatFaultB:395
2027,global_train,42,1234,5,FlatFaultB,FlatFault-B,13230,28558,635,FlatFaultB:13230
2027,global_train,42,1234,5,FlatFaultB,FlatFault-B,28165,76593,636,FlatFaultB:28165
2027,global_train,42,1234,5,FlatFaultB,FlatFault-B,31520,121436,637,FlatFaultB:31520
2027,global_train,42,1234,5,FlatFaultB,FlatFault-B,9924,227491,638,FlatFaultB:9924
2027,global_train,42,1234,5,FlatFaultB,FlatFault-B,33295,99459,639,FlatFaultB:33295
2027,global_train,42,1234,5,FlatFaultB,FlatFault-B,53425,229794,640,FlatFaultB:53425
2027,global_train,42,1234,5,FlatFaultB,FlatFault-B,939,189721,641,FlatFaultB:939
2027,global_train,42,1234,5,FlatFaultB,FlatFault-B,8700,136916,642,FlatFaultB:8700
2027,global_train,42,1234,5,FlatFaultB,FlatFault-B,31579,560,643,FlatFaultB:31579
2027,global_train,42,1234,5,FlatFaultB,FlatFault-B,10422,76198,644,FlatFaultB:10422
2027,global_train,42,1234,5,FlatFaultB,FlatFault-B,36798,203605,645,FlatFaultB:36798
2027,global_train,42,1234,5,FlatFaultB,FlatFault-B,27735,103588,646,FlatFaultB:27735
2027,global_train,42,1234,5,FlatFaultB,FlatFault-B,22869,201162,647,FlatFaultB:22869
2027,global_train,42,1234,5,FlatFaultB,FlatFault-B,35817,196397,648,FlatFaultB:35817
2027,global_train,42,1234,5,FlatFaultB,FlatFault-B,52405,157529,649,FlatFaultB:52405
2027,global_train,42,1234,5,FlatFaultB,FlatFault-B,45583,162722,650,FlatFaultB:45583
2027,global_train,42,1234,5,FlatFaultB,FlatFault-B,44247,157425,651,FlatFaultB:44247
2027,global_train,42,1234,5,FlatFaultB,FlatFault-B,6246,25987,652,FlatFaultB:6246
2027,global_train,42,1234,5,FlatFaultB,FlatFault-B,43500,43043,653,FlatFaultB:43500
2027,global_train,42,1234,5,FlatFaultB,FlatFault-B,27456,51810,654,FlatFaultB:27456
2027,global_train,42,1234,5,FlatFaultB,FlatFault-B,18166,50200,655,FlatFaultB:18166
2027,global_train,42,1234,5,FlatFaultB,FlatFault-B,32308,93242,656,FlatFaultB:32308
2027,global_train,42,1234,5,FlatFaultB,FlatFault-B,51693,163942,657,FlatFaultB:51693
2027,global_train,42,1234,5,FlatFaultB,FlatFault-B,39467,97869,658,FlatFaultB:39467
2027,global_train,42,1234,5,FlatFaultB,FlatFault-B,11467,227146,659,FlatFaultB:11467
2027,global_train,42,1234,5,FlatFaultB,FlatFault-B,43443,41152,660,FlatFaultB:43443
2027,global_train,42,1234,5,FlatFaultB,FlatFault-B,4172,93355,661,FlatFaultB:4172
2027,global_train,42,1234,5,FlatFaultB,FlatFault-B,24776,61095,662,FlatFaultB:24776
2027,global_train,42,1234,5,FlatFaultB,FlatFault-B,41347,196971,663,FlatFaultB:41347
2027,global_train,42,1234,5,FlatFaultB,FlatFault-B,15376,148756,664,FlatFaultB:15376
2027,global_train,42,1234,5,FlatFaultB,FlatFault-B,17398,116935,665,FlatFaultB:17398
2027,global_train,42,1234,5,FlatFaultB,FlatFault-B,42915,8151,666,FlatFaultB:42915
2027,global_train,42,1234,5,FlatFaultB,FlatFault-B,29586,181624,667,FlatFaultB:29586
2027,global_train,42,1234,5,FlatFaultB,FlatFault-B,46643,209251,668,FlatFaultB:46643
2027,global_train,42,1234,5,FlatFaultB,FlatFault-B,16467,131132,669,FlatFaultB:16467
2027,global_train,42,1234,5,FlatFaultB,FlatFault-B,25771,204806,670,FlatFaultB:25771
2027,global_train,42,1234,5,FlatFaultB,FlatFault-B,35597,231612,671,FlatFaultB:35597
2027,global_train,42,1234,5,FlatFaultB,FlatFault-B,35826,73248,672,FlatFaultB:35826
2027,global_train,42,1234,5,FlatFaultB,FlatFault-B,40469,203428,673,FlatFaultB:40469
2027,global_train,42,1234,5,FlatFaultB,FlatFault-B,29304,154273,674,FlatFaultB:29304
2027,global_train,42,1234,5,FlatFaultB,FlatFault-B,34836,149620,675,FlatFaultB:34836
2027,global_train,42,1234,5,FlatFaultB,FlatFault-B,47015,59750,676,FlatFaultB:47015
2027,global_train,42,1234,5,FlatFaultB,FlatFault-B,39552,102494,677,FlatFaultB:39552
2027,global_train,42,1234,5,FlatFaultB,FlatFault-B,13667,202163,678,FlatFaultB:13667
2027,global_train,42,1234,5,FlatFaultB,FlatFault-B,25504,11498,679,FlatFaultB:25504
2027,global_train,42,1234,5,FlatFaultB,FlatFault-B,31388,972,680,FlatFaultB:31388
2027,global_train,42,1234,5,FlatFaultB,FlatFault-B,22769,44051,681,FlatFaultB:22769
2027,global_train,42,1234,5,FlatFaultB,FlatFault-B,48389,37256,682,FlatFaultB:48389
2027,global_train,42,1234,5,FlatFaultB,FlatFault-B,16847,89107,683,FlatFaultB:16847
2027,global_train,42,1234,5,FlatFaultB,FlatFault-B,6795,20867,684,FlatFaultB:6795
2027,global_train,42,1234,5,FlatFaultB,FlatFault-B,24766,154526,685,FlatFaultB:24766
2027,global_train,42,1234,5,FlatFaultB,FlatFault-B,12055,6332,686,FlatFaultB:12055
2027,global_train,42,1234,5,FlatFaultB,FlatFault-B,53197,185712,687,FlatFaultB:53197
2027,global_train,42,1234,5,FlatFaultB,FlatFault-B,24516,68982,688,FlatFaultB:24516
2027,global_train,42,1234,5,FlatFaultB,FlatFault-B,17762,130512,689,FlatFaultB:17762
2027,global_train,42,1234,5,FlatFaultB,FlatFault-B,48599,190435,690,FlatFaultB:48599
2027,global_train,42,1234,5,FlatFaultB,FlatFault-B,28866,78641,691,FlatFaultB:28866
2027,global_train,42,1234,5,FlatFaultB,FlatFault-B,17378,86415,692,FlatFaultB:17378
2027,global_train,42,1234,5,FlatFaultB,FlatFault-B,23805,210120,693,FlatFaultB:23805
2027,global_train,42,1234,5,FlatFaultB,FlatFault-B,7929,73626,694,FlatFaultB:7929
2027,global_train,42,1234,5,FlatFaultB,FlatFault-B,46861,145410,695,FlatFaultB:46861
2027,global_train,42,1234,5,FlatFaultB,FlatFault-B,26487,114676,696,FlatFaultB:26487
2027,global_train,42,1234,5,FlatFaultB,FlatFault-B,36351,1708,697,FlatFaultB:36351
2027,global_train,42,1234,5,FlatFaultB,FlatFault-B,4053,17368,698,FlatFaultB:4053
2027,global_train,42,1234,5,FlatFaultB,FlatFault-B,17300,36587,699,FlatFaultB:17300
2027,global_train,42,1234,5,FlatFaultB,FlatFault-B,13595,113686,700,FlatFaultB:13595
2027,global_train,42,1234,5,FlatFaultB,FlatFault-B,21856,61754,701,FlatFaultB:21856
2027,global_train,42,1234,5,FlatFaultB,FlatFault-B,44307,45729,702,FlatFaultB:44307
2027,global_train,42,1234,5,FlatFaultB,FlatFault-B,16140,132461,703,FlatFaultB:16140
2027,global_train,42,1234,5,FlatFaultB,FlatFault-B,16465,41576,704,FlatFaultB:16465
2027,global_train,42,1234,5,FlatFaultB,FlatFault-B,7430,16585,705,FlatFaultB:7430
2027,global_train,42,1234,5,FlatFaultB,FlatFault-B,22290,23292,706,FlatFaultB:22290
2027,global_train,42,1234,5,FlatFaultB,FlatFault-B,33673,94219,707,FlatFaultB:33673
2027,global_train,42,1234,5,FlatFaultB,FlatFault-B,36535,227509,708,FlatFaultB:36535
2027,global_train,42,1234,5,FlatFaultB,FlatFault-B,26433,180868,709,FlatFaultB:26433
2027,global_train,42,1234,5,FlatFaultB,FlatFault-B,5427,221600,710,FlatFaultB:5427
2027,global_train,42,1234,5,FlatFaultB,FlatFault-B,356,122515,711,FlatFaultB:356
2027,global_train,42,1234,5,FlatFaultB,FlatFault-B,42676,31997,712,FlatFaultB:42676
2027,global_train,42,1234,5,FlatFaultB,FlatFault-B,40631,204687,713,FlatFaultB:40631
2027,global_train,42,1234,5,FlatFaultB,FlatFault-B,30003,21129,714,FlatFaultB:30003
2027,global_train,42,1234,5,FlatFaultB,FlatFault-B,33811,121927,715,FlatFaultB:33811
2027,global_train,42,1234,5,FlatFaultB,FlatFault-B,41979,84418,716,FlatFaultB:41979
2027,global_train,42,1234,5,FlatFaultB,FlatFault-B,43845,64836,717,FlatFaultB:43845
2027,global_train,42,1234,5,FlatFaultB,FlatFault-B,7510,56966,718,FlatFaultB:7510
2027,global_train,42,1234,5,FlatFaultB,FlatFault-B,31751,166803,719,FlatFaultB:31751
2027,global_train,42,1234,5,FlatFaultB,FlatFault-B,40147,128840,720,FlatFaultB:40147
2027,global_train,42,1234,5,FlatFaultB,FlatFault-B,16837,101020,721,FlatFaultB:16837
2027,global_train,42,1234,5,FlatFaultB,FlatFault-B,485,65472,722,FlatFaultB:485
2027,global_train,42,1234,5,FlatFaultB,FlatFault-B,12923,92144,723,FlatFaultB:12923
2027,global_train,42,1234,5,FlatFaultB,FlatFault-B,16266,90472,724,FlatFaultB:16266
2027,global_train,42,1234,5,FlatFaultB,FlatFault-B,20818,219139,725,FlatFaultB:20818
2027,global_train,42,1234,5,FlatFaultB,FlatFault-B,43638,168873,726,FlatFaultB:43638
2027,global_train,42,1234,5,FlatFaultB,FlatFault-B,23575,118939,727,FlatFaultB:23575
2027,global_train,42,1234,5,FlatFaultB,FlatFault-B,17840,32984,728,FlatFaultB:17840
2027,global_train,42,1234,5,FlatFaultB,FlatFault-B,29664,210,729,FlatFaultB:29664
2027,global_train,42,1234,5,FlatFaultB,FlatFault-B,4327,155852,730,FlatFaultB:4327
2027,global_train,42,1234,5,FlatFaultB,FlatFault-B,41653,193056,731,FlatFaultB:41653
2027,global_train,42,1234,5,FlatFaultB,FlatFault-B,24750,32415,732,FlatFaultB:24750
2027,global_train,42,1234,5,FlatFaultB,FlatFault-B,19078,8815,733,FlatFaultB:19078
2027,global_train,42,1234,5,FlatFaultB,FlatFault-B,31549,196749,734,FlatFaultB:31549
2027,global_train,42,1234,5,FlatFaultB,FlatFault-B,18292,61085,735,FlatFaultB:18292
2027,global_train,42,1234,5,FlatFaultB,FlatFault-B,35591,169546,736,FlatFaultB:35591
2027,global_train,42,1234,5,FlatFaultB,FlatFault-B,29751,228563,737,FlatFaultB:29751
2027,global_train,42,1234,5,FlatFaultB,FlatFault-B,36751,149762,738,FlatFaultB:36751
2027,global_train,42,1234,5,FlatFaultB,FlatFault-B,17199,210566,739,FlatFaultB:17199
2027,global_train,42,1234,5,FlatFaultB,FlatFault-B,43878,59853,740,FlatFaultB:43878
2027,global_train,42,1234,5,FlatFaultB,FlatFault-B,48236,193172,741,FlatFaultB:48236
2027,global_train,42,1234,5,FlatFaultB,FlatFault-B,19216,18336,742,FlatFaultB:19216
2027,global_train,42,1234,5,FlatFaultB,FlatFault-B,50526,37075,743,FlatFaultB:50526
2027,global_train,42,1234,5,FlatFaultB,FlatFault-B,496,208414,744,FlatFaultB:496
2027,global_train,42,1234,5,FlatFaultB,FlatFault-B,23821,39427,745,FlatFaultB:23821
2027,global_train,42,1234,5,FlatFaultB,FlatFault-B,47032,103236,746,FlatFaultB:47032
2027,global_train,42,1234,5,FlatFaultB,FlatFault-B,15716,163485,747,FlatFaultB:15716
2027,global_train,42,1234,5,FlatFaultB,FlatFault-B,4239,228402,748,FlatFaultB:4239
2027,global_train,42,1234,5,FlatFaultB,FlatFault-B,36219,108844,749,FlatFaultB:36219
2027,global_train,42,1234,5,FlatFaultB,FlatFault-B,31067,12592,750,FlatFaultB:31067
2027,global_train,42,1234,5,FlatFaultB,FlatFault-B,31379,205864,751,FlatFaultB:31379
2027,global_train,42,1234,5,FlatFaultB,FlatFault-B,31673,172361,752,FlatFaultB:31673
2027,global_train,42,1234,5,FlatFaultB,FlatFault-B,12397,69646,753,FlatFaultB:12397
2027,global_train,42,1234,5,FlatFaultB,FlatFault-B,29370,145626,754,FlatFaultB:29370
2027,global_train,42,1234,5,FlatFaultB,FlatFault-B,52082,167761,755,FlatFaultB:52082
2027,global_train,42,1234,5,FlatFaultB,FlatFault-B,49951,217626,756,FlatFaultB:49951
2027,global_train,42,1234,5,FlatFaultB,FlatFault-B,14547,10793,757,FlatFaultB:14547
2027,global_train,42,1234,5,FlatFaultB,FlatFault-B,1018,31951,758,FlatFaultB:1018
2027,global_train,42,1234,5,FlatFaultB,FlatFault-B,46708,123771,759,FlatFaultB:46708
2027,global_train,42,1234,5,FlatFaultB,FlatFault-B,8372,7527,760,FlatFaultB:8372
2027,global_train,42,1234,5,FlatFaultB,FlatFault-B,646,38135,761,FlatFaultB:646
2027,global_train,42,1234,5,FlatFaultB,FlatFault-B,49673,102650,762,FlatFaultB:49673
2027,global_train,42,1234,5,FlatFaultB,FlatFault-B,36045,117515,763,FlatFaultB:36045
2027,global_train,42,1234,5,FlatFaultB,FlatFault-B,40406,98209,764,FlatFaultB:40406
2027,global_train,42,1234,5,FlatFaultB,FlatFault-B,27583,130622,765,FlatFaultB:27583
2027,global_train,42,1234,5,FlatFaultB,FlatFault-B,38928,97231,766,FlatFaultB:38928
2027,global_train,42,1234,5,FlatFaultB,FlatFault-B,11285,208028,767,FlatFaultB:11285
2027,global_train,42,1234,5,FlatFaultB,FlatFault-B,4402,103746,768,FlatFaultB:4402
2027,global_train,42,1234,5,FlatFaultB,FlatFault-B,30567,39688,769,FlatFaultB:30567
2027,global_train,42,1234,5,FlatFaultB,FlatFault-B,25141,196535,770,FlatFaultB:25141
2027,global_train,42,1234,5,FlatFaultB,FlatFault-B,45119,153654,771,FlatFaultB:45119
2027,global_train,42,1234,5,FlatFaultB,FlatFault-B,11137,188685,772,FlatFaultB:11137
2027,global_train,42,1234,5,FlatFaultB,FlatFault-B,18813,32447,773,FlatFaultB:18813
2027,global_train,42,1234,5,FlatFaultB,FlatFault-B,735,141196,774,FlatFaultB:735
2027,global_train,42,1234,5,FlatFaultB,FlatFault-B,15117,214547,775,FlatFaultB:15117
2027,global_train,42,1234,5,FlatFaultB,FlatFault-B,10175,151739,776,FlatFaultB:10175
2027,global_train,42,1234,5,FlatFaultB,FlatFault-B,26793,4861,777,FlatFaultB:26793
2027,global_train,42,1234,5,FlatFaultB,FlatFault-B,44867,202735,778,FlatFaultB:44867
2027,global_train,42,1234,5,FlatFaultB,FlatFault-B,26314,194835,779,FlatFaultB:26314
2027,global_train,42,1234,5,FlatFaultB,FlatFault-B,6564,92839,780,FlatFaultB:6564
2027,global_train,42,1234,5,FlatFaultB,FlatFault-B,15257,34257,781,FlatFaultB:15257
2027,global_train,42,1234,5,FlatFaultB,FlatFault-B,49735,184784,782,FlatFaultB:49735
2027,global_train,42,1234,5,FlatFaultB,FlatFault-B,39636,161696,783,FlatFaultB:39636
2027,global_train,42,1234,5,FlatFaultB,FlatFault-B,12745,58418,784,FlatFaultB:12745
2027,global_train,42,1234,5,FlatFaultB,FlatFault-B,22405,184266,785,FlatFaultB:22405
2027,global_train,42,1234,5,FlatFaultB,FlatFault-B,14791,156150,786,FlatFaultB:14791
2027,global_train,42,1234,5,FlatFaultB,FlatFault-B,717,10745,787,FlatFaultB:717
2027,global_train,42,1234,5,FlatFaultB,FlatFault-B,44588,13958,788,FlatFaultB:44588
2027,global_train,42,1234,5,FlatFaultB,FlatFault-B,9229,151426,789,FlatFaultB:9229
2027,global_train,42,1234,5,FlatFaultB,FlatFault-B,42614,83241,790,FlatFaultB:42614
2027,global_train,42,1234,5,FlatFaultB,FlatFault-B,11886,75857,791,FlatFaultB:11886
2027,global_train,42,1234,5,FlatFaultB,FlatFault-B,15034,28617,792,FlatFaultB:15034
2027,global_train,42,1234,5,FlatFaultB,FlatFault-B,30066,97744,793,FlatFaultB:30066
2027,global_train,42,1234,5,FlatFaultB,FlatFault-B,47211,47649,794,FlatFaultB:47211
2027,global_train,42,1234,5,FlatFaultB,FlatFault-B,18650,208996,795,FlatFaultB:18650
2027,global_train,42,1234,5,FlatFaultB,FlatFault-B,15617,172667,796,FlatFaultB:15617
2027,global_train,42,1234,5,FlatFaultB,FlatFault-B,5865,210558,797,FlatFaultB:5865
2027,global_train,42,1234,5,FlatFaultB,FlatFault-B,23276,108477,798,FlatFaultB:23276
2027,global_train,42,1234,5,FlatFaultB,FlatFault-B,24863,214496,799,FlatFaultB:24863
2027,global_train,42,1234,5,FlatFaultB,FlatFault-B,34440,181578,800,FlatFaultB:34440
2027,global_train,42,1234,5,FlatFaultB,FlatFault-B,41044,18954,801,FlatFaultB:41044
2027,global_train,42,1234,5,FlatFaultB,FlatFault-B,16538,140840,802,FlatFaultB:16538
2027,global_train,42,1234,5,FlatFaultB,FlatFault-B,3521,50406,803,FlatFaultB:3521
2027,global_train,42,1234,5,FlatFaultB,FlatFault-B,16106,136906,804,FlatFaultB:16106
2027,global_train,42,1234,5,FlatFaultB,FlatFault-B,17188,135916,805,FlatFaultB:17188
2027,global_train,42,1234,5,FlatFaultB,FlatFault-B,30885,34891,806,FlatFaultB:30885
2027,global_train,42,1234,5,FlatFaultB,FlatFault-B,7083,118774,807,FlatFaultB:7083
2027,global_train,42,1234,5,FlatFaultB,FlatFault-B,30081,70820,808,FlatFaultB:30081
2027,global_train,42,1234,5,FlatFaultB,FlatFault-B,21015,108588,809,FlatFaultB:21015
2027,global_train,42,1234,5,FlatFaultB,FlatFault-B,41419,130827,810,FlatFaultB:41419
2027,global_train,42,1234,5,FlatFaultB,FlatFault-B,8170,144890,811,FlatFaultB:8170
2027,global_train,42,1234,5,FlatFaultB,FlatFault-B,50319,219308,812,FlatFaultB:50319
2027,global_train,42,1234,5,FlatFaultB,FlatFault-B,33142,51055,813,FlatFaultB:33142
2027,global_train,42,1234,5,FlatFaultB,FlatFault-B,15516,221058,814,FlatFaultB:15516
2027,global_train,42,1234,5,FlatFaultB,FlatFault-B,7723,146460,815,FlatFaultB:7723
2027,global_train,42,1234,5,FlatFaultB,FlatFault-B,14705,177215,816,FlatFaultB:14705
2027,global_train,42,1234,5,FlatFaultB,FlatFault-B,18935,8663,817,FlatFaultB:18935
2027,global_train,42,1234,5,FlatFaultB,FlatFault-B,582,209841,818,FlatFaultB:582
2027,global_train,42,1234,5,FlatFaultB,FlatFault-B,7386,38122,819,FlatFaultB:7386
2027,global_train,42,1234,5,FlatFaultB,FlatFault-B,40594,86690,820,FlatFaultB:40594
2027,global_train,42,1234,5,FlatFaultB,FlatFault-B,28177,167291,821,FlatFaultB:28177
2027,global_train,42,1234,5,FlatFaultB,FlatFault-B,43207,1424,822,FlatFaultB:43207
2027,global_train,42,1234,5,FlatFaultB,FlatFault-B,13085,215334,823,FlatFaultB:13085
2027,global_train,42,1234,5,FlatFaultB,FlatFault-B,20094,878,824,FlatFaultB:20094
2027,global_train,42,1234,5,FlatFaultB,FlatFault-B,12290,109150,825,FlatFaultB:12290
2027,global_train,42,1234,5,FlatFaultB,FlatFault-B,1660,169272,826,FlatFaultB:1660
2027,global_train,42,1234,5,FlatFaultB,FlatFault-B,39587,164236,827,FlatFaultB:39587
2027,global_train,42,1234,5,FlatFaultB,FlatFault-B,46816,221572,828,FlatFaultB:46816
2027,global_train,42,1234,5,FlatFaultB,FlatFault-B,23952,224787,829,FlatFaultB:23952
2027,global_train,42,1234,5,FlatFaultB,FlatFault-B,43723,98024,830,FlatFaultB:43723
2027,global_train,42,1234,5,FlatFaultB,FlatFault-B,31890,92337,831,FlatFaultB:31890
2027,global_train,42,1234,5,FlatFaultB,FlatFault-B,10707,173937,832,FlatFaultB:10707
2027,global_train,42,1234,5,FlatFaultB,FlatFault-B,20050,165864,833,FlatFaultB:20050
2027,global_train,42,1234,5,FlatFaultB,FlatFault-B,35635,16048,834,FlatFaultB:35635
2027,global_train,42,1234,5,FlatFaultB,FlatFault-B,1097,21044,835,FlatFaultB:1097
2027,global_train,42,1234,5,FlatFaultB,FlatFault-B,13981,34726,836,FlatFaultB:13981
2027,global_train,42,1234,5,FlatFaultB,FlatFault-B,39604,162198,837,FlatFaultB:39604
2027,global_train,42,1234,5,FlatFaultB,FlatFault-B,51946,174329,838,FlatFaultB:51946
2027,global_train,42,1234,5,FlatFaultB,FlatFault-B,9514,80741,839,FlatFaultB:9514
2027,global_train,42,1234,5,FlatFaultB,FlatFault-B,28057,162730,840,FlatFaultB:28057
2027,global_train,42,1234,5,FlatFaultB,FlatFault-B,29110,218477,841,FlatFaultB:29110
2027,global_train,42,1234,5,FlatFaultB,FlatFault-B,50266,116088,842,FlatFaultB:50266
2027,global_train,42,1234,5,FlatFaultB,FlatFault-B,8262,32070,843,FlatFaultB:8262
2027,global_train,42,1234,5,FlatFaultB,FlatFault-B,52736,85482,844,FlatFaultB:52736
2027,global_train,42,1234,5,FlatFaultB,FlatFault-B,10955,226459,845,FlatFaultB:10955
2027,global_train,42,1234,5,FlatFaultB,FlatFault-B,24259,88780,846,FlatFaultB:24259
2027,global_train,42,1234,5,FlatFaultB,FlatFault-B,44214,33370,847,FlatFaultB:44214
2027,global_train,42,1234,5,FlatFaultB,FlatFault-B,10356,209357,848,FlatFaultB:10356
2027,global_train,42,1234,5,FlatFaultB,FlatFault-B,23709,88084,849,FlatFaultB:23709
2027,global_train,42,1234,5,FlatFaultB,FlatFault-B,20767,229911,850,FlatFaultB:20767
2027,global_train,42,1234,5,FlatFaultB,FlatFault-B,8304,208851,851,FlatFaultB:8304
2027,global_train,42,1234,5,FlatFaultB,FlatFault-B,45950,197915,852,FlatFaultB:45950
2027,global_train,42,1234,5,FlatFaultB,FlatFault-B,24628,136003,853,FlatFaultB:24628
2027,global_train,42,1234,5,FlatFaultB,FlatFault-B,23346,180362,854,FlatFaultB:23346
2027,global_train,42,1234,5,FlatFaultB,FlatFault-B,5909,188445,855,FlatFaultB:5909
2027,global_train,42,1234,5,FlatFaultB,FlatFault-B,26350,27371,856,FlatFaultB:26350
2027,global_train,42,1234,5,FlatFaultB,FlatFault-B,15912,65280,857,FlatFaultB:15912
2027,global_train,42,1234,5,FlatFaultB,FlatFault-B,13069,49632,858,FlatFaultB:13069
2027,global_train,42,1234,5,FlatFaultB,FlatFault-B,37333,19316,859,FlatFaultB:37333
2027,global_train,42,1234,5,FlatFaultB,FlatFault-B,34476,119705,860,FlatFaultB:34476
2027,global_train,42,1234,5,FlatFaultB,FlatFault-B,47195,167083,861,FlatFaultB:47195
2027,global_train,42,1234,5,FlatFaultB,FlatFault-B,36310,106382,862,FlatFaultB:36310
2027,global_train,42,1234,5,FlatFaultB,FlatFault-B,28675,85042,863,FlatFaultB:28675
2027,global_train,42,1234,5,FlatFaultB,FlatFault-B,22237,84129,864,FlatFaultB:22237
2027,global_train,42,1234,5,FlatFaultB,FlatFault-B,7590,89390,865,FlatFaultB:7590
2027,global_train,42,1234,5,FlatFaultB,FlatFault-B,48953,79458,866,FlatFaultB:48953
2027,global_train,42,1234,5,FlatFaultB,FlatFault-B,53319,77327,867,FlatFaultB:53319
2027,global_train,42,1234,5,FlatFaultB,FlatFault-B,24925,22515,868,FlatFaultB:24925
2027,global_train,42,1234,5,FlatFaultB,FlatFault-B,22540,140002,869,FlatFaultB:22540
2027,global_train,42,1234,5,FlatFaultB,FlatFault-B,48248,30626,870,FlatFaultB:48248
2027,global_train,42,1234,5,FlatFaultB,FlatFault-B,10903,109377,871,FlatFaultB:10903
2027,global_train,42,1234,5,FlatFaultB,FlatFault-B,11215,154451,872,FlatFaultB:11215
2027,global_train,42,1234,5,FlatFaultB,FlatFault-B,22177,174394,873,FlatFaultB:22177
2027,global_train,42,1234,5,FlatFaultB,FlatFault-B,5147,212396,874,FlatFaultB:5147
2027,global_train,42,1234,5,FlatFaultB,FlatFault-B,50834,197314,875,FlatFaultB:50834
2027,global_train,42,1234,5,FlatFaultB,FlatFault-B,15950,21289,876,FlatFaultB:15950
2027,global_train,42,1234,5,FlatFaultB,FlatFault-B,26841,188620,877,FlatFaultB:26841
2027,global_train,42,1234,5,FlatFaultB,FlatFault-B,41844,62750,878,FlatFaultB:41844
2027,global_train,42,1234,5,FlatFaultB,FlatFault-B,46152,222421,879,FlatFaultB:46152
2027,global_train,42,1234,5,FlatFaultB,FlatFault-B,44658,154411,880,FlatFaultB:44658
2027,global_train,42,1234,5,FlatFaultB,FlatFault-B,8719,51900,881,FlatFaultB:8719
2027,global_train,42,1234,5,FlatFaultB,FlatFault-B,5967,70458,882,FlatFaultB:5967
2027,global_train,42,1234,5,FlatFaultB,FlatFault-B,47875,229032,883,FlatFaultB:47875
2027,global_train,42,1234,5,FlatFaultB,FlatFault-B,4946,179975,884,FlatFaultB:4946
2027,global_train,42,1234,5,FlatFaultB,FlatFault-B,8773,150315,885,FlatFaultB:8773
2027,global_train,42,1234,5,FlatFaultB,FlatFault-B,40450,143913,886,FlatFaultB:40450
2027,global_train,42,1234,5,FlatFaultB,FlatFault-B,28301,168370,887,FlatFaultB:28301
2027,global_train,42,1234,5,FlatFaultB,FlatFault-B,2840,231114,888,FlatFaultB:2840
2027,global_train,42,1234,5,FlatFaultB,FlatFault-B,45548,83175,889,FlatFaultB:45548
2027,global_train,42,1234,5,FlatFaultB,FlatFault-B,34455,211570,890,FlatFaultB:34455
2027,global_train,42,1234,5,FlatFaultB,FlatFault-B,22885,71284,891,FlatFaultB:22885
2027,global_train,42,1234,5,FlatFaultB,FlatFault-B,17282,102328,892,FlatFaultB:17282
2027,global_train,42,1234,5,FlatFaultB,FlatFault-B,32103,29471,893,FlatFaultB:32103
2027,global_train,42,1234,5,FlatFaultB,FlatFault-B,49867,233838,894,FlatFaultB:49867
2027,global_train,42,1234,5,FlatFaultB,FlatFault-B,10831,76196,895,FlatFaultB:10831
2027,global_train,42,1234,5,FlatFaultB,FlatFault-B,43034,11800,896,FlatFaultB:43034
2027,global_train,42,1234,5,FlatFaultB,FlatFault-B,47082,23407,897,FlatFaultB:47082
2027,global_train,42,1234,5,FlatFaultB,FlatFault-B,5158,173967,898,FlatFaultB:5158
2027,global_train,42,1234,5,FlatFaultB,FlatFault-B,36816,129290,899,FlatFaultB:36816
2027,global_train,42,1234,5,FlatFaultB,FlatFault-B,51923,126828,900,FlatFaultB:51923
2027,global_train,42,1234,5,FlatFaultB,FlatFault-B,40078,68188,901,FlatFaultB:40078
2027,global_train,42,1234,5,FlatFaultB,FlatFault-B,37695,137336,902,FlatFaultB:37695
2027,global_train,42,1234,5,FlatFaultB,FlatFault-B,327,147604,903,FlatFaultB:327
2027,global_train,42,1234,5,FlatFaultB,FlatFault-B,2298,208125,904,FlatFaultB:2298
2027,global_train,42,1234,5,FlatFaultB,FlatFault-B,53347,29910,905,FlatFaultB:53347
2027,global_train,42,1234,5,FlatFaultB,FlatFault-B,29142,124011,906,FlatFaultB:29142
2027,global_train,42,1234,5,FlatFaultB,FlatFault-B,25912,223665,907,FlatFaultB:25912
2027,global_train,42,1234,5,FlatFaultB,FlatFault-B,9735,10703,908,FlatFaultB:9735
2027,global_train,42,1234,5,FlatFaultB,FlatFault-B,7953,21296,909,FlatFaultB:7953
2027,global_train,42,1234,5,FlatFaultB,FlatFault-B,18643,216944,910,FlatFaultB:18643
2027,global_train,42,1234,5,FlatFaultB,FlatFault-B,51829,83969,911,FlatFaultB:51829
2027,global_train,42,1234,5,FlatFaultB,FlatFault-B,34342,150805,912,FlatFaultB:34342
2027,global_train,42,1234,5,FlatFaultB,FlatFault-B,53823,90261,913,FlatFaultB:53823
2027,global_train,42,1234,5,FlatFaultB,FlatFault-B,33076,228180,914,FlatFaultB:33076
2027,global_train,42,1234,5,FlatFaultB,FlatFault-B,35529,199759,915,FlatFaultB:35529
2027,global_train,42,1234,5,FlatFaultB,FlatFault-B,30445,182663,916,FlatFaultB:30445
2027,global_train,42,1234,5,FlatFaultB,FlatFault-B,27077,228949,917,FlatFaultB:27077
2027,global_train,42,1234,5,FlatFaultB,FlatFault-B,32589,55476,918,FlatFaultB:32589
2027,global_train,42,1234,5,FlatFaultB,FlatFault-B,26178,181557,919,FlatFaultB:26178
2027,global_train,42,1234,5,FlatFaultB,FlatFault-B,20244,83449,920,FlatFaultB:20244
2027,global_train,42,1234,5,FlatFaultB,FlatFault-B,30146,118195,921,FlatFaultB:30146
2027,global_train,42,1234,5,FlatFaultB,FlatFault-B,48591,23928,922,FlatFaultB:48591
2027,global_train,42,1234,5,FlatFaultB,FlatFault-B,15936,130050,923,FlatFaultB:15936
2027,global_train,42,1234,5,FlatFaultB,FlatFault-B,42234,31292,924,FlatFaultB:42234
2027,global_train,42,1234,5,FlatFaultB,FlatFault-B,13893,15991,925,FlatFaultB:13893
2027,global_train,42,1234,5,FlatFaultB,FlatFault-B,37279,87752,926,FlatFaultB:37279
2027,global_train,42,1234,5,FlatFaultB,FlatFault-B,17754,91244,927,FlatFaultB:17754
2027,global_train,42,1234,5,FlatFaultB,FlatFault-B,14423,186742,928,FlatFaultB:14423
2027,global_train,42,1234,5,FlatFaultB,FlatFault-B,53595,36673,929,FlatFaultB:53595
2027,global_train,42,1234,5,FlatFaultB,FlatFault-B,45809,92601,930,FlatFaultB:45809
2027,global_train,42,1234,5,FlatFaultB,FlatFault-B,25409,90937,931,FlatFaultB:25409
2027,global_train,42,1234,5,FlatFaultB,FlatFault-B,44935,170226,932,FlatFaultB:44935
2027,global_train,42,1234,5,FlatFaultB,FlatFault-B,12507,16617,933,FlatFaultB:12507
2027,global_train,42,1234,5,FlatFaultB,FlatFault-B,37703,162618,934,FlatFaultB:37703
2027,global_train,42,1234,5,FlatFaultB,FlatFault-B,4910,187718,935,FlatFaultB:4910
2027,global_train,42,1234,5,FlatFaultB,FlatFault-B,17630,207437,936,FlatFaultB:17630
2027,global_train,42,1234,5,FlatFaultB,FlatFault-B,41678,11601,937,FlatFaultB:41678
2027,global_train,42,1234,5,FlatFaultB,FlatFault-B,19516,55449,938,FlatFaultB:19516
2027,global_train,42,1234,5,FlatFaultB,FlatFault-B,31700,180363,939,FlatFaultB:31700
2027,global_train,42,1234,5,FlatFaultB,FlatFault-B,26945,11322,940,FlatFaultB:26945
2027,global_train,42,1234,5,FlatFaultB,FlatFault-B,48170,222398,941,FlatFaultB:48170
2027,global_train,42,1234,5,FlatFaultB,FlatFault-B,35875,184706,942,FlatFaultB:35875
2027,global_train,42,1234,5,FlatFaultB,FlatFault-B,36173,182028,943,FlatFaultB:36173
2027,global_train,42,1234,5,FlatFaultB,FlatFault-B,21911,3342,944,FlatFaultB:21911
2027,global_train,42,1234,5,FlatFaultB,FlatFault-B,7187,168466,945,FlatFaultB:7187
2027,global_train,42,1234,5,FlatFaultB,FlatFault-B,36027,72015,946,FlatFaultB:36027
2027,global_train,42,1234,5,FlatFaultB,FlatFault-B,12713,108492,947,FlatFaultB:12713
2027,global_train,42,1234,5,FlatFaultB,FlatFault-B,22797,77159,948,FlatFaultB:22797
2027,global_train,42,1234,5,FlatFaultB,FlatFault-B,52307,207137,949,FlatFaultB:52307
2027,global_train,42,1234,5,FlatFaultB,FlatFault-B,5731,73662,950,FlatFaultB:5731
2027,global_train,42,1234,5,FlatFaultB,FlatFault-B,19202,94444,951,FlatFaultB:19202
2027,global_train,42,1234,5,FlatFaultB,FlatFault-B,21440,96517,952,FlatFaultB:21440
2027,global_train,42,1234,5,FlatFaultB,FlatFault-B,11763,49186,953,FlatFaultB:11763
2027,global_train,42,1234,5,FlatFaultB,FlatFault-B,18734,158434,954,FlatFaultB:18734
2027,global_train,42,1234,5,FlatFaultB,FlatFault-B,23147,37155,955,FlatFaultB:23147
2027,global_train,42,1234,5,FlatFaultB,FlatFault-B,4788,131346,956,FlatFaultB:4788
2027,global_train,42,1234,5,FlatFaultB,FlatFault-B,42670,9095,957,FlatFaultB:42670
2027,global_train,42,1234,5,FlatFaultB,FlatFault-B,21717,83296,958,FlatFaultB:21717
2027,global_train,42,1234,5,FlatFaultB,FlatFault-B,39348,57133,959,FlatFaultB:39348
2027,global_train,42,1234,5,FlatFaultB,FlatFault-B,12919,68526,960,FlatFaultB:12919
2027,global_train,42,1234,5,FlatFaultB,FlatFault-B,19386,135485,961,FlatFaultB:19386
2027,global_train,42,1234,5,FlatFaultB,FlatFault-B,16800,153285,962,FlatFaultB:16800
2027,global_train,42,1234,5,FlatFaultB,FlatFault-B,7456,206167,963,FlatFaultB:7456
2027,global_train,42,1234,5,FlatFaultB,FlatFault-B,30456,218683,964,FlatFaultB:30456
2027,global_train,42,1234,5,FlatFaultB,FlatFault-B,10441,135545,965,FlatFaultB:10441
2027,global_train,42,1234,5,FlatFaultB,FlatFault-B,35120,135321,966,FlatFaultB:35120
2027,global_train,42,1234,5,FlatFaultB,FlatFault-B,25692,83367,967,FlatFaultB:25692
2027,global_train,42,1234,5,FlatFaultB,FlatFault-B,38419,83080,968,FlatFaultB:38419
2027,global_train,42,1234,5,FlatFaultB,FlatFault-B,22488,207084,969,FlatFaultB:22488
2027,global_train,42,1234,5,FlatFaultB,FlatFault-B,32397,79111,970,FlatFaultB:32397
2027,global_train,42,1234,5,FlatFaultB,FlatFault-B,5073,188379,971,FlatFaultB:5073
2027,global_train,42,1234,5,FlatFaultB,FlatFault-B,10426,12334,972,FlatFaultB:10426
2027,global_train,42,1234,5,FlatFaultB,FlatFault-B,32174,107873,973,FlatFaultB:32174
2027,global_train,42,1234,5,FlatFaultB,FlatFault-B,19186,103734,974,FlatFaultB:19186
2027,global_train,42,1234,5,FlatFaultB,FlatFault-B,19890,173950,975,FlatFaultB:19890
2027,global_train,42,1234,5,FlatFaultB,FlatFault-B,12666,170318,976,FlatFaultB:12666
2027,global_train,42,1234,5,FlatFaultB,FlatFault-B,50789,86903,977,FlatFaultB:50789
2027,global_train,42,1234,5,FlatFaultB,FlatFault-B,17382,233915,978,FlatFaultB:17382
2027,global_train,42,1234,5,FlatFaultB,FlatFault-B,52650,187374,979,FlatFaultB:52650
2027,global_train,42,1234,5,FlatFaultB,FlatFault-B,38773,78454,980,FlatFaultB:38773
2027,global_train,42,1234,5,FlatFaultB,FlatFault-B,12657,213683,981,FlatFaultB:12657
2027,global_train,42,1234,5,FlatFaultB,FlatFault-B,11990,132973,982,FlatFaultB:11990
2027,global_train,42,1234,5,FlatFaultB,FlatFault-B,27766,45535,983,FlatFaultB:27766
2027,global_train,42,1234,5,FlatFaultB,FlatFault-B,3145,220069,984,FlatFaultB:3145
2027,global_train,42,1234,5,FlatFaultB,FlatFault-B,49300,141759,985,FlatFaultB:49300
2027,global_train,42,1234,5,FlatFaultB,FlatFault-B,3612,162026,986,FlatFaultB:3612
2027,global_train,42,1234,5,FlatFaultB,FlatFault-B,28530,226205,987,FlatFaultB:28530
2027,global_train,42,1234,5,FlatFaultB,FlatFault-B,15135,128764,988,FlatFaultB:15135
2027,global_train,42,1234,5,FlatFaultB,FlatFault-B,16980,196016,989,FlatFaultB:16980
2027,global_train,42,1234,5,FlatFaultB,FlatFault-B,9578,73211,990,FlatFaultB:9578
2027,global_train,42,1234,5,FlatFaultB,FlatFault-B,50267,153700,991,FlatFaultB:50267
2027,global_train,42,1234,5,FlatFaultB,FlatFault-B,27358,134993,992,FlatFaultB:27358
2027,global_train,42,1234,5,FlatFaultB,FlatFault-B,21555,159386,993,FlatFaultB:21555
2027,global_train,42,1234,5,FlatFaultB,FlatFault-B,34938,109916,994,FlatFaultB:34938
2027,global_train,42,1234,5,FlatFaultB,FlatFault-B,41249,23472,995,FlatFaultB:41249
2027,global_train,42,1234,5,FlatFaultB,FlatFault-B,8812,91012,996,FlatFaultB:8812
2027,global_train,42,1234,5,FlatFaultB,FlatFault-B,34559,112292,997,FlatFaultB:34559
2027,global_train,42,1234,5,FlatFaultB,FlatFault-B,51239,173405,998,FlatFaultB:51239
2027,global_train,42,1234,5,FlatFaultB,FlatFault-B,12236,157492,999,FlatFaultB:12236
2027,global_train,42,1234,6,CurveFaultA,CurveFault-A,12804,172994,0,CurveFaultA:12804
2027,global_train,42,1234,6,CurveFaultA,CurveFault-A,20060,45025,1,CurveFaultA:20060
2027,global_train,42,1234,6,CurveFaultA,CurveFault-A,17554,227446,2,CurveFaultA:17554
2027,global_train,42,1234,6,CurveFaultA,CurveFault-A,53098,196345,3,CurveFaultA:53098
2027,global_train,42,1234,6,CurveFaultA,CurveFault-A,24780,142732,4,CurveFaultA:24780
2027,global_train,42,1234,6,CurveFaultA,CurveFault-A,20384,45002,5,CurveFaultA:20384
2027,global_train,42,1234,6,CurveFaultA,CurveFault-A,30094,19100,6,CurveFaultA:30094
2027,global_train,42,1234,6,CurveFaultA,CurveFault-A,6810,10109,7,CurveFaultA:6810
2027,global_train,42,1234,6,CurveFaultA,CurveFault-A,11129,109149,8,CurveFaultA:11129
2027,global_train,42,1234,6,CurveFaultA,CurveFault-A,7295,89285,9,CurveFaultA:7295
2027,global_train,42,1234,6,CurveFaultA,CurveFault-A,30213,190630,10,CurveFaultA:30213
2027,global_train,42,1234,6,CurveFaultA,CurveFault-A,7814,102692,11,CurveFaultA:7814
2027,global_train,42,1234,6,CurveFaultA,CurveFault-A,22126,53111,12,CurveFaultA:22126
2027,global_train,42,1234,6,CurveFaultA,CurveFault-A,11372,168606,13,CurveFaultA:11372
2027,global_train,42,1234,6,CurveFaultA,CurveFault-A,47831,145686,14,CurveFaultA:47831
2027,global_train,42,1234,6,CurveFaultA,CurveFault-A,43046,190568,15,CurveFaultA:43046
2027,global_train,42,1234,6,CurveFaultA,CurveFault-A,48887,219326,16,CurveFaultA:48887
2027,global_train,42,1234,6,CurveFaultA,CurveFault-A,10910,2617,17,CurveFaultA:10910
2027,global_train,42,1234,6,CurveFaultA,CurveFault-A,2133,75023,18,CurveFaultA:2133
2027,global_train,42,1234,6,CurveFaultA,CurveFault-A,51408,210306,19,CurveFaultA:51408
2027,global_train,42,1234,6,CurveFaultA,CurveFault-A,52051,187271,20,CurveFaultA:52051
2027,global_train,42,1234,6,CurveFaultA,CurveFault-A,7894,69312,21,CurveFaultA:7894
2027,global_train,42,1234,6,CurveFaultA,CurveFault-A,31625,190206,22,CurveFaultA:31625
2027,global_train,42,1234,6,CurveFaultA,CurveFault-A,44111,182937,23,CurveFaultA:44111
2027,global_train,42,1234,6,CurveFaultA,CurveFault-A,32572,99582,24,CurveFaultA:32572
2027,global_train,42,1234,6,CurveFaultA,CurveFault-A,5821,179473,25,CurveFaultA:5821
2027,global_train,42,1234,6,CurveFaultA,CurveFault-A,38415,110997,26,CurveFaultA:38415
2027,global_train,42,1234,6,CurveFaultA,CurveFault-A,34056,185208,27,CurveFaultA:34056
2027,global_train,42,1234,6,CurveFaultA,CurveFault-A,34238,216776,28,CurveFaultA:34238
2027,global_train,42,1234,6,CurveFaultA,CurveFault-A,29807,157678,29,CurveFaultA:29807
2027,global_train,42,1234,6,CurveFaultA,CurveFault-A,45781,229209,30,CurveFaultA:45781
2027,global_train,42,1234,6,CurveFaultA,CurveFault-A,18968,44147,31,CurveFaultA:18968
2027,global_train,42,1234,6,CurveFaultA,CurveFault-A,47327,37939,32,CurveFaultA:47327
2027,global_train,42,1234,6,CurveFaultA,CurveFault-A,52350,80841,33,CurveFaultA:52350
2027,global_train,42,1234,6,CurveFaultA,CurveFault-A,37680,147019,34,CurveFaultA:37680
2027,global_train,42,1234,6,CurveFaultA,CurveFault-A,32736,55572,35,CurveFaultA:32736
2027,global_train,42,1234,6,CurveFaultA,CurveFault-A,48245,205295,36,CurveFaultA:48245
2027,global_train,42,1234,6,CurveFaultA,CurveFault-A,26093,192460,37,CurveFaultA:26093
2027,global_train,42,1234,6,CurveFaultA,CurveFault-A,21824,52592,38,CurveFaultA:21824
2027,global_train,42,1234,6,CurveFaultA,CurveFault-A,53285,700,39,CurveFaultA:53285
2027,global_train,42,1234,6,CurveFaultA,CurveFault-A,48891,134603,40,CurveFaultA:48891
2027,global_train,42,1234,6,CurveFaultA,CurveFault-A,15715,85109,41,CurveFaultA:15715
2027,global_train,42,1234,6,CurveFaultA,CurveFault-A,8563,27300,42,CurveFaultA:8563
2027,global_train,42,1234,6,CurveFaultA,CurveFault-A,29042,140513,43,CurveFaultA:29042
2027,global_train,42,1234,6,CurveFaultA,CurveFault-A,26249,134703,44,CurveFaultA:26249
2027,global_train,42,1234,6,CurveFaultA,CurveFault-A,41712,71449,45,CurveFaultA:41712
2027,global_train,42,1234,6,CurveFaultA,CurveFault-A,41435,149745,46,CurveFaultA:41435
2027,global_train,42,1234,6,CurveFaultA,CurveFault-A,47501,6823,47,CurveFaultA:47501
2027,global_train,42,1234,6,CurveFaultA,CurveFault-A,12729,185888,48,CurveFaultA:12729
2027,global_train,42,1234,6,CurveFaultA,CurveFault-A,1414,34241,49,CurveFaultA:1414
2027,global_train,42,1234,6,CurveFaultA,CurveFault-A,38641,177586,50,CurveFaultA:38641
2027,global_train,42,1234,6,CurveFaultA,CurveFault-A,4525,8098,51,CurveFaultA:4525
2027,global_train,42,1234,6,CurveFaultA,CurveFault-A,46578,214601,52,CurveFaultA:46578
2027,global_train,42,1234,6,CurveFaultA,CurveFault-A,24477,8761,53,CurveFaultA:24477
2027,global_train,42,1234,6,CurveFaultA,CurveFault-A,20571,96258,54,CurveFaultA:20571
2027,global_train,42,1234,6,CurveFaultA,CurveFault-A,12452,49200,55,CurveFaultA:12452
2027,global_train,42,1234,6,CurveFaultA,CurveFault-A,50549,79706,56,CurveFaultA:50549
2027,global_train,42,1234,6,CurveFaultA,CurveFault-A,47611,52849,57,CurveFaultA:47611
2027,global_train,42,1234,6,CurveFaultA,CurveFault-A,31148,126520,58,CurveFaultA:31148
2027,global_train,42,1234,6,CurveFaultA,CurveFault-A,16052,162195,59,CurveFaultA:16052
2027,global_train,42,1234,6,CurveFaultA,CurveFault-A,9309,44862,60,CurveFaultA:9309
2027,global_train,42,1234,6,CurveFaultA,CurveFault-A,3552,187372,61,CurveFaultA:3552
2027,global_train,42,1234,6,CurveFaultA,CurveFault-A,1184,65539,62,CurveFaultA:1184
2027,global_train,42,1234,6,CurveFaultA,CurveFault-A,5482,76689,63,CurveFaultA:5482
2027,global_train,42,1234,6,CurveFaultA,CurveFault-A,41429,36537,64,CurveFaultA:41429
2027,global_train,42,1234,6,CurveFaultA,CurveFault-A,12800,172688,65,CurveFaultA:12800
2027,global_train,42,1234,6,CurveFaultA,CurveFault-A,8503,100114,66,CurveFaultA:8503
2027,global_train,42,1234,6,CurveFaultA,CurveFault-A,28780,189915,67,CurveFaultA:28780
2027,global_train,42,1234,6,CurveFaultA,CurveFault-A,46,33874,68,CurveFaultA:46
2027,global_train,42,1234,6,CurveFaultA,CurveFault-A,6972,50993,69,CurveFaultA:6972
2027,global_train,42,1234,6,CurveFaultA,CurveFault-A,17460,186341,70,CurveFaultA:17460
2027,global_train,42,1234,6,CurveFaultA,CurveFault-A,22320,48566,71,CurveFaultA:22320
2027,global_train,42,1234,6,CurveFaultA,CurveFault-A,30811,168253,72,CurveFaultA:30811
2027,global_train,42,1234,6,CurveFaultA,CurveFault-A,13520,143859,73,CurveFaultA:13520
2027,global_train,42,1234,6,CurveFaultA,CurveFault-A,821,129694,74,CurveFaultA:821
2027,global_train,42,1234,6,CurveFaultA,CurveFault-A,21523,136501,75,CurveFaultA:21523
2027,global_train,42,1234,6,CurveFaultA,CurveFault-A,20009,183643,76,CurveFaultA:20009
2027,global_train,42,1234,6,CurveFaultA,CurveFault-A,26054,175461,77,CurveFaultA:26054
2027,global_train,42,1234,6,CurveFaultA,CurveFault-A,41751,26731,78,CurveFaultA:41751
2027,global_train,42,1234,6,CurveFaultA,CurveFault-A,7942,107968,79,CurveFaultA:7942
2027,global_train,42,1234,6,CurveFaultA,CurveFault-A,9548,134936,80,CurveFaultA:9548
2027,global_train,42,1234,6,CurveFaultA,CurveFault-A,21744,54368,81,CurveFaultA:21744
2027,global_train,42,1234,6,CurveFaultA,CurveFault-A,39277,22546,82,CurveFaultA:39277
2027,global_train,42,1234,6,CurveFaultA,CurveFault-A,51474,185090,83,CurveFaultA:51474
2027,global_train,42,1234,6,CurveFaultA,CurveFault-A,16319,55607,84,CurveFaultA:16319
2027,global_train,42,1234,6,CurveFaultA,CurveFault-A,43130,116514,85,CurveFaultA:43130
2027,global_train,42,1234,6,CurveFaultA,CurveFault-A,46251,57898,86,CurveFaultA:46251
2027,global_train,42,1234,6,CurveFaultA,CurveFault-A,39872,116874,87,CurveFaultA:39872
2027,global_train,42,1234,6,CurveFaultA,CurveFault-A,39302,214251,88,CurveFaultA:39302
2027,global_train,42,1234,6,CurveFaultA,CurveFault-A,45603,20495,89,CurveFaultA:45603
2027,global_train,42,1234,6,CurveFaultA,CurveFault-A,21839,138230,90,CurveFaultA:21839
2027,global_train,42,1234,6,CurveFaultA,CurveFault-A,19987,59577,91,CurveFaultA:19987
2027,global_train,42,1234,6,CurveFaultA,CurveFault-A,35360,159111,92,CurveFaultA:35360
2027,global_train,42,1234,6,CurveFaultA,CurveFault-A,38343,213992,93,CurveFaultA:38343
2027,global_train,42,1234,6,CurveFaultA,CurveFault-A,28161,150689,94,CurveFaultA:28161
2027,global_train,42,1234,6,CurveFaultA,CurveFault-A,46964,20613,95,CurveFaultA:46964
2027,global_train,42,1234,6,CurveFaultA,CurveFault-A,18513,18140,96,CurveFaultA:18513
2027,global_train,42,1234,6,CurveFaultA,CurveFault-A,52493,166664,97,CurveFaultA:52493
2027,global_train,42,1234,6,CurveFaultA,CurveFault-A,37892,194930,98,CurveFaultA:37892
2027,global_train,42,1234,6,CurveFaultA,CurveFault-A,39747,91058,99,CurveFaultA:39747
2027,global_train,42,1234,6,CurveFaultA,CurveFault-A,1365,34790,100,CurveFaultA:1365
2027,global_train,42,1234,6,CurveFaultA,CurveFault-A,14444,60715,101,CurveFaultA:14444
2027,global_train,42,1234,6,CurveFaultA,CurveFault-A,19490,115009,102,CurveFaultA:19490
2027,global_train,42,1234,6,CurveFaultA,CurveFault-A,49871,39916,103,CurveFaultA:49871
2027,global_train,42,1234,6,CurveFaultA,CurveFault-A,5073,159898,104,CurveFaultA:5073
2027,global_train,42,1234,6,CurveFaultA,CurveFault-A,8046,18058,105,CurveFaultA:8046
2027,global_train,42,1234,6,CurveFaultA,CurveFault-A,3969,163403,106,CurveFaultA:3969
2027,global_train,42,1234,6,CurveFaultA,CurveFault-A,37978,108932,107,CurveFaultA:37978
2027,global_train,42,1234,6,CurveFaultA,CurveFault-A,10657,5926,108,CurveFaultA:10657
2027,global_train,42,1234,6,CurveFaultA,CurveFault-A,32148,108559,109,CurveFaultA:32148
2027,global_train,42,1234,6,CurveFaultA,CurveFault-A,6114,127539,110,CurveFaultA:6114
2027,global_train,42,1234,6,CurveFaultA,CurveFault-A,15773,224498,111,CurveFaultA:15773
2027,global_train,42,1234,6,CurveFaultA,CurveFault-A,9598,169908,112,CurveFaultA:9598
2027,global_train,42,1234,6,CurveFaultA,CurveFault-A,18053,222473,113,CurveFaultA:18053
2027,global_train,42,1234,6,CurveFaultA,CurveFault-A,44413,202022,114,CurveFaultA:44413
2027,global_train,42,1234,6,CurveFaultA,CurveFault-A,20380,207147,115,CurveFaultA:20380
2027,global_train,42,1234,6,CurveFaultA,CurveFault-A,30208,116410,116,CurveFaultA:30208
2027,global_train,42,1234,6,CurveFaultA,CurveFault-A,14683,115330,117,CurveFaultA:14683
2027,global_train,42,1234,6,CurveFaultA,CurveFault-A,8523,5610,118,CurveFaultA:8523
2027,global_train,42,1234,6,CurveFaultA,CurveFault-A,32166,210251,119,CurveFaultA:32166
2027,global_train,42,1234,6,CurveFaultA,CurveFault-A,16992,142639,120,CurveFaultA:16992
2027,global_train,42,1234,6,CurveFaultA,CurveFault-A,19813,207365,121,CurveFaultA:19813
2027,global_train,42,1234,6,CurveFaultA,CurveFault-A,23222,175693,122,CurveFaultA:23222
2027,global_train,42,1234,6,CurveFaultA,CurveFault-A,28864,91477,123,CurveFaultA:28864
2027,global_train,42,1234,6,CurveFaultA,CurveFault-A,11121,117205,124,CurveFaultA:11121
2027,global_train,42,1234,6,CurveFaultA,CurveFault-A,32843,82228,125,CurveFaultA:32843
2027,global_train,42,1234,6,CurveFaultA,CurveFault-A,17154,174835,126,CurveFaultA:17154
2027,global_train,42,1234,6,CurveFaultA,CurveFault-A,51988,120520,127,CurveFaultA:51988
2027,global_train,42,1234,6,CurveFaultA,CurveFault-A,7111,163868,128,CurveFaultA:7111
2027,global_train,42,1234,6,CurveFaultA,CurveFault-A,46849,175428,129,CurveFaultA:46849
2027,global_train,42,1234,6,CurveFaultA,CurveFault-A,48950,117175,130,CurveFaultA:48950
2027,global_train,42,1234,6,CurveFaultA,CurveFault-A,14726,131434,131,CurveFaultA:14726
2027,global_train,42,1234,6,CurveFaultA,CurveFault-A,28040,58705,132,CurveFaultA:28040
2027,global_train,42,1234,6,CurveFaultA,CurveFault-A,29242,184629,133,CurveFaultA:29242
2027,global_train,42,1234,6,CurveFaultA,CurveFault-A,38759,173098,134,CurveFaultA:38759
2027,global_train,42,1234,6,CurveFaultA,CurveFault-A,45882,207267,135,CurveFaultA:45882
2027,global_train,42,1234,6,CurveFaultA,CurveFault-A,3740,88561,136,CurveFaultA:3740
2027,global_train,42,1234,6,CurveFaultA,CurveFault-A,24581,25163,137,CurveFaultA:24581
2027,global_train,42,1234,6,CurveFaultA,CurveFault-A,43702,222744,138,CurveFaultA:43702
2027,global_train,42,1234,6,CurveFaultA,CurveFault-A,6706,191773,139,CurveFaultA:6706
2027,global_train,42,1234,6,CurveFaultA,CurveFault-A,33965,139374,140,CurveFaultA:33965
2027,global_train,42,1234,6,CurveFaultA,CurveFault-A,52161,41031,141,CurveFaultA:52161
2027,global_train,42,1234,6,CurveFaultA,CurveFault-A,32727,156800,142,CurveFaultA:32727
2027,global_train,42,1234,6,CurveFaultA,CurveFault-A,31916,44345,143,CurveFaultA:31916
2027,global_train,42,1234,6,CurveFaultA,CurveFault-A,16519,84114,144,CurveFaultA:16519
2027,global_train,42,1234,6,CurveFaultA,CurveFault-A,4066,104982,145,CurveFaultA:4066
2027,global_train,42,1234,6,CurveFaultA,CurveFault-A,30648,87261,146,CurveFaultA:30648
2027,global_train,42,1234,6,CurveFaultA,CurveFault-A,21302,86724,147,CurveFaultA:21302
2027,global_train,42,1234,6,CurveFaultA,CurveFault-A,52109,45668,148,CurveFaultA:52109
2027,global_train,42,1234,6,CurveFaultA,CurveFault-A,19678,77862,149,CurveFaultA:19678
2027,global_train,42,1234,6,CurveFaultA,CurveFault-A,1420,220486,150,CurveFaultA:1420
2027,global_train,42,1234,6,CurveFaultA,CurveFault-A,19143,42712,151,CurveFaultA:19143
2027,global_train,42,1234,6,CurveFaultA,CurveFault-A,34747,167633,152,CurveFaultA:34747
2027,global_train,42,1234,6,CurveFaultA,CurveFault-A,14550,97547,153,CurveFaultA:14550
2027,global_train,42,1234,6,CurveFaultA,CurveFault-A,41729,158096,154,CurveFaultA:41729
2027,global_train,42,1234,6,CurveFaultA,CurveFault-A,50348,95096,155,CurveFaultA:50348
2027,global_train,42,1234,6,CurveFaultA,CurveFault-A,35825,178087,156,CurveFaultA:35825
2027,global_train,42,1234,6,CurveFaultA,CurveFault-A,2731,178116,157,CurveFaultA:2731
2027,global_train,42,1234,6,CurveFaultA,CurveFault-A,49818,131837,158,CurveFaultA:49818
2027,global_train,42,1234,6,CurveFaultA,CurveFault-A,35263,148944,159,CurveFaultA:35263
2027,global_train,42,1234,6,CurveFaultA,CurveFault-A,25540,136534,160,CurveFaultA:25540
2027,global_train,42,1234,6,CurveFaultA,CurveFault-A,39736,149284,161,CurveFaultA:39736
2027,global_train,42,1234,6,CurveFaultA,CurveFault-A,39205,12735,162,CurveFaultA:39205
2027,global_train,42,1234,6,CurveFaultA,CurveFault-A,27353,59183,163,CurveFaultA:27353
2027,global_train,42,1234,6,CurveFaultA,CurveFault-A,33139,161435,164,CurveFaultA:33139
2027,global_train,42,1234,6,CurveFaultA,CurveFault-A,14312,60949,165,CurveFaultA:14312
2027,global_train,42,1234,6,CurveFaultA,CurveFault-A,46634,7848,166,CurveFaultA:46634
2027,global_train,42,1234,6,CurveFaultA,CurveFault-A,11011,187686,167,CurveFaultA:11011
2027,global_train,42,1234,6,CurveFaultA,CurveFault-A,26864,187594,168,CurveFaultA:26864
2027,global_train,42,1234,6,CurveFaultA,CurveFault-A,37309,87699,169,CurveFaultA:37309
2027,global_train,42,1234,6,CurveFaultA,CurveFault-A,2571,162361,170,CurveFaultA:2571
2027,global_train,42,1234,6,CurveFaultA,CurveFault-A,32631,220974,171,CurveFaultA:32631
2027,global_train,42,1234,6,CurveFaultA,CurveFault-A,43479,71828,172,CurveFaultA:43479
2027,global_train,42,1234,6,CurveFaultA,CurveFault-A,33368,197252,173,CurveFaultA:33368
2027,global_train,42,1234,6,CurveFaultA,CurveFault-A,20654,192594,174,CurveFaultA:20654
2027,global_train,42,1234,6,CurveFaultA,CurveFault-A,46550,6880,175,CurveFaultA:46550
2027,global_train,42,1234,6,CurveFaultA,CurveFault-A,29885,216654,176,CurveFaultA:29885
2027,global_train,42,1234,6,CurveFaultA,CurveFault-A,9450,177811,177,CurveFaultA:9450
2027,global_train,42,1234,6,CurveFaultA,CurveFault-A,41658,151895,178,CurveFaultA:41658
2027,global_train,42,1234,6,CurveFaultA,CurveFault-A,32393,232864,179,CurveFaultA:32393
2027,global_train,42,1234,6,CurveFaultA,CurveFault-A,15253,174687,180,CurveFaultA:15253
2027,global_train,42,1234,6,CurveFaultA,CurveFault-A,33173,20421,181,CurveFaultA:33173
2027,global_train,42,1234,6,CurveFaultA,CurveFault-A,42456,228071,182,CurveFaultA:42456
2027,global_train,42,1234,6,CurveFaultA,CurveFault-A,32791,205000,183,CurveFaultA:32791
2027,global_train,42,1234,6,CurveFaultA,CurveFault-A,39807,116503,184,CurveFaultA:39807
2027,global_train,42,1234,6,CurveFaultA,CurveFault-A,6031,30891,185,CurveFaultA:6031
2027,global_train,42,1234,6,CurveFaultA,CurveFault-A,48376,218983,186,CurveFaultA:48376
2027,global_train,42,1234,6,CurveFaultA,CurveFault-A,31503,140076,187,CurveFaultA:31503
2027,global_train,42,1234,6,CurveFaultA,CurveFault-A,31937,72116,188,CurveFaultA:31937
2027,global_train,42,1234,6,CurveFaultA,CurveFault-A,5468,203115,189,CurveFaultA:5468
2027,global_train,42,1234,6,CurveFaultA,CurveFault-A,39620,5326,190,CurveFaultA:39620
2027,global_train,42,1234,6,CurveFaultA,CurveFault-A,20832,68452,191,CurveFaultA:20832
2027,global_train,42,1234,6,CurveFaultA,CurveFault-A,30173,102950,192,CurveFaultA:30173
2027,global_train,42,1234,6,CurveFaultA,CurveFault-A,34760,9320,193,CurveFaultA:34760
2027,global_train,42,1234,6,CurveFaultA,CurveFault-A,23904,76395,194,CurveFaultA:23904
2027,global_train,42,1234,6,CurveFaultA,CurveFault-A,42313,146865,195,CurveFaultA:42313
2027,global_train,42,1234,6,CurveFaultA,CurveFault-A,49916,58982,196,CurveFaultA:49916
2027,global_train,42,1234,6,CurveFaultA,CurveFault-A,12802,216042,197,CurveFaultA:12802
2027,global_train,42,1234,6,CurveFaultA,CurveFault-A,37973,16426,198,CurveFaultA:37973
2027,global_train,42,1234,6,CurveFaultA,CurveFault-A,50442,95675,199,CurveFaultA:50442
2027,global_train,42,1234,6,CurveFaultA,CurveFault-A,8451,117155,200,CurveFaultA:8451
2027,global_train,42,1234,6,CurveFaultA,CurveFault-A,21598,154971,201,CurveFaultA:21598
2027,global_train,42,1234,6,CurveFaultA,CurveFault-A,2778,234879,202,CurveFaultA:2778
2027,global_train,42,1234,6,CurveFaultA,CurveFault-A,43606,55551,203,CurveFaultA:43606
2027,global_train,42,1234,6,CurveFaultA,CurveFault-A,32841,119142,204,CurveFaultA:32841
2027,global_train,42,1234,6,CurveFaultA,CurveFault-A,23694,139919,205,CurveFaultA:23694
2027,global_train,42,1234,6,CurveFaultA,CurveFault-A,7337,171181,206,CurveFaultA:7337
2027,global_train,42,1234,6,CurveFaultA,CurveFault-A,33149,53517,207,CurveFaultA:33149
2027,global_train,42,1234,6,CurveFaultA,CurveFault-A,33464,23963,208,CurveFaultA:33464
2027,global_train,42,1234,6,CurveFaultA,CurveFault-A,45937,21863,209,CurveFaultA:45937
2027,global_train,42,1234,6,CurveFaultA,CurveFault-A,48393,131707,210,CurveFaultA:48393
2027,global_train,42,1234,6,CurveFaultA,CurveFault-A,7123,58752,211,CurveFaultA:7123
2027,global_train,42,1234,6,CurveFaultA,CurveFault-A,22039,103846,212,CurveFaultA:22039
2027,global_train,42,1234,6,CurveFaultA,CurveFault-A,48054,84654,213,CurveFaultA:48054
2027,global_train,42,1234,6,CurveFaultA,CurveFault-A,17105,130976,214,CurveFaultA:17105
2027,global_train,42,1234,6,CurveFaultA,CurveFault-A,47456,91312,215,CurveFaultA:47456
2027,global_train,42,1234,6,CurveFaultA,CurveFault-A,4440,108828,216,CurveFaultA:4440
2027,global_train,42,1234,6,CurveFaultA,CurveFault-A,7,34087,217,CurveFaultA:7
2027,global_train,42,1234,6,CurveFaultA,CurveFault-A,51563,22309,218,CurveFaultA:51563
2027,global_train,42,1234,6,CurveFaultA,CurveFault-A,29047,180516,219,CurveFaultA:29047
2027,global_train,42,1234,6,CurveFaultA,CurveFault-A,5263,3134,220,CurveFaultA:5263
2027,global_train,42,1234,6,CurveFaultA,CurveFault-A,47879,13719,221,CurveFaultA:47879
2027,global_train,42,1234,6,CurveFaultA,CurveFault-A,33946,1168,222,CurveFaultA:33946
2027,global_train,42,1234,6,CurveFaultA,CurveFault-A,12191,44508,223,CurveFaultA:12191
2027,global_train,42,1234,6,CurveFaultA,CurveFault-A,3703,171183,224,CurveFaultA:3703
2027,global_train,42,1234,6,CurveFaultA,CurveFault-A,14614,201367,225,CurveFaultA:14614
2027,global_train,42,1234,6,CurveFaultA,CurveFault-A,6658,35129,226,CurveFaultA:6658
2027,global_train,42,1234,6,CurveFaultA,CurveFault-A,45568,104208,227,CurveFaultA:45568
2027,global_train,42,1234,6,CurveFaultA,CurveFault-A,9790,181734,228,CurveFaultA:9790
2027,global_train,42,1234,6,CurveFaultA,CurveFault-A,13525,209685,229,CurveFaultA:13525
2027,global_train,42,1234,6,CurveFaultA,CurveFault-A,6653,117410,230,CurveFaultA:6653
2027,global_train,42,1234,6,CurveFaultA,CurveFault-A,47875,185909,231,CurveFaultA:47875
2027,global_train,42,1234,6,CurveFaultA,CurveFault-A,3732,48060,232,CurveFaultA:3732
2027,global_train,42,1234,6,CurveFaultA,CurveFault-A,21604,121687,233,CurveFaultA:21604
2027,global_train,42,1234,6,CurveFaultA,CurveFault-A,28993,163502,234,CurveFaultA:28993
2027,global_train,42,1234,6,CurveFaultA,CurveFault-A,45830,139481,235,CurveFaultA:45830
2027,global_train,42,1234,6,CurveFaultA,CurveFault-A,4636,159023,236,CurveFaultA:4636
2027,global_train,42,1234,6,CurveFaultA,CurveFault-A,41605,98807,237,CurveFaultA:41605
2027,global_train,42,1234,6,CurveFaultA,CurveFault-A,39587,53173,238,CurveFaultA:39587
2027,global_train,42,1234,6,CurveFaultA,CurveFault-A,11724,152951,239,CurveFaultA:11724
2027,global_train,42,1234,6,CurveFaultA,CurveFault-A,23339,3003,240,CurveFaultA:23339
2027,global_train,42,1234,6,CurveFaultA,CurveFault-A,18056,195162,241,CurveFaultA:18056
2027,global_train,42,1234,6,CurveFaultA,CurveFault-A,50567,75728,242,CurveFaultA:50567
2027,global_train,42,1234,6,CurveFaultA,CurveFault-A,38179,22076,243,CurveFaultA:38179
2027,global_train,42,1234,6,CurveFaultA,CurveFault-A,31582,42929,244,CurveFaultA:31582
2027,global_train,42,1234,6,CurveFaultA,CurveFault-A,26773,89758,245,CurveFaultA:26773
2027,global_train,42,1234,6,CurveFaultA,CurveFault-A,17559,201259,246,CurveFaultA:17559
2027,global_train,42,1234,6,CurveFaultA,CurveFault-A,46259,226603,247,CurveFaultA:46259
2027,global_train,42,1234,6,CurveFaultA,CurveFault-A,43381,83701,248,CurveFaultA:43381
2027,global_train,42,1234,6,CurveFaultA,CurveFault-A,16968,201361,249,CurveFaultA:16968
2027,global_train,42,1234,6,CurveFaultA,CurveFault-A,36495,1318,250,CurveFaultA:36495
2027,global_train,42,1234,6,CurveFaultA,CurveFault-A,38929,168062,251,CurveFaultA:38929
2027,global_train,42,1234,6,CurveFaultA,CurveFault-A,22331,39792,252,CurveFaultA:22331
2027,global_train,42,1234,6,CurveFaultA,CurveFault-A,35123,34683,253,CurveFaultA:35123
2027,global_train,42,1234,6,CurveFaultA,CurveFault-A,6289,66668,254,CurveFaultA:6289
2027,global_train,42,1234,6,CurveFaultA,CurveFault-A,4238,110702,255,CurveFaultA:4238
2027,global_train,42,1234,6,CurveFaultA,CurveFault-A,21252,46934,256,CurveFaultA:21252
2027,global_train,42,1234,6,CurveFaultA,CurveFault-A,8069,214172,257,CurveFaultA:8069
2027,global_train,42,1234,6,CurveFaultA,CurveFault-A,18340,14686,258,CurveFaultA:18340
2027,global_train,42,1234,6,CurveFaultA,CurveFault-A,20608,160590,259,CurveFaultA:20608
2027,global_train,42,1234,6,CurveFaultA,CurveFault-A,47569,42113,260,CurveFaultA:47569
2027,global_train,42,1234,6,CurveFaultA,CurveFault-A,3163,107870,261,CurveFaultA:3163
2027,global_train,42,1234,6,CurveFaultA,CurveFault-A,2053,10540,262,CurveFaultA:2053
2027,global_train,42,1234,6,CurveFaultA,CurveFault-A,28858,99634,263,CurveFaultA:28858
2027,global_train,42,1234,6,CurveFaultA,CurveFault-A,48124,39928,264,CurveFaultA:48124
2027,global_train,42,1234,6,CurveFaultA,CurveFault-A,52113,40859,265,CurveFaultA:52113
2027,global_train,42,1234,6,CurveFaultA,CurveFault-A,10669,111351,266,CurveFaultA:10669
2027,global_train,42,1234,6,CurveFaultA,CurveFault-A,7070,78338,267,CurveFaultA:7070
2027,global_train,42,1234,6,CurveFaultA,CurveFault-A,16282,88190,268,CurveFaultA:16282
2027,global_train,42,1234,6,CurveFaultA,CurveFault-A,10215,114730,269,CurveFaultA:10215
2027,global_train,42,1234,6,CurveFaultA,CurveFault-A,53601,171930,270,CurveFaultA:53601
2027,global_train,42,1234,6,CurveFaultA,CurveFault-A,44069,181775,271,CurveFaultA:44069
2027,global_train,42,1234,6,CurveFaultA,CurveFault-A,10815,115168,272,CurveFaultA:10815
2027,global_train,42,1234,6,CurveFaultA,CurveFault-A,22162,202508,273,CurveFaultA:22162
2027,global_train,42,1234,6,CurveFaultA,CurveFault-A,5463,148082,274,CurveFaultA:5463
2027,global_train,42,1234,6,CurveFaultA,CurveFault-A,23966,68983,275,CurveFaultA:23966
2027,global_train,42,1234,6,CurveFaultA,CurveFault-A,12539,57377,276,CurveFaultA:12539
2027,global_train,42,1234,6,CurveFaultA,CurveFault-A,50700,29364,277,CurveFaultA:50700
2027,global_train,42,1234,6,CurveFaultA,CurveFault-A,27105,79800,278,CurveFaultA:27105
2027,global_train,42,1234,6,CurveFaultA,CurveFault-A,2924,69763,279,CurveFaultA:2924
2027,global_train,42,1234,6,CurveFaultA,CurveFault-A,50360,199584,280,CurveFaultA:50360
2027,global_train,42,1234,6,CurveFaultA,CurveFault-A,29710,144761,281,CurveFaultA:29710
2027,global_train,42,1234,6,CurveFaultA,CurveFault-A,26343,192327,282,CurveFaultA:26343
2027,global_train,42,1234,6,CurveFaultA,CurveFault-A,7552,188321,283,CurveFaultA:7552
2027,global_train,42,1234,6,CurveFaultA,CurveFault-A,12136,71781,284,CurveFaultA:12136
2027,global_train,42,1234,6,CurveFaultA,CurveFault-A,53956,183368,285,CurveFaultA:53956
2027,global_train,42,1234,6,CurveFaultA,CurveFault-A,50896,147077,286,CurveFaultA:50896
2027,global_train,42,1234,6,CurveFaultA,CurveFault-A,2114,87029,287,CurveFaultA:2114
2027,global_train,42,1234,6,CurveFaultA,CurveFault-A,32475,95036,288,CurveFaultA:32475
2027,global_train,42,1234,6,CurveFaultA,CurveFault-A,51207,173125,289,CurveFaultA:51207
2027,global_train,42,1234,6,CurveFaultA,CurveFault-A,42174,85172,290,CurveFaultA:42174
2027,global_train,42,1234,6,CurveFaultA,CurveFault-A,43235,166084,291,CurveFaultA:43235
2027,global_train,42,1234,6,CurveFaultA,CurveFault-A,42889,48692,292,CurveFaultA:42889
2027,global_train,42,1234,6,CurveFaultA,CurveFault-A,7122,55564,293,CurveFaultA:7122
2027,global_train,42,1234,6,CurveFaultA,CurveFault-A,44666,23369,294,CurveFaultA:44666
2027,global_train,42,1234,6,CurveFaultA,CurveFault-A,52268,89730,295,CurveFaultA:52268
2027,global_train,42,1234,6,CurveFaultA,CurveFault-A,16039,108256,296,CurveFaultA:16039
2027,global_train,42,1234,6,CurveFaultA,CurveFault-A,47962,85617,297,CurveFaultA:47962
2027,global_train,42,1234,6,CurveFaultA,CurveFault-A,4253,18315,298,CurveFaultA:4253
2027,global_train,42,1234,6,CurveFaultA,CurveFault-A,20476,125256,299,CurveFaultA:20476
2027,global_train,42,1234,6,CurveFaultA,CurveFault-A,6431,171178,300,CurveFaultA:6431
2027,global_train,42,1234,6,CurveFaultA,CurveFault-A,16015,121843,301,CurveFaultA:16015
2027,global_train,42,1234,6,CurveFaultA,CurveFault-A,40044,55542,302,CurveFaultA:40044
2027,global_train,42,1234,6,CurveFaultA,CurveFault-A,31795,58364,303,CurveFaultA:31795
2027,global_train,42,1234,6,CurveFaultA,CurveFault-A,21156,109582,304,CurveFaultA:21156
2027,global_train,42,1234,6,CurveFaultA,CurveFault-A,19524,64608,305,CurveFaultA:19524
2027,global_train,42,1234,6,CurveFaultA,CurveFault-A,36665,209475,306,CurveFaultA:36665
2027,global_train,42,1234,6,CurveFaultA,CurveFault-A,37724,24035,307,CurveFaultA:37724
2027,global_train,42,1234,6,CurveFaultA,CurveFault-A,53059,128111,308,CurveFaultA:53059
2027,global_train,42,1234,6,CurveFaultA,CurveFault-A,44740,195362,309,CurveFaultA:44740
2027,global_train,42,1234,6,CurveFaultA,CurveFault-A,43283,149982,310,CurveFaultA:43283
2027,global_train,42,1234,6,CurveFaultA,CurveFault-A,42819,141307,311,CurveFaultA:42819
2027,global_train,42,1234,6,CurveFaultA,CurveFault-A,37367,1914,312,CurveFaultA:37367
2027,global_train,42,1234,6,CurveFaultA,CurveFault-A,29539,99663,313,CurveFaultA:29539
2027,global_train,42,1234,6,CurveFaultA,CurveFault-A,51858,22177,314,CurveFaultA:51858
2027,global_train,42,1234,6,CurveFaultA,CurveFault-A,28267,165018,315,CurveFaultA:28267
2027,global_train,42,1234,6,CurveFaultA,CurveFault-A,42066,58121,316,CurveFaultA:42066
2027,global_train,42,1234,6,CurveFaultA,CurveFault-A,27797,12016,317,CurveFaultA:27797
2027,global_train,42,1234,6,CurveFaultA,CurveFault-A,7646,67149,318,CurveFaultA:7646
2027,global_train,42,1234,6,CurveFaultA,CurveFault-A,18948,139721,319,CurveFaultA:18948
2027,global_train,42,1234,6,CurveFaultA,CurveFault-A,14311,75669,320,CurveFaultA:14311
2027,global_train,42,1234,6,CurveFaultA,CurveFault-A,6541,95179,321,CurveFaultA:6541
2027,global_train,42,1234,6,CurveFaultA,CurveFault-A,18298,107517,322,CurveFaultA:18298
2027,global_train,42,1234,6,CurveFaultA,CurveFault-A,14612,226453,323,CurveFaultA:14612
2027,global_train,42,1234,6,CurveFaultA,CurveFault-A,45709,203560,324,CurveFaultA:45709
2027,global_train,42,1234,6,CurveFaultA,CurveFault-A,20089,215473,325,CurveFaultA:20089
2027,global_train,42,1234,6,CurveFaultA,CurveFault-A,7796,43119,326,CurveFaultA:7796
2027,global_train,42,1234,6,CurveFaultA,CurveFault-A,17853,202406,327,CurveFaultA:17853
2027,global_train,42,1234,6,CurveFaultA,CurveFault-A,17937,25560,328,CurveFaultA:17937
2027,global_train,42,1234,6,CurveFaultA,CurveFault-A,19477,146073,329,CurveFaultA:19477
2027,global_train,42,1234,6,CurveFaultA,CurveFault-A,30728,3869,330,CurveFaultA:30728
2027,global_train,42,1234,6,CurveFaultA,CurveFault-A,29212,166148,331,CurveFaultA:29212
2027,global_train,42,1234,6,CurveFaultA,CurveFault-A,1808,88018,332,CurveFaultA:1808
2027,global_train,42,1234,6,CurveFaultA,CurveFault-A,6033,196108,333,CurveFaultA:6033
2027,global_train,42,1234,6,CurveFaultA,CurveFault-A,25857,67603,334,CurveFaultA:25857
2027,global_train,42,1234,6,CurveFaultA,CurveFault-A,39666,52636,335,CurveFaultA:39666
2027,global_train,42,1234,6,CurveFaultA,CurveFault-A,11103,219318,336,CurveFaultA:11103
2027,global_train,42,1234,6,CurveFaultA,CurveFault-A,3428,227836,337,CurveFaultA:3428
2027,global_train,42,1234,6,CurveFaultA,CurveFault-A,52681,2788,338,CurveFaultA:52681
2027,global_train,42,1234,6,CurveFaultA,CurveFault-A,46020,211844,339,CurveFaultA:46020
2027,global_train,42,1234,6,CurveFaultA,CurveFault-A,5471,110155,340,CurveFaultA:5471
2027,global_train,42,1234,6,CurveFaultA,CurveFault-A,18490,106560,341,CurveFaultA:18490
2027,global_train,42,1234,6,CurveFaultA,CurveFault-A,14099,44802,342,CurveFaultA:14099
2027,global_train,42,1234,6,CurveFaultA,CurveFault-A,52180,61025,343,CurveFaultA:52180
2027,global_train,42,1234,6,CurveFaultA,CurveFault-A,25899,62457,344,CurveFaultA:25899
2027,global_train,42,1234,6,CurveFaultA,CurveFault-A,19526,141212,345,CurveFaultA:19526
2027,global_train,42,1234,6,CurveFaultA,CurveFault-A,49395,52298,346,CurveFaultA:49395
2027,global_train,42,1234,6,CurveFaultA,CurveFault-A,25698,49897,347,CurveFaultA:25698
2027,global_train,42,1234,6,CurveFaultA,CurveFault-A,40224,142123,348,CurveFaultA:40224
2027,global_train,42,1234,6,CurveFaultA,CurveFault-A,39716,77319,349,CurveFaultA:39716
2027,global_train,42,1234,6,CurveFaultA,CurveFault-A,9608,220383,350,CurveFaultA:9608
2027,global_train,42,1234,6,CurveFaultA,CurveFault-A,32502,233898,351,CurveFaultA:32502
2027,global_train,42,1234,6,CurveFaultA,CurveFault-A,24794,100511,352,CurveFaultA:24794
2027,global_train,42,1234,6,CurveFaultA,CurveFault-A,50905,191933,353,CurveFaultA:50905
2027,global_train,42,1234,6,CurveFaultA,CurveFault-A,39758,26324,354,CurveFaultA:39758
2027,global_train,42,1234,6,CurveFaultA,CurveFault-A,5552,97806,355,CurveFaultA:5552
2027,global_train,42,1234,6,CurveFaultA,CurveFault-A,52793,114671,356,CurveFaultA:52793
2027,global_train,42,1234,6,CurveFaultA,CurveFault-A,42167,89801,357,CurveFaultA:42167
2027,global_train,42,1234,6,CurveFaultA,CurveFault-A,52537,181934,358,CurveFaultA:52537
2027,global_train,42,1234,6,CurveFaultA,CurveFault-A,7674,165904,359,CurveFaultA:7674
2027,global_train,42,1234,6,CurveFaultA,CurveFault-A,26233,153133,360,CurveFaultA:26233
2027,global_train,42,1234,6,CurveFaultA,CurveFault-A,27377,18345,361,CurveFaultA:27377
2027,global_train,42,1234,6,CurveFaultA,CurveFault-A,14234,95194,362,CurveFaultA:14234
2027,global_train,42,1234,6,CurveFaultA,CurveFault-A,30033,130443,363,CurveFaultA:30033
2027,global_train,42,1234,6,CurveFaultA,CurveFault-A,25668,229185,364,CurveFaultA:25668
2027,global_train,42,1234,6,CurveFaultA,CurveFault-A,1933,177943,365,CurveFaultA:1933
2027,global_train,42,1234,6,CurveFaultA,CurveFault-A,12997,167939,366,CurveFaultA:12997
2027,global_train,42,1234,6,CurveFaultA,CurveFault-A,3218,172758,367,CurveFaultA:3218
2027,global_train,42,1234,6,CurveFaultA,CurveFault-A,21000,19153,368,CurveFaultA:21000
2027,global_train,42,1234,6,CurveFaultA,CurveFault-A,25973,98261,369,CurveFaultA:25973
2027,global_train,42,1234,6,CurveFaultA,CurveFault-A,21643,215438,370,CurveFaultA:21643
2027,global_train,42,1234,6,CurveFaultA,CurveFault-A,30735,3572,371,CurveFaultA:30735
2027,global_train,42,1234,6,CurveFaultA,CurveFault-A,12927,83692,372,CurveFaultA:12927
2027,global_train,42,1234,6,CurveFaultA,CurveFault-A,7545,200306,373,CurveFaultA:7545
2027,global_train,42,1234,6,CurveFaultA,CurveFault-A,10724,43060,374,CurveFaultA:10724
2027,global_train,42,1234,6,CurveFaultA,CurveFault-A,20723,111841,375,CurveFaultA:20723
2027,global_train,42,1234,6,CurveFaultA,CurveFault-A,13673,219384,376,CurveFaultA:13673
2027,global_train,42,1234,6,CurveFaultA,CurveFault-A,33108,207831,377,CurveFaultA:33108
2027,global_train,42,1234,6,CurveFaultA,CurveFault-A,42130,31572,378,CurveFaultA:42130
2027,global_train,42,1234,6,CurveFaultA,CurveFault-A,44457,98034,379,CurveFaultA:44457
2027,global_train,42,1234,6,CurveFaultA,CurveFault-A,24718,136827,380,CurveFaultA:24718
2027,global_train,42,1234,6,CurveFaultA,CurveFault-A,28841,106248,381,CurveFaultA:28841
2027,global_train,42,1234,6,CurveFaultA,CurveFault-A,24246,45036,382,CurveFaultA:24246
2027,global_train,42,1234,6,CurveFaultA,CurveFault-A,14577,199258,383,CurveFaultA:14577
2027,global_train,42,1234,6,CurveFaultA,CurveFault-A,27809,117298,384,CurveFaultA:27809
2027,global_train,42,1234,6,CurveFaultA,CurveFault-A,38825,60593,385,CurveFaultA:38825
2027,global_train,42,1234,6,CurveFaultA,CurveFault-A,36156,165538,386,CurveFaultA:36156
2027,global_train,42,1234,6,CurveFaultA,CurveFault-A,6134,10589,387,CurveFaultA:6134
2027,global_train,42,1234,6,CurveFaultA,CurveFault-A,5674,21285,388,CurveFaultA:5674
2027,global_train,42,1234,6,CurveFaultA,CurveFault-A,4099,7487,389,CurveFaultA:4099
2027,global_train,42,1234,6,CurveFaultA,CurveFault-A,1383,109930,390,CurveFaultA:1383
2027,global_train,42,1234,6,CurveFaultA,CurveFault-A,10306,215576,391,CurveFaultA:10306
2027,global_train,42,1234,6,CurveFaultA,CurveFault-A,50715,144606,392,CurveFaultA:50715
2027,global_train,42,1234,6,CurveFaultA,CurveFault-A,35836,68690,393,CurveFaultA:35836
2027,global_train,42,1234,6,CurveFaultA,CurveFault-A,47371,2908,394,CurveFaultA:47371
2027,global_train,42,1234,6,CurveFaultA,CurveFault-A,40901,174012,395,CurveFaultA:40901
2027,global_train,42,1234,6,CurveFaultA,CurveFault-A,8033,37654,396,CurveFaultA:8033
2027,global_train,42,1234,6,CurveFaultA,CurveFault-A,42374,100597,397,CurveFaultA:42374
2027,global_train,42,1234,6,CurveFaultA,CurveFault-A,10225,127342,398,CurveFaultA:10225
2027,global_train,42,1234,6,CurveFaultA,CurveFault-A,8266,87490,399,CurveFaultA:8266
2027,global_train,42,1234,6,CurveFaultA,CurveFault-A,16399,71605,400,CurveFaultA:16399
2027,global_train,42,1234,6,CurveFaultA,CurveFault-A,8728,232180,401,CurveFaultA:8728
2027,global_train,42,1234,6,CurveFaultA,CurveFault-A,30165,87737,402,CurveFaultA:30165
2027,global_train,42,1234,6,CurveFaultA,CurveFault-A,552,113320,403,CurveFaultA:552
2027,global_train,42,1234,6,CurveFaultA,CurveFault-A,33288,234214,404,CurveFaultA:33288
2027,global_train,42,1234,6,CurveFaultA,CurveFault-A,1395,104514,405,CurveFaultA:1395
2027,global_train,42,1234,6,CurveFaultA,CurveFault-A,682,155185,406,CurveFaultA:682
2027,global_train,42,1234,6,CurveFaultA,CurveFault-A,38167,158966,407,CurveFaultA:38167
2027,global_train,42,1234,6,CurveFaultA,CurveFault-A,26983,146312,408,CurveFaultA:26983
2027,global_train,42,1234,6,CurveFaultA,CurveFault-A,11057,35367,409,CurveFaultA:11057
2027,global_train,42,1234,6,CurveFaultA,CurveFault-A,27587,37293,410,CurveFaultA:27587
2027,global_train,42,1234,6,CurveFaultA,CurveFault-A,15502,65456,411,CurveFaultA:15502
2027,global_train,42,1234,6,CurveFaultA,CurveFault-A,29573,59493,412,CurveFaultA:29573
2027,global_train,42,1234,6,CurveFaultA,CurveFault-A,33986,171754,413,CurveFaultA:33986
2027,global_train,42,1234,6,CurveFaultA,CurveFault-A,36398,118350,414,CurveFaultA:36398
2027,global_train,42,1234,6,CurveFaultA,CurveFault-A,46425,54393,415,CurveFaultA:46425
2027,global_train,42,1234,6,CurveFaultA,CurveFault-A,29488,206888,416,CurveFaultA:29488
2027,global_train,42,1234,6,CurveFaultA,CurveFault-A,29421,13854,417,CurveFaultA:29421
2027,global_train,42,1234,6,CurveFaultA,CurveFault-A,33967,51697,418,CurveFaultA:33967
2027,global_train,42,1234,6,CurveFaultA,CurveFault-A,46870,105410,419,CurveFaultA:46870
2027,global_train,42,1234,6,CurveFaultA,CurveFault-A,11137,225150,420,CurveFaultA:11137
2027,global_train,42,1234,6,CurveFaultA,CurveFault-A,52922,142937,421,CurveFaultA:52922
2027,global_train,42,1234,6,CurveFaultA,CurveFault-A,40424,137213,422,CurveFaultA:40424
2027,global_train,42,1234,6,CurveFaultA,CurveFault-A,27566,76433,423,CurveFaultA:27566
2027,global_train,42,1234,6,CurveFaultA,CurveFault-A,14788,234973,424,CurveFaultA:14788
2027,global_train,42,1234,6,CurveFaultA,CurveFault-A,82,208879,425,CurveFaultA:82
2027,global_train,42,1234,6,CurveFaultA,CurveFault-A,40745,25133,426,CurveFaultA:40745
2027,global_train,42,1234,6,CurveFaultA,CurveFault-A,50689,102140,427,CurveFaultA:50689
2027,global_train,42,1234,6,CurveFaultA,CurveFault-A,22643,191727,428,CurveFaultA:22643
2027,global_train,42,1234,6,CurveFaultA,CurveFault-A,36205,214937,429,CurveFaultA:36205
2027,global_train,42,1234,6,CurveFaultA,CurveFault-A,37290,101236,430,CurveFaultA:37290
2027,global_train,42,1234,6,CurveFaultA,CurveFault-A,47796,14892,431,CurveFaultA:47796
2027,global_train,42,1234,6,CurveFaultA,CurveFault-A,53496,111622,432,CurveFaultA:53496
2027,global_train,42,1234,6,CurveFaultA,CurveFault-A,30017,195632,433,CurveFaultA:30017
2027,global_train,42,1234,6,CurveFaultA,CurveFault-A,44072,40677,434,CurveFaultA:44072
2027,global_train,42,1234,6,CurveFaultA,CurveFault-A,15176,169835,435,CurveFaultA:15176
2027,global_train,42,1234,6,CurveFaultA,CurveFault-A,16438,184513,436,CurveFaultA:16438
2027,global_train,42,1234,6,CurveFaultA,CurveFault-A,30548,58757,437,CurveFaultA:30548
2027,global_train,42,1234,6,CurveFaultA,CurveFault-A,36757,10956,438,CurveFaultA:36757
2027,global_train,42,1234,6,CurveFaultA,CurveFault-A,15532,189093,439,CurveFaultA:15532
2027,global_train,42,1234,6,CurveFaultA,CurveFault-A,823,69560,440,CurveFaultA:823
2027,global_train,42,1234,6,CurveFaultA,CurveFault-A,38625,197970,441,CurveFaultA:38625
2027,global_train,42,1234,6,CurveFaultA,CurveFault-A,6204,135998,442,CurveFaultA:6204
2027,global_train,42,1234,6,CurveFaultA,CurveFault-A,2856,90566,443,CurveFaultA:2856
2027,global_train,42,1234,6,CurveFaultA,CurveFault-A,633,90133,444,CurveFaultA:633
2027,global_train,42,1234,6,CurveFaultA,CurveFault-A,43528,204755,445,CurveFaultA:43528
2027,global_train,42,1234,6,CurveFaultA,CurveFault-A,51114,74318,446,CurveFaultA:51114
2027,global_train,42,1234,6,CurveFaultA,CurveFault-A,26361,56588,447,CurveFaultA:26361
2027,global_train,42,1234,6,CurveFaultA,CurveFault-A,40243,219566,448,CurveFaultA:40243
2027,global_train,42,1234,6,CurveFaultA,CurveFault-A,43667,200762,449,CurveFaultA:43667
2027,global_train,42,1234,6,CurveFaultA,CurveFault-A,37729,103536,450,CurveFaultA:37729
2027,global_train,42,1234,6,CurveFaultA,CurveFault-A,25291,90499,451,CurveFaultA:25291
2027,global_train,42,1234,6,CurveFaultA,CurveFault-A,37777,195412,452,CurveFaultA:37777
2027,global_train,42,1234,6,CurveFaultA,CurveFault-A,7000,79319,453,CurveFaultA:7000
2027,global_train,42,1234,6,CurveFaultA,CurveFault-A,40383,61180,454,CurveFaultA:40383
2027,global_train,42,1234,6,CurveFaultA,CurveFault-A,50363,227503,455,CurveFaultA:50363
2027,global_train,42,1234,6,CurveFaultA,CurveFault-A,48579,174943,456,CurveFaultA:48579
2027,global_train,42,1234,6,CurveFaultA,CurveFault-A,22633,49732,457,CurveFaultA:22633
2027,global_train,42,1234,6,CurveFaultA,CurveFault-A,500,217553,458,CurveFaultA:500
2027,global_train,42,1234,6,CurveFaultA,CurveFault-A,51643,146764,459,CurveFaultA:51643
2027,global_train,42,1234,6,CurveFaultA,CurveFault-A,40851,48071,460,CurveFaultA:40851
2027,global_train,42,1234,6,CurveFaultA,CurveFault-A,48148,106360,461,CurveFaultA:48148
2027,global_train,42,1234,6,CurveFaultA,CurveFault-A,49292,144586,462,CurveFaultA:49292
2027,global_train,42,1234,6,CurveFaultA,CurveFault-A,33024,157233,463,CurveFaultA:33024
2027,global_train,42,1234,6,CurveFaultA,CurveFault-A,8481,173235,464,CurveFaultA:8481
2027,global_train,42,1234,6,CurveFaultA,CurveFault-A,4377,152704,465,CurveFaultA:4377
2027,global_train,42,1234,6,CurveFaultA,CurveFault-A,53047,11670,466,CurveFaultA:53047
2027,global_train,42,1234,6,CurveFaultA,CurveFault-A,17627,84648,467,CurveFaultA:17627
2027,global_train,42,1234,6,CurveFaultA,CurveFault-A,6014,39364,468,CurveFaultA:6014
2027,global_train,42,1234,6,CurveFaultA,CurveFault-A,27683,6540,469,CurveFaultA:27683
2027,global_train,42,1234,6,CurveFaultA,CurveFault-A,23186,4663,470,CurveFaultA:23186
2027,global_train,42,1234,6,CurveFaultA,CurveFault-A,8354,151721,471,CurveFaultA:8354
2027,global_train,42,1234,6,CurveFaultA,CurveFault-A,1049,52490,472,CurveFaultA:1049
2027,global_train,42,1234,6,CurveFaultA,CurveFault-A,9142,38334,473,CurveFaultA:9142
2027,global_train,42,1234,6,CurveFaultA,CurveFault-A,43722,139068,474,CurveFaultA:43722
2027,global_train,42,1234,6,CurveFaultA,CurveFault-A,4453,11994,475,CurveFaultA:4453
2027,global_train,42,1234,6,CurveFaultA,CurveFault-A,8567,183392,476,CurveFaultA:8567
2027,global_train,42,1234,6,CurveFaultA,CurveFault-A,20014,95121,477,CurveFaultA:20014
2027,global_train,42,1234,6,CurveFaultA,CurveFault-A,13968,106617,478,CurveFaultA:13968
2027,global_train,42,1234,6,CurveFaultA,CurveFault-A,39868,86421,479,CurveFaultA:39868
2027,global_train,42,1234,6,CurveFaultA,CurveFault-A,12092,96477,480,CurveFaultA:12092
2027,global_train,42,1234,6,CurveFaultA,CurveFault-A,1174,42852,481,CurveFaultA:1174
2027,global_train,42,1234,6,CurveFaultA,CurveFault-A,51803,89691,482,CurveFaultA:51803
2027,global_train,42,1234,6,CurveFaultA,CurveFault-A,21756,133683,483,CurveFaultA:21756
2027,global_train,42,1234,6,CurveFaultA,CurveFault-A,38616,182080,484,CurveFaultA:38616
2027,global_train,42,1234,6,CurveFaultA,CurveFault-A,31872,13487,485,CurveFaultA:31872
2027,global_train,42,1234,6,CurveFaultA,CurveFault-A,33797,52230,486,CurveFaultA:33797
2027,global_train,42,1234,6,CurveFaultA,CurveFault-A,36780,220353,487,CurveFaultA:36780
2027,global_train,42,1234,6,CurveFaultA,CurveFault-A,31289,27799,488,CurveFaultA:31289
2027,global_train,42,1234,6,CurveFaultA,CurveFault-A,30531,111151,489,CurveFaultA:30531
2027,global_train,42,1234,6,CurveFaultA,CurveFault-A,34518,133168,490,CurveFaultA:34518
2027,global_train,42,1234,6,CurveFaultA,CurveFault-A,11697,77076,491,CurveFaultA:11697
2027,global_train,42,1234,6,CurveFaultA,CurveFault-A,29954,7190,492,CurveFaultA:29954
2027,global_train,42,1234,6,CurveFaultA,CurveFault-A,10244,61048,493,CurveFaultA:10244
2027,global_train,42,1234,6,CurveFaultA,CurveFault-A,10052,199884,494,CurveFaultA:10052
2027,global_train,42,1234,6,CurveFaultA,CurveFault-A,21550,224092,495,CurveFaultA:21550
2027,global_train,42,1234,6,CurveFaultA,CurveFault-A,11481,125234,496,CurveFaultA:11481
2027,global_train,42,1234,6,CurveFaultA,CurveFault-A,28126,110965,497,CurveFaultA:28126
2027,global_train,42,1234,6,CurveFaultA,CurveFault-A,23481,16312,498,CurveFaultA:23481
2027,global_train,42,1234,6,CurveFaultA,CurveFault-A,20239,138959,499,CurveFaultA:20239
2027,global_train,42,1234,6,CurveFaultA,CurveFault-A,18151,81752,500,CurveFaultA:18151
2027,global_train,42,1234,6,CurveFaultA,CurveFault-A,27984,227085,501,CurveFaultA:27984
2027,global_train,42,1234,6,CurveFaultA,CurveFault-A,1062,176948,502,CurveFaultA:1062
2027,global_train,42,1234,6,CurveFaultA,CurveFault-A,28032,129057,503,CurveFaultA:28032
2027,global_train,42,1234,6,CurveFaultA,CurveFault-A,35667,121739,504,CurveFaultA:35667
2027,global_train,42,1234,6,CurveFaultA,CurveFault-A,3929,208296,505,CurveFaultA:3929
2027,global_train,42,1234,6,CurveFaultA,CurveFault-A,44099,197461,506,CurveFaultA:44099
2027,global_train,42,1234,6,CurveFaultA,CurveFault-A,12269,67526,507,CurveFaultA:12269
2027,global_train,42,1234,6,CurveFaultA,CurveFault-A,20457,161952,508,CurveFaultA:20457
2027,global_train,42,1234,6,CurveFaultA,CurveFault-A,23693,60786,509,CurveFaultA:23693
2027,global_train,42,1234,6,CurveFaultA,CurveFault-A,37316,107809,510,CurveFaultA:37316
2027,global_train,42,1234,6,CurveFaultA,CurveFault-A,34626,123489,511,CurveFaultA:34626
2027,global_train,42,1234,6,CurveFaultA,CurveFault-A,11501,113398,512,CurveFaultA:11501
2027,global_train,42,1234,6,CurveFaultA,CurveFault-A,25879,65683,513,CurveFaultA:25879
2027,global_train,42,1234,6,CurveFaultA,CurveFault-A,9967,177063,514,CurveFaultA:9967
2027,global_train,42,1234,6,CurveFaultA,CurveFault-A,34020,18255,515,CurveFaultA:34020
2027,global_train,42,1234,6,CurveFaultA,CurveFault-A,2338,58163,516,CurveFaultA:2338
2027,global_train,42,1234,6,CurveFaultA,CurveFault-A,20992,88683,517,CurveFaultA:20992
2027,global_train,42,1234,6,CurveFaultA,CurveFault-A,53531,100776,518,CurveFaultA:53531
2027,global_train,42,1234,6,CurveFaultA,CurveFault-A,39207,198495,519,CurveFaultA:39207
2027,global_train,42,1234,6,CurveFaultA,CurveFault-A,46025,60826,520,CurveFaultA:46025
2027,global_train,42,1234,6,CurveFaultA,CurveFault-A,623,118836,521,CurveFaultA:623
2027,global_train,42,1234,6,CurveFaultA,CurveFault-A,19223,100097,522,CurveFaultA:19223
2027,global_train,42,1234,6,CurveFaultA,CurveFault-A,21755,204659,523,CurveFaultA:21755
2027,global_train,42,1234,6,CurveFaultA,CurveFault-A,50492,42646,524,CurveFaultA:50492
2027,global_train,42,1234,6,CurveFaultA,CurveFault-A,42727,31152,525,CurveFaultA:42727
2027,global_train,42,1234,6,CurveFaultA,CurveFault-A,14593,175556,526,CurveFaultA:14593
2027,global_train,42,1234,6,CurveFaultA,CurveFault-A,36340,232186,527,CurveFaultA:36340
2027,global_train,42,1234,6,CurveFaultA,CurveFault-A,19831,188937,528,CurveFaultA:19831
2027,global_train,42,1234,6,CurveFaultA,CurveFault-A,44443,8413,529,CurveFaultA:44443
2027,global_train,42,1234,6,CurveFaultA,CurveFault-A,21221,68195,530,CurveFaultA:21221
2027,global_train,42,1234,6,CurveFaultA,CurveFault-A,10600,120974,531,CurveFaultA:10600
2027,global_train,42,1234,6,CurveFaultA,CurveFault-A,19478,114278,532,CurveFaultA:19478
2027,global_train,42,1234,6,CurveFaultA,CurveFault-A,27181,57120,533,CurveFaultA:27181
2027,global_train,42,1234,6,CurveFaultA,CurveFault-A,4920,186560,534,CurveFaultA:4920
2027,global_train,42,1234,6,CurveFaultA,CurveFault-A,6263,227378,535,CurveFaultA:6263
2027,global_train,42,1234,6,CurveFaultA,CurveFault-A,8649,139018,536,CurveFaultA:8649
2027,global_train,42,1234,6,CurveFaultA,CurveFault-A,16804,72596,537,CurveFaultA:16804
2027,global_train,42,1234,6,CurveFaultA,CurveFault-A,18937,186806,538,CurveFaultA:18937
2027,global_train,42,1234,6,CurveFaultA,CurveFault-A,29022,77724,539,CurveFaultA:29022
2027,global_train,42,1234,6,CurveFaultA,CurveFault-A,49198,84004,540,CurveFaultA:49198
2027,global_train,42,1234,6,CurveFaultA,CurveFault-A,3028,105964,541,CurveFaultA:3028
2027,global_train,42,1234,6,CurveFaultA,CurveFault-A,16186,149016,542,CurveFaultA:16186
2027,global_train,42,1234,6,CurveFaultA,CurveFault-A,46867,110313,543,CurveFaultA:46867
2027,global_train,42,1234,6,CurveFaultA,CurveFault-A,51284,12438,544,CurveFaultA:51284
2027,global_train,42,1234,6,CurveFaultA,CurveFault-A,28288,109431,545,CurveFaultA:28288
2027,global_train,42,1234,6,CurveFaultA,CurveFault-A,18761,90826,546,CurveFaultA:18761
2027,global_train,42,1234,6,CurveFaultA,CurveFault-A,38412,103994,547,CurveFaultA:38412
2027,global_train,42,1234,6,CurveFaultA,CurveFault-A,19194,179684,548,CurveFaultA:19194
2027,global_train,42,1234,6,CurveFaultA,CurveFault-A,47338,18497,549,CurveFaultA:47338
2027,global_train,42,1234,6,CurveFaultA,CurveFault-A,41826,4760,550,CurveFaultA:41826
2027,global_train,42,1234,6,CurveFaultA,CurveFault-A,24928,102883,551,CurveFaultA:24928
2027,global_train,42,1234,6,CurveFaultA,CurveFault-A,19325,109840,552,CurveFaultA:19325
2027,global_train,42,1234,6,CurveFaultA,CurveFault-A,19233,100123,553,CurveFaultA:19233
2027,global_train,42,1234,6,CurveFaultA,CurveFault-A,6443,178916,554,CurveFaultA:6443
2027,global_train,42,1234,6,CurveFaultA,CurveFault-A,24465,53478,555,CurveFaultA:24465
2027,global_train,42,1234,6,CurveFaultA,CurveFault-A,26767,94572,556,CurveFaultA:26767
2027,global_train,42,1234,6,CurveFaultA,CurveFault-A,40281,82482,557,CurveFaultA:40281
2027,global_train,42,1234,6,CurveFaultA,CurveFault-A,25206,70733,558,CurveFaultA:25206
2027,global_train,42,1234,6,CurveFaultA,CurveFault-A,8911,2639,559,CurveFaultA:8911
2027,global_train,42,1234,6,CurveFaultA,CurveFault-A,7702,39297,560,CurveFaultA:7702
2027,global_train,42,1234,6,CurveFaultA,CurveFault-A,53563,3007,561,CurveFaultA:53563
2027,global_train,42,1234,6,CurveFaultA,CurveFault-A,9417,163472,562,CurveFaultA:9417
2027,global_train,42,1234,6,CurveFaultA,CurveFault-A,41173,201233,563,CurveFaultA:41173
2027,global_train,42,1234,6,CurveFaultA,CurveFault-A,1565,45263,564,CurveFaultA:1565
2027,global_train,42,1234,6,CurveFaultA,CurveFault-A,32578,35132,565,CurveFaultA:32578
2027,global_train,42,1234,6,CurveFaultA,CurveFault-A,47319,162405,566,CurveFaultA:47319
2027,global_train,42,1234,6,CurveFaultA,CurveFault-A,2540,205527,567,CurveFaultA:2540
2027,global_train,42,1234,6,CurveFaultA,CurveFault-A,49178,95514,568,CurveFaultA:49178
2027,global_train,42,1234,6,CurveFaultA,CurveFault-A,33117,219684,569,CurveFaultA:33117
2027,global_train,42,1234,6,CurveFaultA,CurveFault-A,12317,132843,570,CurveFaultA:12317
2027,global_train,42,1234,6,CurveFaultA,CurveFault-A,1626,135323,571,CurveFaultA:1626
2027,global_train,42,1234,6,CurveFaultA,CurveFault-A,9684,73544,572,CurveFaultA:9684
2027,global_train,42,1234,6,CurveFaultA,CurveFault-A,21663,212886,573,CurveFaultA:21663
2027,global_train,42,1234,6,CurveFaultA,CurveFault-A,25268,22850,574,CurveFaultA:25268
2027,global_train,42,1234,6,CurveFaultA,CurveFault-A,17262,142618,575,CurveFaultA:17262
2027,global_train,42,1234,6,CurveFaultA,CurveFault-A,23507,92505,576,CurveFaultA:23507
2027,global_train,42,1234,6,CurveFaultA,CurveFault-A,53864,42788,577,CurveFaultA:53864
2027,global_train,42,1234,6,CurveFaultA,CurveFault-A,14678,219037,578,CurveFaultA:14678
2027,global_train,42,1234,6,CurveFaultA,CurveFault-A,33968,178986,579,CurveFaultA:33968
2027,global_train,42,1234,6,CurveFaultA,CurveFault-A,23375,5767,580,CurveFaultA:23375
2027,global_train,42,1234,6,CurveFaultA,CurveFault-A,32794,68038,581,CurveFaultA:32794
2027,global_train,42,1234,6,CurveFaultA,CurveFault-A,17588,186017,582,CurveFaultA:17588
2027,global_train,42,1234,6,CurveFaultA,CurveFault-A,51625,193828,583,CurveFaultA:51625
2027,global_train,42,1234,6,CurveFaultA,CurveFault-A,2328,78341,584,CurveFaultA:2328
2027,global_train,42,1234,6,CurveFaultA,CurveFault-A,1815,72921,585,CurveFaultA:1815
2027,global_train,42,1234,6,CurveFaultA,CurveFault-A,53209,50237,586,CurveFaultA:53209
2027,global_train,42,1234,6,CurveFaultA,CurveFault-A,48645,22701,587,CurveFaultA:48645
2027,global_train,42,1234,6,CurveFaultA,CurveFault-A,20341,73481,588,CurveFaultA:20341
2027,global_train,42,1234,6,CurveFaultA,CurveFault-A,19279,22937,589,CurveFaultA:19279
2027,global_train,42,1234,6,CurveFaultA,CurveFault-A,5513,222574,590,CurveFaultA:5513
2027,global_train,42,1234,6,CurveFaultA,CurveFault-A,20850,30471,591,CurveFaultA:20850
2027,global_train,42,1234,6,CurveFaultA,CurveFault-A,49020,77994,592,CurveFaultA:49020
2027,global_train,42,1234,6,CurveFaultA,CurveFault-A,20396,201350,593,CurveFaultA:20396
2027,global_train,42,1234,6,CurveFaultA,CurveFault-A,16656,109075,594,CurveFaultA:16656
2027,global_train,42,1234,6,CurveFaultA,CurveFault-A,20286,145319,595,CurveFaultA:20286
2027,global_train,42,1234,6,CurveFaultA,CurveFault-A,921,107385,596,CurveFaultA:921
2027,global_train,42,1234,6,CurveFaultA,CurveFault-A,15883,153212,597,CurveFaultA:15883
2027,global_train,42,1234,6,CurveFaultA,CurveFault-A,45777,116463,598,CurveFaultA:45777
2027,global_train,42,1234,6,CurveFaultA,CurveFault-A,17469,192595,599,CurveFaultA:17469
2027,global_train,42,1234,6,CurveFaultA,CurveFault-A,19925,214852,600,CurveFaultA:19925
2027,global_train,42,1234,6,CurveFaultA,CurveFault-A,16233,151580,601,CurveFaultA:16233
2027,global_train,42,1234,6,CurveFaultA,CurveFault-A,45528,16953,602,CurveFaultA:45528
2027,global_train,42,1234,6,CurveFaultA,CurveFault-A,4044,190344,603,CurveFaultA:4044
2027,global_train,42,1234,6,CurveFaultA,CurveFault-A,27481,229463,604,CurveFaultA:27481
2027,global_train,42,1234,6,CurveFaultA,CurveFault-A,17716,184197,605,CurveFaultA:17716
2027,global_train,42,1234,6,CurveFaultA,CurveFault-A,43039,91841,606,CurveFaultA:43039
2027,global_train,42,1234,6,CurveFaultA,CurveFault-A,46439,4933,607,CurveFaultA:46439
2027,global_train,42,1234,6,CurveFaultA,CurveFault-A,6427,89253,608,CurveFaultA:6427
2027,global_train,42,1234,6,CurveFaultA,CurveFault-A,5212,228280,609,CurveFaultA:5212
2027,global_train,42,1234,6,CurveFaultA,CurveFault-A,20441,146969,610,CurveFaultA:20441
2027,global_train,42,1234,6,CurveFaultA,CurveFault-A,2507,37217,611,CurveFaultA:2507
2027,global_train,42,1234,6,CurveFaultA,CurveFault-A,24097,211973,612,CurveFaultA:24097
2027,global_train,42,1234,6,CurveFaultA,CurveFault-A,52662,145404,613,CurveFaultA:52662
2027,global_train,42,1234,6,CurveFaultA,CurveFault-A,51853,138059,614,CurveFaultA:51853
2027,global_train,42,1234,6,CurveFaultA,CurveFault-A,6561,101820,615,CurveFaultA:6561
2027,global_train,42,1234,6,CurveFaultA,CurveFault-A,251,180941,616,CurveFaultA:251
2027,global_train,42,1234,6,CurveFaultA,CurveFault-A,27148,98111,617,CurveFaultA:27148
2027,global_train,42,1234,6,CurveFaultA,CurveFault-A,11626,80437,618,CurveFaultA:11626
2027,global_train,42,1234,6,CurveFaultA,CurveFault-A,40489,205631,619,CurveFaultA:40489
2027,global_train,42,1234,6,CurveFaultA,CurveFault-A,37844,82107,620,CurveFaultA:37844
2027,global_train,42,1234,6,CurveFaultA,CurveFault-A,3561,153713,621,CurveFaultA:3561
2027,global_train,42,1234,6,CurveFaultA,CurveFault-A,45024,122257,622,CurveFaultA:45024
2027,global_train,42,1234,6,CurveFaultA,CurveFault-A,46071,201426,623,CurveFaultA:46071
2027,global_train,42,1234,6,CurveFaultA,CurveFault-A,8479,232446,624,CurveFaultA:8479
2027,global_train,42,1234,6,CurveFaultA,CurveFault-A,23563,44444,625,CurveFaultA:23563
2027,global_train,42,1234,6,CurveFaultA,CurveFault-A,15380,230756,626,CurveFaultA:15380
2027,global_train,42,1234,6,CurveFaultA,CurveFault-A,46757,175027,627,CurveFaultA:46757
2027,global_train,42,1234,6,CurveFaultA,CurveFault-A,27692,64511,628,CurveFaultA:27692
2027,global_train,42,1234,6,CurveFaultA,CurveFault-A,21408,58336,629,CurveFaultA:21408
2027,global_train,42,1234,6,CurveFaultA,CurveFault-A,27326,96629,630,CurveFaultA:27326
2027,global_train,42,1234,6,CurveFaultA,CurveFault-A,21686,86551,631,CurveFaultA:21686
2027,global_train,42,1234,6,CurveFaultA,CurveFault-A,4215,55834,632,CurveFaultA:4215
2027,global_train,42,1234,6,CurveFaultA,CurveFault-A,16938,137249,633,CurveFaultA:16938
2027,global_train,42,1234,6,CurveFaultA,CurveFault-A,23170,166009,634,CurveFaultA:23170
2027,global_train,42,1234,6,CurveFaultA,CurveFault-A,30101,83591,635,CurveFaultA:30101
2027,global_train,42,1234,6,CurveFaultA,CurveFault-A,17163,21399,636,CurveFaultA:17163
2027,global_train,42,1234,6,CurveFaultA,CurveFault-A,36883,220362,637,CurveFaultA:36883
2027,global_train,42,1234,6,CurveFaultA,CurveFault-A,14270,223570,638,CurveFaultA:14270
2027,global_train,42,1234,6,CurveFaultA,CurveFault-A,18090,85995,639,CurveFaultA:18090
2027,global_train,42,1234,6,CurveFaultA,CurveFault-A,11382,53749,640,CurveFaultA:11382
2027,global_train,42,1234,6,CurveFaultA,CurveFault-A,28073,204583,641,CurveFaultA:28073
2027,global_train,42,1234,6,CurveFaultA,CurveFault-A,35104,127903,642,CurveFaultA:35104
2027,global_train,42,1234,6,CurveFaultA,CurveFault-A,10930,214233,643,CurveFaultA:10930
2027,global_train,42,1234,6,CurveFaultA,CurveFault-A,27864,155201,644,CurveFaultA:27864
2027,global_train,42,1234,6,CurveFaultA,CurveFault-A,21399,130074,645,CurveFaultA:21399
2027,global_train,42,1234,6,CurveFaultA,CurveFault-A,46621,209110,646,CurveFaultA:46621
2027,global_train,42,1234,6,CurveFaultA,CurveFault-A,38656,151929,647,CurveFaultA:38656
2027,global_train,42,1234,6,CurveFaultA,CurveFault-A,7033,146128,648,CurveFaultA:7033
2027,global_train,42,1234,6,CurveFaultA,CurveFault-A,52544,218300,649,CurveFaultA:52544
2027,global_train,42,1234,6,CurveFaultA,CurveFault-A,53526,41749,650,CurveFaultA:53526
2027,global_train,42,1234,6,CurveFaultA,CurveFault-A,52032,207714,651,CurveFaultA:52032
2027,global_train,42,1234,6,CurveFaultA,CurveFault-A,50844,116927,652,CurveFaultA:50844
2027,global_train,42,1234,6,CurveFaultA,CurveFault-A,51185,233271,653,CurveFaultA:51185
2027,global_train,42,1234,6,CurveFaultA,CurveFault-A,50454,195923,654,CurveFaultA:50454
2027,global_train,42,1234,6,CurveFaultA,CurveFault-A,50928,117276,655,CurveFaultA:50928
2027,global_train,42,1234,6,CurveFaultA,CurveFault-A,6126,202967,656,CurveFaultA:6126
2027,global_train,42,1234,6,CurveFaultA,CurveFault-A,13371,57028,657,CurveFaultA:13371
2027,global_train,42,1234,6,CurveFaultA,CurveFault-A,24750,220447,658,CurveFaultA:24750
2027,global_train,42,1234,6,CurveFaultA,CurveFault-A,19446,8747,659,CurveFaultA:19446
2027,global_train,42,1234,6,CurveFaultA,CurveFault-A,51900,86650,660,CurveFaultA:51900
2027,global_train,42,1234,6,CurveFaultA,CurveFault-A,35233,17947,661,CurveFaultA:35233
2027,global_train,42,1234,6,CurveFaultA,CurveFault-A,29208,121039,662,CurveFaultA:29208
2027,global_train,42,1234,6,CurveFaultA,CurveFault-A,11340,148582,663,CurveFaultA:11340
2027,global_train,42,1234,6,CurveFaultA,CurveFault-A,34901,90611,664,CurveFaultA:34901
2027,global_train,42,1234,6,CurveFaultA,CurveFault-A,24825,113134,665,CurveFaultA:24825
2027,global_train,42,1234,6,CurveFaultA,CurveFault-A,33131,20910,666,CurveFaultA:33131
2027,global_train,42,1234,6,CurveFaultA,CurveFault-A,5524,151433,667,CurveFaultA:5524
2027,global_train,42,1234,6,CurveFaultA,CurveFault-A,52938,155181,668,CurveFaultA:52938
2027,global_train,42,1234,6,CurveFaultA,CurveFault-A,37252,32283,669,CurveFaultA:37252
2027,global_train,42,1234,6,CurveFaultA,CurveFault-A,27867,48585,670,CurveFaultA:27867
2027,global_train,42,1234,6,CurveFaultA,CurveFault-A,18593,232190,671,CurveFaultA:18593
2027,global_train,42,1234,6,CurveFaultA,CurveFault-A,29705,101881,672,CurveFaultA:29705
2027,global_train,42,1234,6,CurveFaultA,CurveFault-A,5612,176346,673,CurveFaultA:5612
2027,global_train,42,1234,6,CurveFaultA,CurveFault-A,9651,118255,674,CurveFaultA:9651
2027,global_train,42,1234,6,CurveFaultA,CurveFault-A,39852,8992,675,CurveFaultA:39852
2027,global_train,42,1234,6,CurveFaultA,CurveFault-A,50849,88889,676,CurveFaultA:50849
2027,global_train,42,1234,6,CurveFaultA,CurveFault-A,30683,39548,677,CurveFaultA:30683
2027,global_train,42,1234,6,CurveFaultA,CurveFault-A,3065,159525,678,CurveFaultA:3065
2027,global_train,42,1234,6,CurveFaultA,CurveFault-A,39036,137760,679,CurveFaultA:39036
2027,global_train,42,1234,6,CurveFaultA,CurveFault-A,39896,103824,680,CurveFaultA:39896
2027,global_train,42,1234,6,CurveFaultA,CurveFault-A,46745,20126,681,CurveFaultA:46745
2027,global_train,42,1234,6,CurveFaultA,CurveFault-A,26681,98104,682,CurveFaultA:26681
2027,global_train,42,1234,6,CurveFaultA,CurveFault-A,8709,51289,683,CurveFaultA:8709
2027,global_train,42,1234,6,CurveFaultA,CurveFault-A,2579,208984,684,CurveFaultA:2579
2027,global_train,42,1234,6,CurveFaultA,CurveFault-A,1996,133007,685,CurveFaultA:1996
2027,global_train,42,1234,6,CurveFaultA,CurveFault-A,25952,47630,686,CurveFaultA:25952
2027,global_train,42,1234,6,CurveFaultA,CurveFault-A,27674,80974,687,CurveFaultA:27674
2027,global_train,42,1234,6,CurveFaultA,CurveFault-A,18175,181956,688,CurveFaultA:18175
2027,global_train,42,1234,6,CurveFaultA,CurveFault-A,4894,133417,689,CurveFaultA:4894
2027,global_train,42,1234,6,CurveFaultA,CurveFault-A,5940,71543,690,CurveFaultA:5940
2027,global_train,42,1234,6,CurveFaultA,CurveFault-A,1476,40650,691,CurveFaultA:1476
2027,global_train,42,1234,6,CurveFaultA,CurveFault-A,20834,101265,692,CurveFaultA:20834
2027,global_train,42,1234,6,CurveFaultA,CurveFault-A,24551,206844,693,CurveFaultA:24551
2027,global_train,42,1234,6,CurveFaultA,CurveFault-A,2836,168780,694,CurveFaultA:2836
2027,global_train,42,1234,6,CurveFaultA,CurveFault-A,5181,36283,695,CurveFaultA:5181
2027,global_train,42,1234,6,CurveFaultA,CurveFault-A,53517,100505,696,CurveFaultA:53517
2027,global_train,42,1234,6,CurveFaultA,CurveFault-A,34811,90602,697,CurveFaultA:34811
2027,global_train,42,1234,6,CurveFaultA,CurveFault-A,21145,25064,698,CurveFaultA:21145
2027,global_train,42,1234,6,CurveFaultA,CurveFault-A,43909,137320,699,CurveFaultA:43909
2027,global_train,42,1234,6,CurveFaultA,CurveFault-A,20740,199586,700,CurveFaultA:20740
2027,global_train,42,1234,6,CurveFaultA,CurveFault-A,37444,33260,701,CurveFaultA:37444
2027,global_train,42,1234,6,CurveFaultA,CurveFault-A,15952,212217,702,CurveFaultA:15952
2027,global_train,42,1234,6,CurveFaultA,CurveFault-A,14471,172025,703,CurveFaultA:14471
2027,global_train,42,1234,6,CurveFaultA,CurveFault-A,44022,168937,704,CurveFaultA:44022
2027,global_train,42,1234,6,CurveFaultA,CurveFault-A,30860,139556,705,CurveFaultA:30860
2027,global_train,42,1234,6,CurveFaultA,CurveFault-A,9374,198602,706,CurveFaultA:9374
2027,global_train,42,1234,6,CurveFaultA,CurveFault-A,10583,37074,707,CurveFaultA:10583
2027,global_train,42,1234,6,CurveFaultA,CurveFault-A,32190,99571,708,CurveFaultA:32190
2027,global_train,42,1234,6,CurveFaultA,CurveFault-A,24622,4834,709,CurveFaultA:24622
2027,global_train,42,1234,6,CurveFaultA,CurveFault-A,31967,194289,710,CurveFaultA:31967
2027,global_train,42,1234,6,CurveFaultA,CurveFault-A,43196,144810,711,CurveFaultA:43196
2027,global_train,42,1234,6,CurveFaultA,CurveFault-A,27760,44543,712,CurveFaultA:27760
2027,global_train,42,1234,6,CurveFaultA,CurveFault-A,48488,195061,713,CurveFaultA:48488
2027,global_train,42,1234,6,CurveFaultA,CurveFault-A,1443,212237,714,CurveFaultA:1443
2027,global_train,42,1234,6,CurveFaultA,CurveFault-A,18712,178056,715,CurveFaultA:18712
2027,global_train,42,1234,6,CurveFaultA,CurveFault-A,20768,85302,716,CurveFaultA:20768
2027,global_train,42,1234,6,CurveFaultA,CurveFault-A,14648,180890,717,CurveFaultA:14648
2027,global_train,42,1234,6,CurveFaultA,CurveFault-A,8938,69714,718,CurveFaultA:8938
2027,global_train,42,1234,6,CurveFaultA,CurveFault-A,788,98847,719,CurveFaultA:788
2027,global_train,42,1234,6,CurveFaultA,CurveFault-A,14975,194376,720,CurveFaultA:14975
2027,global_train,42,1234,6,CurveFaultA,CurveFault-A,25773,4190,721,CurveFaultA:25773
2027,global_train,42,1234,6,CurveFaultA,CurveFault-A,29181,194797,722,CurveFaultA:29181
2027,global_train,42,1234,6,CurveFaultA,CurveFault-A,39512,43936,723,CurveFaultA:39512
2027,global_train,42,1234,6,CurveFaultA,CurveFault-A,24244,80363,724,CurveFaultA:24244
2027,global_train,42,1234,6,CurveFaultA,CurveFault-A,4598,164717,725,CurveFaultA:4598
2027,global_train,42,1234,6,CurveFaultA,CurveFault-A,29817,101721,726,CurveFaultA:29817
2027,global_train,42,1234,6,CurveFaultA,CurveFault-A,5367,96421,727,CurveFaultA:5367
2027,global_train,42,1234,6,CurveFaultA,CurveFault-A,34825,202740,728,CurveFaultA:34825
2027,global_train,42,1234,6,CurveFaultA,CurveFault-A,28917,145308,729,CurveFaultA:28917
2027,global_train,42,1234,6,CurveFaultA,CurveFault-A,31457,61109,730,CurveFaultA:31457
2027,global_train,42,1234,6,CurveFaultA,CurveFault-A,26244,186226,731,CurveFaultA:26244
2027,global_train,42,1234,6,CurveFaultA,CurveFault-A,39570,126045,732,CurveFaultA:39570
2027,global_train,42,1234,6,CurveFaultA,CurveFault-A,24473,53631,733,CurveFaultA:24473
2027,global_train,42,1234,6,CurveFaultA,CurveFault-A,46426,186476,734,CurveFaultA:46426
2027,global_train,42,1234,6,CurveFaultA,CurveFault-A,15382,140563,735,CurveFaultA:15382
2027,global_train,42,1234,6,CurveFaultA,CurveFault-A,6225,76942,736,CurveFaultA:6225
2027,global_train,42,1234,6,CurveFaultA,CurveFault-A,25787,25063,737,CurveFaultA:25787
2027,global_train,42,1234,6,CurveFaultA,CurveFault-A,338,198684,738,CurveFaultA:338
2027,global_train,42,1234,6,CurveFaultA,CurveFault-A,15248,199144,739,CurveFaultA:15248
2027,global_train,42,1234,6,CurveFaultA,CurveFault-A,40404,189773,740,CurveFaultA:40404
2027,global_train,42,1234,6,CurveFaultA,CurveFault-A,33454,113646,741,CurveFaultA:33454
2027,global_train,42,1234,6,CurveFaultA,CurveFault-A,44850,144595,742,CurveFaultA:44850
2027,global_train,42,1234,6,CurveFaultA,CurveFault-A,27260,124182,743,CurveFaultA:27260
2027,global_train,42,1234,6,CurveFaultA,CurveFault-A,511,212692,744,CurveFaultA:511
2027,global_train,42,1234,6,CurveFaultA,CurveFault-A,3884,53361,745,CurveFaultA:3884
2027,global_train,42,1234,6,CurveFaultA,CurveFault-A,24788,112987,746,CurveFaultA:24788
2027,global_train,42,1234,6,CurveFaultA,CurveFault-A,30952,108939,747,CurveFaultA:30952
2027,global_train,42,1234,6,CurveFaultA,CurveFault-A,40507,58405,748,CurveFaultA:40507
2027,global_train,42,1234,6,CurveFaultA,CurveFault-A,33908,151116,749,CurveFaultA:33908
2027,global_train,42,1234,6,CurveFaultA,CurveFault-A,29247,26315,750,CurveFaultA:29247
2027,global_train,42,1234,6,CurveFaultA,CurveFault-A,39057,165019,751,CurveFaultA:39057
2027,global_train,42,1234,6,CurveFaultA,CurveFault-A,45992,120035,752,CurveFaultA:45992
2027,global_train,42,1234,6,CurveFaultA,CurveFault-A,46986,226733,753,CurveFaultA:46986
2027,global_train,42,1234,6,CurveFaultA,CurveFault-A,23885,197553,754,CurveFaultA:23885
2027,global_train,42,1234,6,CurveFaultA,CurveFault-A,31748,66562,755,CurveFaultA:31748
2027,global_train,42,1234,6,CurveFaultA,CurveFault-A,42309,141256,756,CurveFaultA:42309
2027,global_train,42,1234,6,CurveFaultA,CurveFault-A,33846,180191,757,CurveFaultA:33846
2027,global_train,42,1234,6,CurveFaultA,CurveFault-A,24050,67233,758,CurveFaultA:24050
2027,global_train,42,1234,6,CurveFaultA,CurveFault-A,23775,217676,759,CurveFaultA:23775
2027,global_train,42,1234,6,CurveFaultA,CurveFault-A,35979,82394,760,CurveFaultA:35979
2027,global_train,42,1234,6,CurveFaultA,CurveFault-A,30762,122119,761,CurveFaultA:30762
2027,global_train,42,1234,6,CurveFaultA,CurveFault-A,37208,13786,762,CurveFaultA:37208
2027,global_train,42,1234,6,CurveFaultA,CurveFault-A,932,73535,763,CurveFaultA:932
2027,global_train,42,1234,6,CurveFaultA,CurveFault-A,21816,39061,764,CurveFaultA:21816
2027,global_train,42,1234,6,CurveFaultA,CurveFault-A,9740,28959,765,CurveFaultA:9740
2027,global_train,42,1234,6,CurveFaultA,CurveFault-A,1681,167118,766,CurveFaultA:1681
2027,global_train,42,1234,6,CurveFaultA,CurveFault-A,18662,200983,767,CurveFaultA:18662
2027,global_train,42,1234,6,CurveFaultA,CurveFault-A,37825,143567,768,CurveFaultA:37825
2027,global_train,42,1234,6,CurveFaultA,CurveFault-A,7592,42106,769,CurveFaultA:7592
2027,global_train,42,1234,6,CurveFaultA,CurveFault-A,12502,170585,770,CurveFaultA:12502
2027,global_train,42,1234,6,CurveFaultA,CurveFault-A,28256,42032,771,CurveFaultA:28256
2027,global_train,42,1234,6,CurveFaultA,CurveFault-A,12705,191449,772,CurveFaultA:12705
2027,global_train,42,1234,6,CurveFaultA,CurveFault-A,8629,134655,773,CurveFaultA:8629
2027,global_train,42,1234,6,CurveFaultA,CurveFault-A,48413,44552,774,CurveFaultA:48413
2027,global_train,42,1234,6,CurveFaultA,CurveFault-A,21807,163142,775,CurveFaultA:21807
2027,global_train,42,1234,6,CurveFaultA,CurveFault-A,40027,177165,776,CurveFaultA:40027
2027,global_train,42,1234,6,CurveFaultA,CurveFault-A,44522,219631,777,CurveFaultA:44522
2027,global_train,42,1234,6,CurveFaultA,CurveFault-A,29422,100185,778,CurveFaultA:29422
2027,global_train,42,1234,6,CurveFaultA,CurveFault-A,53503,56017,779,CurveFaultA:53503
2027,global_train,42,1234,6,CurveFaultA,CurveFault-A,43021,121336,780,CurveFaultA:43021
2027,global_train,42,1234,6,CurveFaultA,CurveFault-A,26676,15834,781,CurveFaultA:26676
2027,global_train,42,1234,6,CurveFaultA,CurveFault-A,48878,177779,782,CurveFaultA:48878
2027,global_train,42,1234,6,CurveFaultA,CurveFault-A,14026,93375,783,CurveFaultA:14026
2027,global_train,42,1234,6,CurveFaultA,CurveFault-A,4469,62065,784,CurveFaultA:4469
2027,global_train,42,1234,6,CurveFaultA,CurveFault-A,42340,143330,785,CurveFaultA:42340
2027,global_train,42,1234,6,CurveFaultA,CurveFault-A,15755,11238,786,CurveFaultA:15755
2027,global_train,42,1234,6,CurveFaultA,CurveFault-A,36435,233027,787,CurveFaultA:36435
2027,global_train,42,1234,6,CurveFaultA,CurveFault-A,27950,86075,788,CurveFaultA:27950
2027,global_train,42,1234,6,CurveFaultA,CurveFault-A,29399,74993,789,CurveFaultA:29399
2027,global_train,42,1234,6,CurveFaultA,CurveFault-A,29268,178415,790,CurveFaultA:29268
2027,global_train,42,1234,6,CurveFaultA,CurveFault-A,30890,102037,791,CurveFaultA:30890
2027,global_train,42,1234,6,CurveFaultA,CurveFault-A,2380,32671,792,CurveFaultA:2380
2027,global_train,42,1234,6,CurveFaultA,CurveFault-A,32004,132100,793,CurveFaultA:32004
2027,global_train,42,1234,6,CurveFaultA,CurveFault-A,5418,219030,794,CurveFaultA:5418
2027,global_train,42,1234,6,CurveFaultA,CurveFault-A,32741,214726,795,CurveFaultA:32741
2027,global_train,42,1234,6,CurveFaultA,CurveFault-A,3095,10040,796,CurveFaultA:3095
2027,global_train,42,1234,6,CurveFaultA,CurveFault-A,8999,55914,797,CurveFaultA:8999
2027,global_train,42,1234,6,CurveFaultA,CurveFault-A,7974,55597,798,CurveFaultA:7974
2027,global_train,42,1234,6,CurveFaultA,CurveFault-A,31041,57497,799,CurveFaultA:31041
2027,global_train,42,1234,6,CurveFaultA,CurveFault-A,33066,54522,800,CurveFaultA:33066
2027,global_train,42,1234,6,CurveFaultA,CurveFault-A,9737,40680,801,CurveFaultA:9737
2027,global_train,42,1234,6,CurveFaultA,CurveFault-A,47413,154299,802,CurveFaultA:47413
2027,global_train,42,1234,6,CurveFaultA,CurveFault-A,3614,234021,803,CurveFaultA:3614
2027,global_train,42,1234,6,CurveFaultA,CurveFault-A,18044,17605,804,CurveFaultA:18044
2027,global_train,42,1234,6,CurveFaultA,CurveFault-A,47695,199374,805,CurveFaultA:47695
2027,global_train,42,1234,6,CurveFaultA,CurveFault-A,35034,178563,806,CurveFaultA:35034
2027,global_train,42,1234,6,CurveFaultA,CurveFault-A,29801,155767,807,CurveFaultA:29801
2027,global_train,42,1234,6,CurveFaultA,CurveFault-A,33977,36677,808,CurveFaultA:33977
2027,global_train,42,1234,6,CurveFaultA,CurveFault-A,35620,226777,809,CurveFaultA:35620
2027,global_train,42,1234,6,CurveFaultA,CurveFault-A,29209,37148,810,CurveFaultA:29209
2027,global_train,42,1234,6,CurveFaultA,CurveFault-A,32972,140082,811,CurveFaultA:32972
2027,global_train,42,1234,6,CurveFaultA,CurveFault-A,144,41157,812,CurveFaultA:144
2027,global_train,42,1234,6,CurveFaultA,CurveFault-A,12727,32446,813,CurveFaultA:12727
2027,global_train,42,1234,6,CurveFaultA,CurveFault-A,45188,84311,814,CurveFaultA:45188
2027,global_train,42,1234,6,CurveFaultA,CurveFault-A,34479,172496,815,CurveFaultA:34479
2027,global_train,42,1234,6,CurveFaultA,CurveFault-A,48293,156198,816,CurveFaultA:48293
2027,global_train,42,1234,6,CurveFaultA,CurveFault-A,51366,174901,817,CurveFaultA:51366
2027,global_train,42,1234,6,CurveFaultA,CurveFault-A,30255,117630,818,CurveFaultA:30255
2027,global_train,42,1234,6,CurveFaultA,CurveFault-A,18271,9202,819,CurveFaultA:18271
2027,global_train,42,1234,6,CurveFaultA,CurveFault-A,44509,130141,820,CurveFaultA:44509
2027,global_train,42,1234,6,CurveFaultA,CurveFault-A,29102,107103,821,CurveFaultA:29102
2027,global_train,42,1234,6,CurveFaultA,CurveFault-A,7488,88138,822,CurveFaultA:7488
2027,global_train,42,1234,6,CurveFaultA,CurveFault-A,5679,226340,823,CurveFaultA:5679
2027,global_train,42,1234,6,CurveFaultA,CurveFault-A,494,102722,824,CurveFaultA:494
2027,global_train,42,1234,6,CurveFaultA,CurveFault-A,32441,48520,825,CurveFaultA:32441
2027,global_train,42,1234,6,CurveFaultA,CurveFault-A,32638,84984,826,CurveFaultA:32638
2027,global_train,42,1234,6,CurveFaultA,CurveFault-A,37635,162648,827,CurveFaultA:37635
2027,global_train,42,1234,6,CurveFaultA,CurveFault-A,51531,86932,828,CurveFaultA:51531
2027,global_train,42,1234,6,CurveFaultA,CurveFault-A,1105,130607,829,CurveFaultA:1105
2027,global_train,42,1234,6,CurveFaultA,CurveFault-A,52643,107341,830,CurveFaultA:52643
2027,global_train,42,1234,6,CurveFaultA,CurveFault-A,25551,95882,831,CurveFaultA:25551
2027,global_train,42,1234,6,CurveFaultA,CurveFault-A,38764,186036,832,CurveFaultA:38764
2027,global_train,42,1234,6,CurveFaultA,CurveFault-A,52644,67198,833,CurveFaultA:52644
2027,global_train,42,1234,6,CurveFaultA,CurveFault-A,28733,170023,834,CurveFaultA:28733
2027,global_train,42,1234,6,CurveFaultA,CurveFault-A,38174,221659,835,CurveFaultA:38174
2027,global_train,42,1234,6,CurveFaultA,CurveFault-A,4560,172802,836,CurveFaultA:4560
2027,global_train,42,1234,6,CurveFaultA,CurveFault-A,8715,161556,837,CurveFaultA:8715
2027,global_train,42,1234,6,CurveFaultA,CurveFault-A,19779,62056,838,CurveFaultA:19779
2027,global_train,42,1234,6,CurveFaultA,CurveFault-A,2949,63589,839,CurveFaultA:2949
2027,global_train,42,1234,6,CurveFaultA,CurveFault-A,11607,46,840,CurveFaultA:11607
2027,global_train,42,1234,6,CurveFaultA,CurveFault-A,43804,196001,841,CurveFaultA:43804
2027,global_train,42,1234,6,CurveFaultA,CurveFault-A,50583,31325,842,CurveFaultA:50583
2027,global_train,42,1234,6,CurveFaultA,CurveFault-A,47153,201066,843,CurveFaultA:47153
2027,global_train,42,1234,6,CurveFaultA,CurveFault-A,32255,203636,844,CurveFaultA:32255
2027,global_train,42,1234,6,CurveFaultA,CurveFault-A,18725,48277,845,CurveFaultA:18725
2027,global_train,42,1234,6,CurveFaultA,CurveFault-A,33428,189409,846,CurveFaultA:33428
2027,global_train,42,1234,6,CurveFaultA,CurveFault-A,20894,153607,847,CurveFaultA:20894
2027,global_train,42,1234,6,CurveFaultA,CurveFault-A,24738,178036,848,CurveFaultA:24738
2027,global_train,42,1234,6,CurveFaultA,CurveFault-A,3433,206437,849,CurveFaultA:3433
2027,global_train,42,1234,6,CurveFaultA,CurveFault-A,987,218767,850,CurveFaultA:987
2027,global_train,42,1234,6,CurveFaultA,CurveFault-A,49962,181238,851,CurveFaultA:49962
2027,global_train,42,1234,6,CurveFaultA,CurveFault-A,399,73450,852,CurveFaultA:399
2027,global_train,42,1234,6,CurveFaultA,CurveFault-A,15063,146193,853,CurveFaultA:15063
2027,global_train,42,1234,6,CurveFaultA,CurveFault-A,9926,135652,854,CurveFaultA:9926
2027,global_train,42,1234,6,CurveFaultA,CurveFault-A,32971,202820,855,CurveFaultA:32971
2027,global_train,42,1234,6,CurveFaultA,CurveFault-A,47484,47790,856,CurveFaultA:47484
2027,global_train,42,1234,6,CurveFaultA,CurveFault-A,15904,156860,857,CurveFaultA:15904
2027,global_train,42,1234,6,CurveFaultA,CurveFault-A,44845,216188,858,CurveFaultA:44845
2027,global_train,42,1234,6,CurveFaultA,CurveFault-A,24897,204701,859,CurveFaultA:24897
2027,global_train,42,1234,6,CurveFaultA,CurveFault-A,3270,66066,860,CurveFaultA:3270
2027,global_train,42,1234,6,CurveFaultA,CurveFault-A,6410,53386,861,CurveFaultA:6410
2027,global_train,42,1234,6,CurveFaultA,CurveFault-A,14341,20469,862,CurveFaultA:14341
2027,global_train,42,1234,6,CurveFaultA,CurveFault-A,42417,40348,863,CurveFaultA:42417
2027,global_train,42,1234,6,CurveFaultA,CurveFault-A,4576,178622,864,CurveFaultA:4576
2027,global_train,42,1234,6,CurveFaultA,CurveFault-A,38573,34140,865,CurveFaultA:38573
2027,global_train,42,1234,6,CurveFaultA,CurveFault-A,12784,7142,866,CurveFaultA:12784
2027,global_train,42,1234,6,CurveFaultA,CurveFault-A,29221,17098,867,CurveFaultA:29221
2027,global_train,42,1234,6,CurveFaultA,CurveFault-A,23859,40928,868,CurveFaultA:23859
2027,global_train,42,1234,6,CurveFaultA,CurveFault-A,32062,89089,869,CurveFaultA:32062
2027,global_train,42,1234,6,CurveFaultA,CurveFault-A,23803,142278,870,CurveFaultA:23803
2027,global_train,42,1234,6,CurveFaultA,CurveFault-A,49715,225122,871,CurveFaultA:49715
2027,global_train,42,1234,6,CurveFaultA,CurveFault-A,23566,181151,872,CurveFaultA:23566
2027,global_train,42,1234,6,CurveFaultA,CurveFault-A,52364,206645,873,CurveFaultA:52364
2027,global_train,42,1234,6,CurveFaultA,CurveFault-A,31691,56801,874,CurveFaultA:31691
2027,global_train,42,1234,6,CurveFaultA,CurveFault-A,9046,95131,875,CurveFaultA:9046
2027,global_train,42,1234,6,CurveFaultA,CurveFault-A,45399,14223,876,CurveFaultA:45399
2027,global_train,42,1234,6,CurveFaultA,CurveFault-A,53035,74537,877,CurveFaultA:53035
2027,global_train,42,1234,6,CurveFaultA,CurveFault-A,32394,50156,878,CurveFaultA:32394
2027,global_train,42,1234,6,CurveFaultA,CurveFault-A,12354,77405,879,CurveFaultA:12354
2027,global_train,42,1234,6,CurveFaultA,CurveFault-A,26158,26237,880,CurveFaultA:26158
2027,global_train,42,1234,6,CurveFaultA,CurveFault-A,39109,74990,881,CurveFaultA:39109
2027,global_train,42,1234,6,CurveFaultA,CurveFault-A,8965,183375,882,CurveFaultA:8965
2027,global_train,42,1234,6,CurveFaultA,CurveFault-A,31897,66366,883,CurveFaultA:31897
2027,global_train,42,1234,6,CurveFaultA,CurveFault-A,39573,10112,884,CurveFaultA:39573
2027,global_train,42,1234,6,CurveFaultA,CurveFault-A,14169,210115,885,CurveFaultA:14169
2027,global_train,42,1234,6,CurveFaultA,CurveFault-A,35999,109951,886,CurveFaultA:35999
2027,global_train,42,1234,6,CurveFaultA,CurveFault-A,919,86710,887,CurveFaultA:919
2027,global_train,42,1234,6,CurveFaultA,CurveFault-A,44965,181091,888,CurveFaultA:44965
2027,global_train,42,1234,6,CurveFaultA,CurveFault-A,32305,221969,889,CurveFaultA:32305
2027,global_train,42,1234,6,CurveFaultA,CurveFault-A,41828,76487,890,CurveFaultA:41828
2027,global_train,42,1234,6,CurveFaultA,CurveFault-A,29461,202785,891,CurveFaultA:29461
2027,global_train,42,1234,6,CurveFaultA,CurveFault-A,26723,189334,892,CurveFaultA:26723
2027,global_train,42,1234,6,CurveFaultA,CurveFault-A,22123,144844,893,CurveFaultA:22123
2027,global_train,42,1234,6,CurveFaultA,CurveFault-A,52459,152394,894,CurveFaultA:52459
2027,global_train,42,1234,6,CurveFaultA,CurveFault-A,38909,145972,895,CurveFaultA:38909
2027,global_train,42,1234,6,CurveFaultA,CurveFault-A,25154,175197,896,CurveFaultA:25154
2027,global_train,42,1234,6,CurveFaultA,CurveFault-A,39381,105833,897,CurveFaultA:39381
2027,global_train,42,1234,6,CurveFaultA,CurveFault-A,26447,13716,898,CurveFaultA:26447
2027,global_train,42,1234,6,CurveFaultA,CurveFault-A,53568,47134,899,CurveFaultA:53568
2027,global_train,42,1234,6,CurveFaultA,CurveFault-A,1625,78793,900,CurveFaultA:1625
2027,global_train,42,1234,6,CurveFaultA,CurveFault-A,16713,86198,901,CurveFaultA:16713
2027,global_train,42,1234,6,CurveFaultA,CurveFault-A,42876,79168,902,CurveFaultA:42876
2027,global_train,42,1234,6,CurveFaultA,CurveFault-A,49483,86320,903,CurveFaultA:49483
2027,global_train,42,1234,6,CurveFaultA,CurveFault-A,41002,23615,904,CurveFaultA:41002
2027,global_train,42,1234,6,CurveFaultA,CurveFault-A,36728,47610,905,CurveFaultA:36728
2027,global_train,42,1234,6,CurveFaultA,CurveFault-A,24910,25840,906,CurveFaultA:24910
2027,global_train,42,1234,6,CurveFaultA,CurveFault-A,631,208552,907,CurveFaultA:631
2027,global_train,42,1234,6,CurveFaultA,CurveFault-A,9936,59726,908,CurveFaultA:9936
2027,global_train,42,1234,6,CurveFaultA,CurveFault-A,41083,75993,909,CurveFaultA:41083
2027,global_train,42,1234,6,CurveFaultA,CurveFault-A,18355,153514,910,CurveFaultA:18355
2027,global_train,42,1234,6,CurveFaultA,CurveFault-A,9434,11081,911,CurveFaultA:9434
2027,global_train,42,1234,6,CurveFaultA,CurveFault-A,4949,93656,912,CurveFaultA:4949
2027,global_train,42,1234,6,CurveFaultA,CurveFault-A,47746,196750,913,CurveFaultA:47746
2027,global_train,42,1234,6,CurveFaultA,CurveFault-A,19256,120817,914,CurveFaultA:19256
2027,global_train,42,1234,6,CurveFaultA,CurveFault-A,24057,221801,915,CurveFaultA:24057
2027,global_train,42,1234,6,CurveFaultA,CurveFault-A,224,142344,916,CurveFaultA:224
2027,global_train,42,1234,6,CurveFaultA,CurveFault-A,20929,53377,917,CurveFaultA:20929
2027,global_train,42,1234,6,CurveFaultA,CurveFault-A,18820,46856,918,CurveFaultA:18820
2027,global_train,42,1234,6,CurveFaultA,CurveFault-A,28528,213523,919,CurveFaultA:28528
2027,global_train,42,1234,6,CurveFaultA,CurveFault-A,46989,163257,920,CurveFaultA:46989
2027,global_train,42,1234,6,CurveFaultA,CurveFault-A,5118,52307,921,CurveFaultA:5118
2027,global_train,42,1234,6,CurveFaultA,CurveFault-A,22775,104507,922,CurveFaultA:22775
2027,global_train,42,1234,6,CurveFaultA,CurveFault-A,48125,229093,923,CurveFaultA:48125
2027,global_train,42,1234,6,CurveFaultA,CurveFault-A,2849,144287,924,CurveFaultA:2849
2027,global_train,42,1234,6,CurveFaultA,CurveFault-A,13172,96933,925,CurveFaultA:13172
2027,global_train,42,1234,6,CurveFaultA,CurveFault-A,917,82674,926,CurveFaultA:917
2027,global_train,42,1234,6,CurveFaultA,CurveFault-A,13350,127179,927,CurveFaultA:13350
2027,global_train,42,1234,6,CurveFaultA,CurveFault-A,23948,42516,928,CurveFaultA:23948
2027,global_train,42,1234,6,CurveFaultA,CurveFault-A,46294,35100,929,CurveFaultA:46294
2027,global_train,42,1234,6,CurveFaultA,CurveFault-A,48444,50676,930,CurveFaultA:48444
2027,global_train,42,1234,6,CurveFaultA,CurveFault-A,50780,122169,931,CurveFaultA:50780
2027,global_train,42,1234,6,CurveFaultA,CurveFault-A,35853,190197,932,CurveFaultA:35853
2027,global_train,42,1234,6,CurveFaultA,CurveFault-A,36360,184878,933,CurveFaultA:36360
2027,global_train,42,1234,6,CurveFaultA,CurveFault-A,23952,203815,934,CurveFaultA:23952
2027,global_train,42,1234,6,CurveFaultA,CurveFault-A,45131,37339,935,CurveFaultA:45131
2027,global_train,42,1234,6,CurveFaultA,CurveFault-A,51076,173998,936,CurveFaultA:51076
2027,global_train,42,1234,6,CurveFaultA,CurveFault-A,18455,55460,937,CurveFaultA:18455
2027,global_train,42,1234,6,CurveFaultA,CurveFault-A,28064,30446,938,CurveFaultA:28064
2027,global_train,42,1234,6,CurveFaultA,CurveFault-A,46806,203874,939,CurveFaultA:46806
2027,global_train,42,1234,6,CurveFaultA,CurveFault-A,6420,1638,940,CurveFaultA:6420
2027,global_train,42,1234,6,CurveFaultA,CurveFault-A,39248,171679,941,CurveFaultA:39248
2027,global_train,42,1234,6,CurveFaultA,CurveFault-A,4146,109817,942,CurveFaultA:4146
2027,global_train,42,1234,6,CurveFaultA,CurveFault-A,42777,133947,943,CurveFaultA:42777
2027,global_train,42,1234,6,CurveFaultA,CurveFault-A,24066,40629,944,CurveFaultA:24066
2027,global_train,42,1234,6,CurveFaultA,CurveFault-A,50269,207574,945,CurveFaultA:50269
2027,global_train,42,1234,6,CurveFaultA,CurveFault-A,19862,214207,946,CurveFaultA:19862
2027,global_train,42,1234,6,CurveFaultA,CurveFault-A,1983,223846,947,CurveFaultA:1983
2027,global_train,42,1234,6,CurveFaultA,CurveFault-A,29594,1383,948,CurveFaultA:29594
2027,global_train,42,1234,6,CurveFaultA,CurveFault-A,1606,139912,949,CurveFaultA:1606
2027,global_train,42,1234,6,CurveFaultA,CurveFault-A,30446,68090,950,CurveFaultA:30446
2027,global_train,42,1234,6,CurveFaultA,CurveFault-A,11679,131446,951,CurveFaultA:11679
2027,global_train,42,1234,6,CurveFaultA,CurveFault-A,13446,96380,952,CurveFaultA:13446
2027,global_train,42,1234,6,CurveFaultA,CurveFault-A,18921,196901,953,CurveFaultA:18921
2027,global_train,42,1234,6,CurveFaultA,CurveFault-A,27659,77120,954,CurveFaultA:27659
2027,global_train,42,1234,6,CurveFaultA,CurveFault-A,12990,107052,955,CurveFaultA:12990
2027,global_train,42,1234,6,CurveFaultA,CurveFault-A,18920,65526,956,CurveFaultA:18920
2027,global_train,42,1234,6,CurveFaultA,CurveFault-A,42775,193844,957,CurveFaultA:42775
2027,global_train,42,1234,6,CurveFaultA,CurveFault-A,31694,152173,958,CurveFaultA:31694
2027,global_train,42,1234,6,CurveFaultA,CurveFault-A,35735,183230,959,CurveFaultA:35735
2027,global_train,42,1234,6,CurveFaultA,CurveFault-A,8586,206710,960,CurveFaultA:8586
2027,global_train,42,1234,6,CurveFaultA,CurveFault-A,1830,169675,961,CurveFaultA:1830
2027,global_train,42,1234,6,CurveFaultA,CurveFault-A,45596,9784,962,CurveFaultA:45596
2027,global_train,42,1234,6,CurveFaultA,CurveFault-A,18161,77679,963,CurveFaultA:18161
2027,global_train,42,1234,6,CurveFaultA,CurveFault-A,20157,90633,964,CurveFaultA:20157
2027,global_train,42,1234,6,CurveFaultA,CurveFault-A,41512,135779,965,CurveFaultA:41512
2027,global_train,42,1234,6,CurveFaultA,CurveFault-A,3478,64890,966,CurveFaultA:3478
2027,global_train,42,1234,6,CurveFaultA,CurveFault-A,35541,231131,967,CurveFaultA:35541
2027,global_train,42,1234,6,CurveFaultA,CurveFault-A,20595,149106,968,CurveFaultA:20595
2027,global_train,42,1234,6,CurveFaultA,CurveFault-A,26426,103982,969,CurveFaultA:26426
2027,global_train,42,1234,6,CurveFaultA,CurveFault-A,15440,71021,970,CurveFaultA:15440
2027,global_train,42,1234,6,CurveFaultA,CurveFault-A,46992,213960,971,CurveFaultA:46992
2027,global_train,42,1234,6,CurveFaultA,CurveFault-A,46481,68674,972,CurveFaultA:46481
2027,global_train,42,1234,6,CurveFaultA,CurveFault-A,34666,91699,973,CurveFaultA:34666
2027,global_train,42,1234,6,CurveFaultA,CurveFault-A,14792,121747,974,CurveFaultA:14792
2027,global_train,42,1234,6,CurveFaultA,CurveFault-A,34019,103838,975,CurveFaultA:34019
2027,global_train,42,1234,6,CurveFaultA,CurveFault-A,11946,49726,976,CurveFaultA:11946
2027,global_train,42,1234,6,CurveFaultA,CurveFault-A,40307,127234,977,CurveFaultA:40307
2027,global_train,42,1234,6,CurveFaultA,CurveFault-A,11951,175194,978,CurveFaultA:11951
2027,global_train,42,1234,6,CurveFaultA,CurveFault-A,31174,161730,979,CurveFaultA:31174
2027,global_train,42,1234,6,CurveFaultA,CurveFault-A,44185,8242,980,CurveFaultA:44185
2027,global_train,42,1234,6,CurveFaultA,CurveFault-A,6815,26320,981,CurveFaultA:6815
2027,global_train,42,1234,6,CurveFaultA,CurveFault-A,41705,151509,982,CurveFaultA:41705
2027,global_train,42,1234,6,CurveFaultA,CurveFault-A,1243,152686,983,CurveFaultA:1243
2027,global_train,42,1234,6,CurveFaultA,CurveFault-A,12783,138321,984,CurveFaultA:12783
2027,global_train,42,1234,6,CurveFaultA,CurveFault-A,34162,1805,985,CurveFaultA:34162
2027,global_train,42,1234,6,CurveFaultA,CurveFault-A,2319,153458,986,CurveFaultA:2319
2027,global_train,42,1234,6,CurveFaultA,CurveFault-A,18249,108545,987,CurveFaultA:18249
2027,global_train,42,1234,6,CurveFaultA,CurveFault-A,24873,206419,988,CurveFaultA:24873
2027,global_train,42,1234,6,CurveFaultA,CurveFault-A,53492,114335,989,CurveFaultA:53492
2027,global_train,42,1234,6,CurveFaultA,CurveFault-A,29949,57897,990,CurveFaultA:29949
2027,global_train,42,1234,6,CurveFaultA,CurveFault-A,30804,194293,991,CurveFaultA:30804
2027,global_train,42,1234,6,CurveFaultA,CurveFault-A,15453,143948,992,CurveFaultA:15453
2027,global_train,42,1234,6,CurveFaultA,CurveFault-A,9828,18228,993,CurveFaultA:9828
2027,global_train,42,1234,6,CurveFaultA,CurveFault-A,28163,207780,994,CurveFaultA:28163
2027,global_train,42,1234,6,CurveFaultA,CurveFault-A,42015,186170,995,CurveFaultA:42015
2027,global_train,42,1234,6,CurveFaultA,CurveFault-A,53619,186864,996,CurveFaultA:53619
2027,global_train,42,1234,6,CurveFaultA,CurveFault-A,44582,219366,997,CurveFaultA:44582
2027,global_train,42,1234,6,CurveFaultA,CurveFault-A,39890,62611,998,CurveFaultA:39890
2027,global_train,42,1234,6,CurveFaultA,CurveFault-A,13246,40085,999,CurveFaultA:13246
2027,global_train,42,1234,7,CurveFaultB,CurveFault-B,296,196176,0,CurveFaultB:296
2027,global_train,42,1234,7,CurveFaultB,CurveFault-B,4593,22848,1,CurveFaultB:4593
2027,global_train,42,1234,7,CurveFaultB,CurveFault-B,26942,10398,2,CurveFaultB:26942
2027,global_train,42,1234,7,CurveFaultB,CurveFault-B,34785,68905,3,CurveFaultB:34785
2027,global_train,42,1234,7,CurveFaultB,CurveFault-B,42404,160887,4,CurveFaultB:42404
2027,global_train,42,1234,7,CurveFaultB,CurveFault-B,49241,67975,5,CurveFaultB:49241
2027,global_train,42,1234,7,CurveFaultB,CurveFault-B,51404,37497,6,CurveFaultB:51404
2027,global_train,42,1234,7,CurveFaultB,CurveFault-B,51887,128699,7,CurveFaultB:51887
2027,global_train,42,1234,7,CurveFaultB,CurveFault-B,19899,33691,8,CurveFaultB:19899
2027,global_train,42,1234,7,CurveFaultB,CurveFault-B,23752,30703,9,CurveFaultB:23752
2027,global_train,42,1234,7,CurveFaultB,CurveFault-B,26092,12552,10,CurveFaultB:26092
2027,global_train,42,1234,7,CurveFaultB,CurveFault-B,31166,136045,11,CurveFaultB:31166
2027,global_train,42,1234,7,CurveFaultB,CurveFault-B,47119,225416,12,CurveFaultB:47119
2027,global_train,42,1234,7,CurveFaultB,CurveFault-B,25459,184515,13,CurveFaultB:25459
2027,global_train,42,1234,7,CurveFaultB,CurveFault-B,53959,186731,14,CurveFaultB:53959
2027,global_train,42,1234,7,CurveFaultB,CurveFault-B,15894,85997,15,CurveFaultB:15894
2027,global_train,42,1234,7,CurveFaultB,CurveFault-B,35944,139261,16,CurveFaultB:35944
2027,global_train,42,1234,7,CurveFaultB,CurveFault-B,2291,16263,17,CurveFaultB:2291
2027,global_train,42,1234,7,CurveFaultB,CurveFault-B,33612,27222,18,CurveFaultB:33612
2027,global_train,42,1234,7,CurveFaultB,CurveFault-B,27590,37643,19,CurveFaultB:27590
2027,global_train,42,1234,7,CurveFaultB,CurveFault-B,52050,234745,20,CurveFaultB:52050
2027,global_train,42,1234,7,CurveFaultB,CurveFault-B,44654,181015,21,CurveFaultB:44654
2027,global_train,42,1234,7,CurveFaultB,CurveFault-B,2235,12302,22,CurveFaultB:2235
2027,global_train,42,1234,7,CurveFaultB,CurveFault-B,53467,162664,23,CurveFaultB:53467
2027,global_train,42,1234,7,CurveFaultB,CurveFault-B,45357,136051,24,CurveFaultB:45357
2027,global_train,42,1234,7,CurveFaultB,CurveFault-B,8608,185949,25,CurveFaultB:8608
2027,global_train,42,1234,7,CurveFaultB,CurveFault-B,12510,106262,26,CurveFaultB:12510
2027,global_train,42,1234,7,CurveFaultB,CurveFault-B,9193,175391,27,CurveFaultB:9193
2027,global_train,42,1234,7,CurveFaultB,CurveFault-B,17384,112164,28,CurveFaultB:17384
2027,global_train,42,1234,7,CurveFaultB,CurveFault-B,14263,166683,29,CurveFaultB:14263
2027,global_train,42,1234,7,CurveFaultB,CurveFault-B,30911,151081,30,CurveFaultB:30911
2027,global_train,42,1234,7,CurveFaultB,CurveFault-B,1573,169581,31,CurveFaultB:1573
2027,global_train,42,1234,7,CurveFaultB,CurveFault-B,18511,190535,32,CurveFaultB:18511
2027,global_train,42,1234,7,CurveFaultB,CurveFault-B,5842,105681,33,CurveFaultB:5842
2027,global_train,42,1234,7,CurveFaultB,CurveFault-B,5511,76296,34,CurveFaultB:5511
2027,global_train,42,1234,7,CurveFaultB,CurveFault-B,47691,132417,35,CurveFaultB:47691
2027,global_train,42,1234,7,CurveFaultB,CurveFault-B,45659,28682,36,CurveFaultB:45659
2027,global_train,42,1234,7,CurveFaultB,CurveFault-B,42615,152303,37,CurveFaultB:42615
2027,global_train,42,1234,7,CurveFaultB,CurveFault-B,3734,47741,38,CurveFaultB:3734
2027,global_train,42,1234,7,CurveFaultB,CurveFault-B,13764,86777,39,CurveFaultB:13764
2027,global_train,42,1234,7,CurveFaultB,CurveFault-B,34353,110416,40,CurveFaultB:34353
2027,global_train,42,1234,7,CurveFaultB,CurveFault-B,35298,128512,41,CurveFaultB:35298
2027,global_train,42,1234,7,CurveFaultB,CurveFault-B,18287,40219,42,CurveFaultB:18287
2027,global_train,42,1234,7,CurveFaultB,CurveFault-B,15204,31164,43,CurveFaultB:15204
2027,global_train,42,1234,7,CurveFaultB,CurveFault-B,44087,115049,44,CurveFaultB:44087
2027,global_train,42,1234,7,CurveFaultB,CurveFault-B,30913,231344,45,CurveFaultB:30913
2027,global_train,42,1234,7,CurveFaultB,CurveFault-B,35404,9979,46,CurveFaultB:35404
2027,global_train,42,1234,7,CurveFaultB,CurveFault-B,5044,47964,47,CurveFaultB:5044
2027,global_train,42,1234,7,CurveFaultB,CurveFault-B,10516,188067,48,CurveFaultB:10516
2027,global_train,42,1234,7,CurveFaultB,CurveFault-B,39138,143431,49,CurveFaultB:39138
2027,global_train,42,1234,7,CurveFaultB,CurveFault-B,30039,75400,50,CurveFaultB:30039
2027,global_train,42,1234,7,CurveFaultB,CurveFault-B,34404,33018,51,CurveFaultB:34404
2027,global_train,42,1234,7,CurveFaultB,CurveFault-B,29046,5545,52,CurveFaultB:29046
2027,global_train,42,1234,7,CurveFaultB,CurveFault-B,48262,66435,53,CurveFaultB:48262
2027,global_train,42,1234,7,CurveFaultB,CurveFault-B,46358,153015,54,CurveFaultB:46358
2027,global_train,42,1234,7,CurveFaultB,CurveFault-B,10727,173770,55,CurveFaultB:10727
2027,global_train,42,1234,7,CurveFaultB,CurveFault-B,42351,173835,56,CurveFaultB:42351
2027,global_train,42,1234,7,CurveFaultB,CurveFault-B,53742,59476,57,CurveFaultB:53742
2027,global_train,42,1234,7,CurveFaultB,CurveFault-B,30865,58088,58,CurveFaultB:30865
2027,global_train,42,1234,7,CurveFaultB,CurveFault-B,13709,205800,59,CurveFaultB:13709
2027,global_train,42,1234,7,CurveFaultB,CurveFault-B,30536,231908,60,CurveFaultB:30536
2027,global_train,42,1234,7,CurveFaultB,CurveFault-B,27232,78826,61,CurveFaultB:27232
2027,global_train,42,1234,7,CurveFaultB,CurveFault-B,29143,86402,62,CurveFaultB:29143
2027,global_train,42,1234,7,CurveFaultB,CurveFault-B,13432,174528,63,CurveFaultB:13432
2027,global_train,42,1234,7,CurveFaultB,CurveFault-B,34777,18926,64,CurveFaultB:34777
2027,global_train,42,1234,7,CurveFaultB,CurveFault-B,24564,35519,65,CurveFaultB:24564
2027,global_train,42,1234,7,CurveFaultB,CurveFault-B,25813,61345,66,CurveFaultB:25813
2027,global_train,42,1234,7,CurveFaultB,CurveFault-B,48049,211829,67,CurveFaultB:48049
2027,global_train,42,1234,7,CurveFaultB,CurveFault-B,20181,43189,68,CurveFaultB:20181
2027,global_train,42,1234,7,CurveFaultB,CurveFault-B,14226,142378,69,CurveFaultB:14226
2027,global_train,42,1234,7,CurveFaultB,CurveFault-B,39713,148624,70,CurveFaultB:39713
2027,global_train,42,1234,7,CurveFaultB,CurveFault-B,10825,128340,71,CurveFaultB:10825
2027,global_train,42,1234,7,CurveFaultB,CurveFault-B,45560,189235,72,CurveFaultB:45560
2027,global_train,42,1234,7,CurveFaultB,CurveFault-B,25001,192169,73,CurveFaultB:25001
2027,global_train,42,1234,7,CurveFaultB,CurveFault-B,46286,53150,74,CurveFaultB:46286
2027,global_train,42,1234,7,CurveFaultB,CurveFault-B,11568,145902,75,CurveFaultB:11568
2027,global_train,42,1234,7,CurveFaultB,CurveFault-B,2429,90686,76,CurveFaultB:2429
2027,global_train,42,1234,7,CurveFaultB,CurveFault-B,53323,59319,77,CurveFaultB:53323
2027,global_train,42,1234,7,CurveFaultB,CurveFault-B,36405,75996,78,CurveFaultB:36405
2027,global_train,42,1234,7,CurveFaultB,CurveFault-B,42408,207592,79,CurveFaultB:42408
2027,global_train,42,1234,7,CurveFaultB,CurveFault-B,46311,159476,80,CurveFaultB:46311
2027,global_train,42,1234,7,CurveFaultB,CurveFault-B,46152,53628,81,CurveFaultB:46152
2027,global_train,42,1234,7,CurveFaultB,CurveFault-B,17736,129732,82,CurveFaultB:17736
2027,global_train,42,1234,7,CurveFaultB,CurveFault-B,43778,66157,83,CurveFaultB:43778
2027,global_train,42,1234,7,CurveFaultB,CurveFault-B,33997,191081,84,CurveFaultB:33997
2027,global_train,42,1234,7,CurveFaultB,CurveFault-B,16997,140992,85,CurveFaultB:16997
2027,global_train,42,1234,7,CurveFaultB,CurveFault-B,5560,59095,86,CurveFaultB:5560
2027,global_train,42,1234,7,CurveFaultB,CurveFault-B,32352,79977,87,CurveFaultB:32352
2027,global_train,42,1234,7,CurveFaultB,CurveFault-B,34215,160912,88,CurveFaultB:34215
2027,global_train,42,1234,7,CurveFaultB,CurveFault-B,47619,52430,89,CurveFaultB:47619
2027,global_train,42,1234,7,CurveFaultB,CurveFault-B,28701,12202,90,CurveFaultB:28701
2027,global_train,42,1234,7,CurveFaultB,CurveFault-B,47423,70698,91,CurveFaultB:47423
2027,global_train,42,1234,7,CurveFaultB,CurveFault-B,51919,18335,92,CurveFaultB:51919
2027,global_train,42,1234,7,CurveFaultB,CurveFault-B,38364,173161,93,CurveFaultB:38364
2027,global_train,42,1234,7,CurveFaultB,CurveFault-B,7924,123602,94,CurveFaultB:7924
2027,global_train,42,1234,7,CurveFaultB,CurveFault-B,4681,4025,95,CurveFaultB:4681
2027,global_train,42,1234,7,CurveFaultB,CurveFault-B,31143,80526,96,CurveFaultB:31143
2027,global_train,42,1234,7,CurveFaultB,CurveFault-B,37538,51392,97,CurveFaultB:37538
2027,global_train,42,1234,7,CurveFaultB,CurveFault-B,49279,198180,98,CurveFaultB:49279
2027,global_train,42,1234,7,CurveFaultB,CurveFault-B,24261,102702,99,CurveFaultB:24261
2027,global_train,42,1234,7,CurveFaultB,CurveFault-B,3007,176851,100,CurveFaultB:3007
2027,global_train,42,1234,7,CurveFaultB,CurveFault-B,43716,43826,101,CurveFaultB:43716
2027,global_train,42,1234,7,CurveFaultB,CurveFault-B,44300,222898,102,CurveFaultB:44300
2027,global_train,42,1234,7,CurveFaultB,CurveFault-B,42640,204870,103,CurveFaultB:42640
2027,global_train,42,1234,7,CurveFaultB,CurveFault-B,11416,199658,104,CurveFaultB:11416
2027,global_train,42,1234,7,CurveFaultB,CurveFault-B,8546,45921,105,CurveFaultB:8546
2027,global_train,42,1234,7,CurveFaultB,CurveFault-B,53496,167600,106,CurveFaultB:53496
2027,global_train,42,1234,7,CurveFaultB,CurveFault-B,32219,197513,107,CurveFaultB:32219
2027,global_train,42,1234,7,CurveFaultB,CurveFault-B,3790,90190,108,CurveFaultB:3790
2027,global_train,42,1234,7,CurveFaultB,CurveFault-B,49914,1754,109,CurveFaultB:49914
2027,global_train,42,1234,7,CurveFaultB,CurveFault-B,51657,66143,110,CurveFaultB:51657
2027,global_train,42,1234,7,CurveFaultB,CurveFault-B,38464,131822,111,CurveFaultB:38464
2027,global_train,42,1234,7,CurveFaultB,CurveFault-B,18964,148797,112,CurveFaultB:18964
2027,global_train,42,1234,7,CurveFaultB,CurveFault-B,14318,104287,113,CurveFaultB:14318
2027,global_train,42,1234,7,CurveFaultB,CurveFault-B,44665,210166,114,CurveFaultB:44665
2027,global_train,42,1234,7,CurveFaultB,CurveFault-B,7819,181652,115,CurveFaultB:7819
2027,global_train,42,1234,7,CurveFaultB,CurveFault-B,7890,222373,116,CurveFaultB:7890
2027,global_train,42,1234,7,CurveFaultB,CurveFault-B,19121,133646,117,CurveFaultB:19121
2027,global_train,42,1234,7,CurveFaultB,CurveFault-B,48726,18160,118,CurveFaultB:48726
2027,global_train,42,1234,7,CurveFaultB,CurveFault-B,6301,48716,119,CurveFaultB:6301
2027,global_train,42,1234,7,CurveFaultB,CurveFault-B,27714,48704,120,CurveFaultB:27714
2027,global_train,42,1234,7,CurveFaultB,CurveFault-B,28082,214301,121,CurveFaultB:28082
2027,global_train,42,1234,7,CurveFaultB,CurveFault-B,29686,155204,122,CurveFaultB:29686
2027,global_train,42,1234,7,CurveFaultB,CurveFault-B,37097,37585,123,CurveFaultB:37097
2027,global_train,42,1234,7,CurveFaultB,CurveFault-B,51455,29242,124,CurveFaultB:51455
2027,global_train,42,1234,7,CurveFaultB,CurveFault-B,25166,8358,125,CurveFaultB:25166
2027,global_train,42,1234,7,CurveFaultB,CurveFault-B,5835,42236,126,CurveFaultB:5835
2027,global_train,42,1234,7,CurveFaultB,CurveFault-B,14693,7117,127,CurveFaultB:14693
2027,global_train,42,1234,7,CurveFaultB,CurveFault-B,28150,233480,128,CurveFaultB:28150
2027,global_train,42,1234,7,CurveFaultB,CurveFault-B,19324,25263,129,CurveFaultB:19324
2027,global_train,42,1234,7,CurveFaultB,CurveFault-B,47051,180582,130,CurveFaultB:47051
2027,global_train,42,1234,7,CurveFaultB,CurveFault-B,6922,119572,131,CurveFaultB:6922
2027,global_train,42,1234,7,CurveFaultB,CurveFault-B,42499,38843,132,CurveFaultB:42499
2027,global_train,42,1234,7,CurveFaultB,CurveFault-B,23326,131888,133,CurveFaultB:23326
2027,global_train,42,1234,7,CurveFaultB,CurveFault-B,16701,200594,134,CurveFaultB:16701
2027,global_train,42,1234,7,CurveFaultB,CurveFault-B,26683,159723,135,CurveFaultB:26683
2027,global_train,42,1234,7,CurveFaultB,CurveFault-B,11395,91698,136,CurveFaultB:11395
2027,global_train,42,1234,7,CurveFaultB,CurveFault-B,32179,53731,137,CurveFaultB:32179
2027,global_train,42,1234,7,CurveFaultB,CurveFault-B,44005,37496,138,CurveFaultB:44005
2027,global_train,42,1234,7,CurveFaultB,CurveFault-B,23343,94727,139,CurveFaultB:23343
2027,global_train,42,1234,7,CurveFaultB,CurveFault-B,19926,173268,140,CurveFaultB:19926
2027,global_train,42,1234,7,CurveFaultB,CurveFault-B,18872,109822,141,CurveFaultB:18872
2027,global_train,42,1234,7,CurveFaultB,CurveFault-B,33029,187242,142,CurveFaultB:33029
2027,global_train,42,1234,7,CurveFaultB,CurveFault-B,5228,61309,143,CurveFaultB:5228
2027,global_train,42,1234,7,CurveFaultB,CurveFault-B,3055,234311,144,CurveFaultB:3055
2027,global_train,42,1234,7,CurveFaultB,CurveFault-B,17941,167677,145,CurveFaultB:17941
2027,global_train,42,1234,7,CurveFaultB,CurveFault-B,42964,146773,146,CurveFaultB:42964
2027,global_train,42,1234,7,CurveFaultB,CurveFault-B,16607,201021,147,CurveFaultB:16607
2027,global_train,42,1234,7,CurveFaultB,CurveFault-B,4355,205486,148,CurveFaultB:4355
2027,global_train,42,1234,7,CurveFaultB,CurveFault-B,6899,164643,149,CurveFaultB:6899
2027,global_train,42,1234,7,CurveFaultB,CurveFault-B,30005,97155,150,CurveFaultB:30005
2027,global_train,42,1234,7,CurveFaultB,CurveFault-B,35790,16005,151,CurveFaultB:35790
2027,global_train,42,1234,7,CurveFaultB,CurveFault-B,12938,81593,152,CurveFaultB:12938
2027,global_train,42,1234,7,CurveFaultB,CurveFault-B,29539,199620,153,CurveFaultB:29539
2027,global_train,42,1234,7,CurveFaultB,CurveFault-B,10662,2401,154,CurveFaultB:10662
2027,global_train,42,1234,7,CurveFaultB,CurveFault-B,33051,96415,155,CurveFaultB:33051
2027,global_train,42,1234,7,CurveFaultB,CurveFault-B,12586,106838,156,CurveFaultB:12586
2027,global_train,42,1234,7,CurveFaultB,CurveFault-B,21076,167890,157,CurveFaultB:21076
2027,global_train,42,1234,7,CurveFaultB,CurveFault-B,9854,33406,158,CurveFaultB:9854
2027,global_train,42,1234,7,CurveFaultB,CurveFault-B,42879,215281,159,CurveFaultB:42879
2027,global_train,42,1234,7,CurveFaultB,CurveFault-B,2277,231643,160,CurveFaultB:2277
2027,global_train,42,1234,7,CurveFaultB,CurveFault-B,37085,152266,161,CurveFaultB:37085
2027,global_train,42,1234,7,CurveFaultB,CurveFault-B,24665,66726,162,CurveFaultB:24665
2027,global_train,42,1234,7,CurveFaultB,CurveFault-B,44895,166715,163,CurveFaultB:44895
2027,global_train,42,1234,7,CurveFaultB,CurveFault-B,40952,230688,164,CurveFaultB:40952
2027,global_train,42,1234,7,CurveFaultB,CurveFault-B,25498,46977,165,CurveFaultB:25498
2027,global_train,42,1234,7,CurveFaultB,CurveFault-B,52042,149920,166,CurveFaultB:52042
2027,global_train,42,1234,7,CurveFaultB,CurveFault-B,28416,93916,167,CurveFaultB:28416
2027,global_train,42,1234,7,CurveFaultB,CurveFault-B,17953,189990,168,CurveFaultB:17953
2027,global_train,42,1234,7,CurveFaultB,CurveFault-B,29114,137599,169,CurveFaultB:29114
2027,global_train,42,1234,7,CurveFaultB,CurveFault-B,10465,69705,170,CurveFaultB:10465
2027,global_train,42,1234,7,CurveFaultB,CurveFault-B,6034,42661,171,CurveFaultB:6034
2027,global_train,42,1234,7,CurveFaultB,CurveFault-B,3888,57880,172,CurveFaultB:3888
2027,global_train,42,1234,7,CurveFaultB,CurveFault-B,35553,229688,173,CurveFaultB:35553
2027,global_train,42,1234,7,CurveFaultB,CurveFault-B,11752,128010,174,CurveFaultB:11752
2027,global_train,42,1234,7,CurveFaultB,CurveFault-B,45256,204090,175,CurveFaultB:45256
2027,global_train,42,1234,7,CurveFaultB,CurveFault-B,25904,80954,176,CurveFaultB:25904
2027,global_train,42,1234,7,CurveFaultB,CurveFault-B,3482,41490,177,CurveFaultB:3482
2027,global_train,42,1234,7,CurveFaultB,CurveFault-B,50277,208278,178,CurveFaultB:50277
2027,global_train,42,1234,7,CurveFaultB,CurveFault-B,15654,143403,179,CurveFaultB:15654
2027,global_train,42,1234,7,CurveFaultB,CurveFault-B,25410,201102,180,CurveFaultB:25410
2027,global_train,42,1234,7,CurveFaultB,CurveFault-B,649,227842,181,CurveFaultB:649
2027,global_train,42,1234,7,CurveFaultB,CurveFault-B,38126,70125,182,CurveFaultB:38126
2027,global_train,42,1234,7,CurveFaultB,CurveFault-B,25336,52845,183,CurveFaultB:25336
2027,global_train,42,1234,7,CurveFaultB,CurveFault-B,17469,134329,184,CurveFaultB:17469
2027,global_train,42,1234,7,CurveFaultB,CurveFault-B,39585,166271,185,CurveFaultB:39585
2027,global_train,42,1234,7,CurveFaultB,CurveFault-B,3123,216001,186,CurveFaultB:3123
2027,global_train,42,1234,7,CurveFaultB,CurveFault-B,49911,88067,187,CurveFaultB:49911
2027,global_train,42,1234,7,CurveFaultB,CurveFault-B,40896,12716,188,CurveFaultB:40896
2027,global_train,42,1234,7,CurveFaultB,CurveFault-B,27578,1785,189,CurveFaultB:27578
2027,global_train,42,1234,7,CurveFaultB,CurveFault-B,22689,134972,190,CurveFaultB:22689
2027,global_train,42,1234,7,CurveFaultB,CurveFault-B,44881,200631,191,CurveFaultB:44881
2027,global_train,42,1234,7,CurveFaultB,CurveFault-B,44951,71448,192,CurveFaultB:44951
2027,global_train,42,1234,7,CurveFaultB,CurveFault-B,25383,178125,193,CurveFaultB:25383
2027,global_train,42,1234,7,CurveFaultB,CurveFault-B,12337,56592,194,CurveFaultB:12337
2027,global_train,42,1234,7,CurveFaultB,CurveFault-B,14765,224951,195,CurveFaultB:14765
2027,global_train,42,1234,7,CurveFaultB,CurveFault-B,4406,80571,196,CurveFaultB:4406
2027,global_train,42,1234,7,CurveFaultB,CurveFault-B,12483,182645,197,CurveFaultB:12483
2027,global_train,42,1234,7,CurveFaultB,CurveFault-B,16349,114503,198,CurveFaultB:16349
2027,global_train,42,1234,7,CurveFaultB,CurveFault-B,32883,20247,199,CurveFaultB:32883
2027,global_train,42,1234,7,CurveFaultB,CurveFault-B,48509,182423,200,CurveFaultB:48509
2027,global_train,42,1234,7,CurveFaultB,CurveFault-B,52223,210044,201,CurveFaultB:52223
2027,global_train,42,1234,7,CurveFaultB,CurveFault-B,38971,100249,202,CurveFaultB:38971
2027,global_train,42,1234,7,CurveFaultB,CurveFault-B,35028,116543,203,CurveFaultB:35028
2027,global_train,42,1234,7,CurveFaultB,CurveFault-B,46394,168346,204,CurveFaultB:46394
2027,global_train,42,1234,7,CurveFaultB,CurveFault-B,16026,145828,205,CurveFaultB:16026
2027,global_train,42,1234,7,CurveFaultB,CurveFault-B,35865,34547,206,CurveFaultB:35865
2027,global_train,42,1234,7,CurveFaultB,CurveFault-B,22938,26704,207,CurveFaultB:22938
2027,global_train,42,1234,7,CurveFaultB,CurveFault-B,45986,206628,208,CurveFaultB:45986
2027,global_train,42,1234,7,CurveFaultB,CurveFault-B,45019,131365,209,CurveFaultB:45019
2027,global_train,42,1234,7,CurveFaultB,CurveFault-B,8999,84292,210,CurveFaultB:8999
2027,global_train,42,1234,7,CurveFaultB,CurveFault-B,42589,186250,211,CurveFaultB:42589
2027,global_train,42,1234,7,CurveFaultB,CurveFault-B,28040,7464,212,CurveFaultB:28040
2027,global_train,42,1234,7,CurveFaultB,CurveFault-B,26657,125776,213,CurveFaultB:26657
2027,global_train,42,1234,7,CurveFaultB,CurveFault-B,31892,160213,214,CurveFaultB:31892
2027,global_train,42,1234,7,CurveFaultB,CurveFault-B,13304,105959,215,CurveFaultB:13304
2027,global_train,42,1234,7,CurveFaultB,CurveFault-B,31704,36211,216,CurveFaultB:31704
2027,global_train,42,1234,7,CurveFaultB,CurveFault-B,46946,138201,217,CurveFaultB:46946
2027,global_train,42,1234,7,CurveFaultB,CurveFault-B,37403,147002,218,CurveFaultB:37403
2027,global_train,42,1234,7,CurveFaultB,CurveFault-B,7180,190144,219,CurveFaultB:7180
2027,global_train,42,1234,7,CurveFaultB,CurveFault-B,53859,226680,220,CurveFaultB:53859
2027,global_train,42,1234,7,CurveFaultB,CurveFault-B,2147,17343,221,CurveFaultB:2147
2027,global_train,42,1234,7,CurveFaultB,CurveFault-B,631,229172,222,CurveFaultB:631
2027,global_train,42,1234,7,CurveFaultB,CurveFault-B,11479,67545,223,CurveFaultB:11479
2027,global_train,42,1234,7,CurveFaultB,CurveFault-B,9670,180662,224,CurveFaultB:9670
2027,global_train,42,1234,7,CurveFaultB,CurveFault-B,40302,114509,225,CurveFaultB:40302
2027,global_train,42,1234,7,CurveFaultB,CurveFault-B,28571,126142,226,CurveFaultB:28571
2027,global_train,42,1234,7,CurveFaultB,CurveFault-B,39708,16057,227,CurveFaultB:39708
2027,global_train,42,1234,7,CurveFaultB,CurveFault-B,5762,220099,228,CurveFaultB:5762
2027,global_train,42,1234,7,CurveFaultB,CurveFault-B,20137,126871,229,CurveFaultB:20137
2027,global_train,42,1234,7,CurveFaultB,CurveFault-B,43642,52119,230,CurveFaultB:43642
2027,global_train,42,1234,7,CurveFaultB,CurveFault-B,10301,217403,231,CurveFaultB:10301
2027,global_train,42,1234,7,CurveFaultB,CurveFault-B,34736,142927,232,CurveFaultB:34736
2027,global_train,42,1234,7,CurveFaultB,CurveFault-B,17259,170799,233,CurveFaultB:17259
2027,global_train,42,1234,7,CurveFaultB,CurveFault-B,39146,228387,234,CurveFaultB:39146
2027,global_train,42,1234,7,CurveFaultB,CurveFault-B,39010,216723,235,CurveFaultB:39010
2027,global_train,42,1234,7,CurveFaultB,CurveFault-B,31100,17859,236,CurveFaultB:31100
2027,global_train,42,1234,7,CurveFaultB,CurveFault-B,53136,85589,237,CurveFaultB:53136
2027,global_train,42,1234,7,CurveFaultB,CurveFault-B,38174,156785,238,CurveFaultB:38174
2027,global_train,42,1234,7,CurveFaultB,CurveFault-B,3892,44456,239,CurveFaultB:3892
2027,global_train,42,1234,7,CurveFaultB,CurveFault-B,27865,80947,240,CurveFaultB:27865
2027,global_train,42,1234,7,CurveFaultB,CurveFault-B,27211,212111,241,CurveFaultB:27211
2027,global_train,42,1234,7,CurveFaultB,CurveFault-B,53653,169765,242,CurveFaultB:53653
2027,global_train,42,1234,7,CurveFaultB,CurveFault-B,10173,81157,243,CurveFaultB:10173
2027,global_train,42,1234,7,CurveFaultB,CurveFault-B,39721,218381,244,CurveFaultB:39721
2027,global_train,42,1234,7,CurveFaultB,CurveFault-B,42905,180099,245,CurveFaultB:42905
2027,global_train,42,1234,7,CurveFaultB,CurveFault-B,9850,215940,246,CurveFaultB:9850
2027,global_train,42,1234,7,CurveFaultB,CurveFault-B,13831,217307,247,CurveFaultB:13831
2027,global_train,42,1234,7,CurveFaultB,CurveFault-B,41083,120538,248,CurveFaultB:41083
2027,global_train,42,1234,7,CurveFaultB,CurveFault-B,31659,184453,249,CurveFaultB:31659
2027,global_train,42,1234,7,CurveFaultB,CurveFault-B,38434,119124,250,CurveFaultB:38434
2027,global_train,42,1234,7,CurveFaultB,CurveFault-B,9685,140663,251,CurveFaultB:9685
2027,global_train,42,1234,7,CurveFaultB,CurveFault-B,15674,125575,252,CurveFaultB:15674
2027,global_train,42,1234,7,CurveFaultB,CurveFault-B,20167,20503,253,CurveFaultB:20167
2027,global_train,42,1234,7,CurveFaultB,CurveFault-B,36067,12039,254,CurveFaultB:36067
2027,global_train,42,1234,7,CurveFaultB,CurveFault-B,20294,230462,255,CurveFaultB:20294
2027,global_train,42,1234,7,CurveFaultB,CurveFault-B,4778,182776,256,CurveFaultB:4778
2027,global_train,42,1234,7,CurveFaultB,CurveFault-B,42106,113022,257,CurveFaultB:42106
2027,global_train,42,1234,7,CurveFaultB,CurveFault-B,42160,57148,258,CurveFaultB:42160
2027,global_train,42,1234,7,CurveFaultB,CurveFault-B,53049,175728,259,CurveFaultB:53049
2027,global_train,42,1234,7,CurveFaultB,CurveFault-B,38817,36867,260,CurveFaultB:38817
2027,global_train,42,1234,7,CurveFaultB,CurveFault-B,42654,51783,261,CurveFaultB:42654
2027,global_train,42,1234,7,CurveFaultB,CurveFault-B,46232,129445,262,CurveFaultB:46232
2027,global_train,42,1234,7,CurveFaultB,CurveFault-B,47,118566,263,CurveFaultB:47
2027,global_train,42,1234,7,CurveFaultB,CurveFault-B,31918,30070,264,CurveFaultB:31918
2027,global_train,42,1234,7,CurveFaultB,CurveFault-B,15709,146142,265,CurveFaultB:15709
2027,global_train,42,1234,7,CurveFaultB,CurveFault-B,37994,149653,266,CurveFaultB:37994
2027,global_train,42,1234,7,CurveFaultB,CurveFault-B,948,63892,267,CurveFaultB:948
2027,global_train,42,1234,7,CurveFaultB,CurveFault-B,31637,3894,268,CurveFaultB:31637
2027,global_train,42,1234,7,CurveFaultB,CurveFault-B,45971,91396,269,CurveFaultB:45971
2027,global_train,42,1234,7,CurveFaultB,CurveFault-B,20987,103206,270,CurveFaultB:20987
2027,global_train,42,1234,7,CurveFaultB,CurveFault-B,13807,28966,271,CurveFaultB:13807
2027,global_train,42,1234,7,CurveFaultB,CurveFault-B,27811,3916,272,CurveFaultB:27811
2027,global_train,42,1234,7,CurveFaultB,CurveFault-B,11983,29137,273,CurveFaultB:11983
2027,global_train,42,1234,7,CurveFaultB,CurveFault-B,49975,61090,274,CurveFaultB:49975
2027,global_train,42,1234,7,CurveFaultB,CurveFault-B,17209,3273,275,CurveFaultB:17209
2027,global_train,42,1234,7,CurveFaultB,CurveFault-B,30443,80021,276,CurveFaultB:30443
2027,global_train,42,1234,7,CurveFaultB,CurveFault-B,23224,58058,277,CurveFaultB:23224
2027,global_train,42,1234,7,CurveFaultB,CurveFault-B,27278,11962,278,CurveFaultB:27278
2027,global_train,42,1234,7,CurveFaultB,CurveFault-B,51207,120880,279,CurveFaultB:51207
2027,global_train,42,1234,7,CurveFaultB,CurveFault-B,22328,1798,280,CurveFaultB:22328
2027,global_train,42,1234,7,CurveFaultB,CurveFault-B,24565,191768,281,CurveFaultB:24565
2027,global_train,42,1234,7,CurveFaultB,CurveFault-B,37271,136880,282,CurveFaultB:37271
2027,global_train,42,1234,7,CurveFaultB,CurveFault-B,6014,108179,283,CurveFaultB:6014
2027,global_train,42,1234,7,CurveFaultB,CurveFault-B,24248,180570,284,CurveFaultB:24248
2027,global_train,42,1234,7,CurveFaultB,CurveFault-B,13963,100354,285,CurveFaultB:13963
2027,global_train,42,1234,7,CurveFaultB,CurveFault-B,7637,145012,286,CurveFaultB:7637
2027,global_train,42,1234,7,CurveFaultB,CurveFault-B,16261,101177,287,CurveFaultB:16261
2027,global_train,42,1234,7,CurveFaultB,CurveFault-B,1501,42713,288,CurveFaultB:1501
2027,global_train,42,1234,7,CurveFaultB,CurveFault-B,27607,42590,289,CurveFaultB:27607
2027,global_train,42,1234,7,CurveFaultB,CurveFault-B,9869,53259,290,CurveFaultB:9869
2027,global_train,42,1234,7,CurveFaultB,CurveFault-B,26779,8503,291,CurveFaultB:26779
2027,global_train,42,1234,7,CurveFaultB,CurveFault-B,26567,98159,292,CurveFaultB:26567
2027,global_train,42,1234,7,CurveFaultB,CurveFault-B,31797,90827,293,CurveFaultB:31797
2027,global_train,42,1234,7,CurveFaultB,CurveFault-B,22116,147030,294,CurveFaultB:22116
2027,global_train,42,1234,7,CurveFaultB,CurveFault-B,25551,233867,295,CurveFaultB:25551
2027,global_train,42,1234,7,CurveFaultB,CurveFault-B,18411,42936,296,CurveFaultB:18411
2027,global_train,42,1234,7,CurveFaultB,CurveFault-B,30898,217472,297,CurveFaultB:30898
2027,global_train,42,1234,7,CurveFaultB,CurveFault-B,19064,174541,298,CurveFaultB:19064
2027,global_train,42,1234,7,CurveFaultB,CurveFault-B,35927,31211,299,CurveFaultB:35927
2027,global_train,42,1234,7,CurveFaultB,CurveFault-B,18184,169099,300,CurveFaultB:18184
2027,global_train,42,1234,7,CurveFaultB,CurveFault-B,34639,199119,301,CurveFaultB:34639
2027,global_train,42,1234,7,CurveFaultB,CurveFault-B,24451,30494,302,CurveFaultB:24451
2027,global_train,42,1234,7,CurveFaultB,CurveFault-B,51654,13571,303,CurveFaultB:51654
2027,global_train,42,1234,7,CurveFaultB,CurveFault-B,40189,193420,304,CurveFaultB:40189
2027,global_train,42,1234,7,CurveFaultB,CurveFault-B,18021,201928,305,CurveFaultB:18021
2027,global_train,42,1234,7,CurveFaultB,CurveFault-B,30669,139638,306,CurveFaultB:30669
2027,global_train,42,1234,7,CurveFaultB,CurveFault-B,30774,50749,307,CurveFaultB:30774
2027,global_train,42,1234,7,CurveFaultB,CurveFault-B,43673,125842,308,CurveFaultB:43673
2027,global_train,42,1234,7,CurveFaultB,CurveFault-B,37562,93974,309,CurveFaultB:37562
2027,global_train,42,1234,7,CurveFaultB,CurveFault-B,22073,224127,310,CurveFaultB:22073
2027,global_train,42,1234,7,CurveFaultB,CurveFault-B,13199,24029,311,CurveFaultB:13199
2027,global_train,42,1234,7,CurveFaultB,CurveFault-B,51493,70807,312,CurveFaultB:51493
2027,global_train,42,1234,7,CurveFaultB,CurveFault-B,40792,195678,313,CurveFaultB:40792
2027,global_train,42,1234,7,CurveFaultB,CurveFault-B,27174,108648,314,CurveFaultB:27174
2027,global_train,42,1234,7,CurveFaultB,CurveFault-B,22084,233298,315,CurveFaultB:22084
2027,global_train,42,1234,7,CurveFaultB,CurveFault-B,49981,119346,316,CurveFaultB:49981
2027,global_train,42,1234,7,CurveFaultB,CurveFault-B,38152,193471,317,CurveFaultB:38152
2027,global_train,42,1234,7,CurveFaultB,CurveFault-B,12040,70332,318,CurveFaultB:12040
2027,global_train,42,1234,7,CurveFaultB,CurveFault-B,46383,228885,319,CurveFaultB:46383
2027,global_train,42,1234,7,CurveFaultB,CurveFault-B,3112,148958,320,CurveFaultB:3112
2027,global_train,42,1234,7,CurveFaultB,CurveFault-B,36867,223084,321,CurveFaultB:36867
2027,global_train,42,1234,7,CurveFaultB,CurveFault-B,52844,182464,322,CurveFaultB:52844
2027,global_train,42,1234,7,CurveFaultB,CurveFault-B,18941,29848,323,CurveFaultB:18941
2027,global_train,42,1234,7,CurveFaultB,CurveFault-B,25683,105104,324,CurveFaultB:25683
2027,global_train,42,1234,7,CurveFaultB,CurveFault-B,7245,46942,325,CurveFaultB:7245
2027,global_train,42,1234,7,CurveFaultB,CurveFault-B,29438,31378,326,CurveFaultB:29438
2027,global_train,42,1234,7,CurveFaultB,CurveFault-B,44813,186570,327,CurveFaultB:44813
2027,global_train,42,1234,7,CurveFaultB,CurveFault-B,3659,77290,328,CurveFaultB:3659
2027,global_train,42,1234,7,CurveFaultB,CurveFault-B,18403,205855,329,CurveFaultB:18403
2027,global_train,42,1234,7,CurveFaultB,CurveFault-B,43367,170650,330,CurveFaultB:43367
2027,global_train,42,1234,7,CurveFaultB,CurveFault-B,17952,148596,331,CurveFaultB:17952
2027,global_train,42,1234,7,CurveFaultB,CurveFault-B,25428,199634,332,CurveFaultB:25428
2027,global_train,42,1234,7,CurveFaultB,CurveFault-B,41930,39113,333,CurveFaultB:41930
2027,global_train,42,1234,7,CurveFaultB,CurveFault-B,531,77967,334,CurveFaultB:531
2027,global_train,42,1234,7,CurveFaultB,CurveFault-B,51955,83424,335,CurveFaultB:51955
2027,global_train,42,1234,7,CurveFaultB,CurveFault-B,53432,225608,336,CurveFaultB:53432
2027,global_train,42,1234,7,CurveFaultB,CurveFault-B,43168,106443,337,CurveFaultB:43168
2027,global_train,42,1234,7,CurveFaultB,CurveFault-B,50821,79899,338,CurveFaultB:50821
2027,global_train,42,1234,7,CurveFaultB,CurveFault-B,21201,228085,339,CurveFaultB:21201
2027,global_train,42,1234,7,CurveFaultB,CurveFault-B,1402,231597,340,CurveFaultB:1402
2027,global_train,42,1234,7,CurveFaultB,CurveFault-B,41130,206974,341,CurveFaultB:41130
2027,global_train,42,1234,7,CurveFaultB,CurveFault-B,49025,2043,342,CurveFaultB:49025
2027,global_train,42,1234,7,CurveFaultB,CurveFault-B,52932,80483,343,CurveFaultB:52932
2027,global_train,42,1234,7,CurveFaultB,CurveFault-B,15042,147856,344,CurveFaultB:15042
2027,global_train,42,1234,7,CurveFaultB,CurveFault-B,25892,203672,345,CurveFaultB:25892
2027,global_train,42,1234,7,CurveFaultB,CurveFault-B,5366,172273,346,CurveFaultB:5366
2027,global_train,42,1234,7,CurveFaultB,CurveFault-B,10874,67946,347,CurveFaultB:10874
2027,global_train,42,1234,7,CurveFaultB,CurveFault-B,11,83689,348,CurveFaultB:11
2027,global_train,42,1234,7,CurveFaultB,CurveFault-B,13989,134540,349,CurveFaultB:13989
2027,global_train,42,1234,7,CurveFaultB,CurveFault-B,19294,3023,350,CurveFaultB:19294
2027,global_train,42,1234,7,CurveFaultB,CurveFault-B,3955,150025,351,CurveFaultB:3955
2027,global_train,42,1234,7,CurveFaultB,CurveFault-B,53401,60272,352,CurveFaultB:53401
2027,global_train,42,1234,7,CurveFaultB,CurveFault-B,1413,55478,353,CurveFaultB:1413
2027,global_train,42,1234,7,CurveFaultB,CurveFault-B,10066,129023,354,CurveFaultB:10066
2027,global_train,42,1234,7,CurveFaultB,CurveFault-B,21239,93995,355,CurveFaultB:21239
2027,global_train,42,1234,7,CurveFaultB,CurveFault-B,30154,7937,356,CurveFaultB:30154
2027,global_train,42,1234,7,CurveFaultB,CurveFault-B,37298,119483,357,CurveFaultB:37298
2027,global_train,42,1234,7,CurveFaultB,CurveFault-B,16934,132070,358,CurveFaultB:16934
2027,global_train,42,1234,7,CurveFaultB,CurveFault-B,7087,216741,359,CurveFaultB:7087
2027,global_train,42,1234,7,CurveFaultB,CurveFault-B,19642,38105,360,CurveFaultB:19642
2027,global_train,42,1234,7,CurveFaultB,CurveFault-B,12840,211355,361,CurveFaultB:12840
2027,global_train,42,1234,7,CurveFaultB,CurveFault-B,36714,23527,362,CurveFaultB:36714
2027,global_train,42,1234,7,CurveFaultB,CurveFault-B,43398,225415,363,CurveFaultB:43398
2027,global_train,42,1234,7,CurveFaultB,CurveFault-B,1502,55903,364,CurveFaultB:1502
2027,global_train,42,1234,7,CurveFaultB,CurveFault-B,32912,1206,365,CurveFaultB:32912
2027,global_train,42,1234,7,CurveFaultB,CurveFault-B,51221,46366,366,CurveFaultB:51221
2027,global_train,42,1234,7,CurveFaultB,CurveFault-B,35394,6236,367,CurveFaultB:35394
2027,global_train,42,1234,7,CurveFaultB,CurveFault-B,17997,219864,368,CurveFaultB:17997
2027,global_train,42,1234,7,CurveFaultB,CurveFault-B,18167,123579,369,CurveFaultB:18167
2027,global_train,42,1234,7,CurveFaultB,CurveFault-B,12477,160440,370,CurveFaultB:12477
2027,global_train,42,1234,7,CurveFaultB,CurveFault-B,4298,169143,371,CurveFaultB:4298
2027,global_train,42,1234,7,CurveFaultB,CurveFault-B,34637,79280,372,CurveFaultB:34637
2027,global_train,42,1234,7,CurveFaultB,CurveFault-B,29787,61305,373,CurveFaultB:29787
2027,global_train,42,1234,7,CurveFaultB,CurveFault-B,15254,88789,374,CurveFaultB:15254
2027,global_train,42,1234,7,CurveFaultB,CurveFault-B,19638,185274,375,CurveFaultB:19638
2027,global_train,42,1234,7,CurveFaultB,CurveFault-B,41461,80140,376,CurveFaultB:41461
2027,global_train,42,1234,7,CurveFaultB,CurveFault-B,23450,101783,377,CurveFaultB:23450
2027,global_train,42,1234,7,CurveFaultB,CurveFault-B,40883,95278,378,CurveFaultB:40883
2027,global_train,42,1234,7,CurveFaultB,CurveFault-B,3964,46917,379,CurveFaultB:3964
2027,global_train,42,1234,7,CurveFaultB,CurveFault-B,51498,156431,380,CurveFaultB:51498
2027,global_train,42,1234,7,CurveFaultB,CurveFault-B,36159,107953,381,CurveFaultB:36159
2027,global_train,42,1234,7,CurveFaultB,CurveFault-B,9422,135359,382,CurveFaultB:9422
2027,global_train,42,1234,7,CurveFaultB,CurveFault-B,7355,42514,383,CurveFaultB:7355
2027,global_train,42,1234,7,CurveFaultB,CurveFault-B,15838,154920,384,CurveFaultB:15838
2027,global_train,42,1234,7,CurveFaultB,CurveFault-B,17087,126932,385,CurveFaultB:17087
2027,global_train,42,1234,7,CurveFaultB,CurveFault-B,14698,125547,386,CurveFaultB:14698
2027,global_train,42,1234,7,CurveFaultB,CurveFault-B,20409,90989,387,CurveFaultB:20409
2027,global_train,42,1234,7,CurveFaultB,CurveFault-B,16606,217554,388,CurveFaultB:16606
2027,global_train,42,1234,7,CurveFaultB,CurveFault-B,40981,96533,389,CurveFaultB:40981
2027,global_train,42,1234,7,CurveFaultB,CurveFault-B,38178,107790,390,CurveFaultB:38178
2027,global_train,42,1234,7,CurveFaultB,CurveFault-B,28759,221306,391,CurveFaultB:28759
2027,global_train,42,1234,7,CurveFaultB,CurveFault-B,29811,131396,392,CurveFaultB:29811
2027,global_train,42,1234,7,CurveFaultB,CurveFault-B,12313,182641,393,CurveFaultB:12313
2027,global_train,42,1234,7,CurveFaultB,CurveFault-B,52538,145412,394,CurveFaultB:52538
2027,global_train,42,1234,7,CurveFaultB,CurveFault-B,44279,26494,395,CurveFaultB:44279
2027,global_train,42,1234,7,CurveFaultB,CurveFault-B,8379,205824,396,CurveFaultB:8379
2027,global_train,42,1234,7,CurveFaultB,CurveFault-B,10027,34934,397,CurveFaultB:10027
2027,global_train,42,1234,7,CurveFaultB,CurveFault-B,46460,108225,398,CurveFaultB:46460
2027,global_train,42,1234,7,CurveFaultB,CurveFault-B,17480,67508,399,CurveFaultB:17480
2027,global_train,42,1234,7,CurveFaultB,CurveFault-B,37087,44769,400,CurveFaultB:37087
2027,global_train,42,1234,7,CurveFaultB,CurveFault-B,11931,109808,401,CurveFaultB:11931
2027,global_train,42,1234,7,CurveFaultB,CurveFault-B,7869,98590,402,CurveFaultB:7869
2027,global_train,42,1234,7,CurveFaultB,CurveFault-B,8708,123830,403,CurveFaultB:8708
2027,global_train,42,1234,7,CurveFaultB,CurveFault-B,34988,18346,404,CurveFaultB:34988
2027,global_train,42,1234,7,CurveFaultB,CurveFault-B,15732,103321,405,CurveFaultB:15732
2027,global_train,42,1234,7,CurveFaultB,CurveFault-B,46838,147370,406,CurveFaultB:46838
2027,global_train,42,1234,7,CurveFaultB,CurveFault-B,10355,120357,407,CurveFaultB:10355
2027,global_train,42,1234,7,CurveFaultB,CurveFault-B,6968,135820,408,CurveFaultB:6968
2027,global_train,42,1234,7,CurveFaultB,CurveFault-B,8494,148768,409,CurveFaultB:8494
2027,global_train,42,1234,7,CurveFaultB,CurveFault-B,41283,166206,410,CurveFaultB:41283
2027,global_train,42,1234,7,CurveFaultB,CurveFault-B,40389,143946,411,CurveFaultB:40389
2027,global_train,42,1234,7,CurveFaultB,CurveFault-B,2490,99782,412,CurveFaultB:2490
2027,global_train,42,1234,7,CurveFaultB,CurveFault-B,3786,104711,413,CurveFaultB:3786
2027,global_train,42,1234,7,CurveFaultB,CurveFault-B,52280,228312,414,CurveFaultB:52280
2027,global_train,42,1234,7,CurveFaultB,CurveFault-B,35456,179501,415,CurveFaultB:35456
2027,global_train,42,1234,7,CurveFaultB,CurveFault-B,29349,72229,416,CurveFaultB:29349
2027,global_train,42,1234,7,CurveFaultB,CurveFault-B,24635,185468,417,CurveFaultB:24635
2027,global_train,42,1234,7,CurveFaultB,CurveFault-B,46513,7099,418,CurveFaultB:46513
2027,global_train,42,1234,7,CurveFaultB,CurveFault-B,1436,158343,419,CurveFaultB:1436
2027,global_train,42,1234,7,CurveFaultB,CurveFault-B,37695,53457,420,CurveFaultB:37695
2027,global_train,42,1234,7,CurveFaultB,CurveFault-B,51047,110711,421,CurveFaultB:51047
2027,global_train,42,1234,7,CurveFaultB,CurveFault-B,22705,172355,422,CurveFaultB:22705
2027,global_train,42,1234,7,CurveFaultB,CurveFault-B,42865,210525,423,CurveFaultB:42865
2027,global_train,42,1234,7,CurveFaultB,CurveFault-B,31796,128024,424,CurveFaultB:31796
2027,global_train,42,1234,7,CurveFaultB,CurveFault-B,45534,181077,425,CurveFaultB:45534
2027,global_train,42,1234,7,CurveFaultB,CurveFault-B,48866,66484,426,CurveFaultB:48866
2027,global_train,42,1234,7,CurveFaultB,CurveFault-B,30995,142623,427,CurveFaultB:30995
2027,global_train,42,1234,7,CurveFaultB,CurveFault-B,45269,32383,428,CurveFaultB:45269
2027,global_train,42,1234,7,CurveFaultB,CurveFault-B,25122,45483,429,CurveFaultB:25122
2027,global_train,42,1234,7,CurveFaultB,CurveFault-B,28311,147948,430,CurveFaultB:28311
2027,global_train,42,1234,7,CurveFaultB,CurveFault-B,51357,192519,431,CurveFaultB:51357
2027,global_train,42,1234,7,CurveFaultB,CurveFault-B,33315,166429,432,CurveFaultB:33315
2027,global_train,42,1234,7,CurveFaultB,CurveFault-B,19345,67561,433,CurveFaultB:19345
2027,global_train,42,1234,7,CurveFaultB,CurveFault-B,26970,41291,434,CurveFaultB:26970
2027,global_train,42,1234,7,CurveFaultB,CurveFault-B,37346,230129,435,CurveFaultB:37346
2027,global_train,42,1234,7,CurveFaultB,CurveFault-B,18279,152537,436,CurveFaultB:18279
2027,global_train,42,1234,7,CurveFaultB,CurveFault-B,41663,162781,437,CurveFaultB:41663
2027,global_train,42,1234,7,CurveFaultB,CurveFault-B,44221,83359,438,CurveFaultB:44221
2027,global_train,42,1234,7,CurveFaultB,CurveFault-B,34696,80232,439,CurveFaultB:34696
2027,global_train,42,1234,7,CurveFaultB,CurveFault-B,38913,109090,440,CurveFaultB:38913
2027,global_train,42,1234,7,CurveFaultB,CurveFault-B,9380,24705,441,CurveFaultB:9380
2027,global_train,42,1234,7,CurveFaultB,CurveFault-B,25500,89254,442,CurveFaultB:25500
2027,global_train,42,1234,7,CurveFaultB,CurveFault-B,23723,147564,443,CurveFaultB:23723
2027,global_train,42,1234,7,CurveFaultB,CurveFault-B,17655,155580,444,CurveFaultB:17655
2027,global_train,42,1234,7,CurveFaultB,CurveFault-B,16995,12933,445,CurveFaultB:16995
2027,global_train,42,1234,7,CurveFaultB,CurveFault-B,2172,25360,446,CurveFaultB:2172
2027,global_train,42,1234,7,CurveFaultB,CurveFault-B,13288,153496,447,CurveFaultB:13288
2027,global_train,42,1234,7,CurveFaultB,CurveFault-B,20689,62458,448,CurveFaultB:20689
2027,global_train,42,1234,7,CurveFaultB,CurveFault-B,31956,163897,449,CurveFaultB:31956
2027,global_train,42,1234,7,CurveFaultB,CurveFault-B,2458,129359,450,CurveFaultB:2458
2027,global_train,42,1234,7,CurveFaultB,CurveFault-B,10531,106944,451,CurveFaultB:10531
2027,global_train,42,1234,7,CurveFaultB,CurveFault-B,14115,159758,452,CurveFaultB:14115
2027,global_train,42,1234,7,CurveFaultB,CurveFault-B,307,26900,453,CurveFaultB:307
2027,global_train,42,1234,7,CurveFaultB,CurveFault-B,11901,225790,454,CurveFaultB:11901
2027,global_train,42,1234,7,CurveFaultB,CurveFault-B,27446,111289,455,CurveFaultB:27446
2027,global_train,42,1234,7,CurveFaultB,CurveFault-B,39084,75274,456,CurveFaultB:39084
2027,global_train,42,1234,7,CurveFaultB,CurveFault-B,37404,199538,457,CurveFaultB:37404
2027,global_train,42,1234,7,CurveFaultB,CurveFault-B,37153,200261,458,CurveFaultB:37153
2027,global_train,42,1234,7,CurveFaultB,CurveFault-B,37764,154428,459,CurveFaultB:37764
2027,global_train,42,1234,7,CurveFaultB,CurveFault-B,17499,28602,460,CurveFaultB:17499
2027,global_train,42,1234,7,CurveFaultB,CurveFault-B,16600,144393,461,CurveFaultB:16600
2027,global_train,42,1234,7,CurveFaultB,CurveFault-B,3074,229126,462,CurveFaultB:3074
2027,global_train,42,1234,7,CurveFaultB,CurveFault-B,31388,175538,463,CurveFaultB:31388
2027,global_train,42,1234,7,CurveFaultB,CurveFault-B,35079,68169,464,CurveFaultB:35079
2027,global_train,42,1234,7,CurveFaultB,CurveFault-B,28090,143030,465,CurveFaultB:28090
2027,global_train,42,1234,7,CurveFaultB,CurveFault-B,364,137781,466,CurveFaultB:364
2027,global_train,42,1234,7,CurveFaultB,CurveFault-B,43710,198417,467,CurveFaultB:43710
2027,global_train,42,1234,7,CurveFaultB,CurveFault-B,4284,227896,468,CurveFaultB:4284
2027,global_train,42,1234,7,CurveFaultB,CurveFault-B,13619,36353,469,CurveFaultB:13619
2027,global_train,42,1234,7,CurveFaultB,CurveFault-B,18811,149859,470,CurveFaultB:18811
2027,global_train,42,1234,7,CurveFaultB,CurveFault-B,24080,30936,471,CurveFaultB:24080
2027,global_train,42,1234,7,CurveFaultB,CurveFault-B,17970,157443,472,CurveFaultB:17970
2027,global_train,42,1234,7,CurveFaultB,CurveFault-B,27166,163802,473,CurveFaultB:27166
2027,global_train,42,1234,7,CurveFaultB,CurveFault-B,27375,204037,474,CurveFaultB:27375
2027,global_train,42,1234,7,CurveFaultB,CurveFault-B,46378,91006,475,CurveFaultB:46378
2027,global_train,42,1234,7,CurveFaultB,CurveFault-B,52082,8203,476,CurveFaultB:52082
2027,global_train,42,1234,7,CurveFaultB,CurveFault-B,36706,201722,477,CurveFaultB:36706
2027,global_train,42,1234,7,CurveFaultB,CurveFault-B,3102,120875,478,CurveFaultB:3102
2027,global_train,42,1234,7,CurveFaultB,CurveFault-B,20344,71658,479,CurveFaultB:20344
2027,global_train,42,1234,7,CurveFaultB,CurveFault-B,41160,122630,480,CurveFaultB:41160
2027,global_train,42,1234,7,CurveFaultB,CurveFault-B,5328,26007,481,CurveFaultB:5328
2027,global_train,42,1234,7,CurveFaultB,CurveFault-B,45752,32202,482,CurveFaultB:45752
2027,global_train,42,1234,7,CurveFaultB,CurveFault-B,1862,92218,483,CurveFaultB:1862
2027,global_train,42,1234,7,CurveFaultB,CurveFault-B,52501,102016,484,CurveFaultB:52501
2027,global_train,42,1234,7,CurveFaultB,CurveFault-B,24142,186230,485,CurveFaultB:24142
2027,global_train,42,1234,7,CurveFaultB,CurveFault-B,21663,97793,486,CurveFaultB:21663
2027,global_train,42,1234,7,CurveFaultB,CurveFault-B,17724,179121,487,CurveFaultB:17724
2027,global_train,42,1234,7,CurveFaultB,CurveFault-B,35929,119579,488,CurveFaultB:35929
2027,global_train,42,1234,7,CurveFaultB,CurveFault-B,46398,17751,489,CurveFaultB:46398
2027,global_train,42,1234,7,CurveFaultB,CurveFault-B,37174,196169,490,CurveFaultB:37174
2027,global_train,42,1234,7,CurveFaultB,CurveFault-B,19407,36469,491,CurveFaultB:19407
2027,global_train,42,1234,7,CurveFaultB,CurveFault-B,45400,15961,492,CurveFaultB:45400
2027,global_train,42,1234,7,CurveFaultB,CurveFault-B,45568,40303,493,CurveFaultB:45568
2027,global_train,42,1234,7,CurveFaultB,CurveFault-B,18164,164271,494,CurveFaultB:18164
2027,global_train,42,1234,7,CurveFaultB,CurveFault-B,29898,44812,495,CurveFaultB:29898
2027,global_train,42,1234,7,CurveFaultB,CurveFault-B,50301,154997,496,CurveFaultB:50301
2027,global_train,42,1234,7,CurveFaultB,CurveFault-B,51815,103475,497,CurveFaultB:51815
2027,global_train,42,1234,7,CurveFaultB,CurveFault-B,10392,151507,498,CurveFaultB:10392
2027,global_train,42,1234,7,CurveFaultB,CurveFault-B,13118,3447,499,CurveFaultB:13118
2027,global_train,42,1234,7,CurveFaultB,CurveFault-B,3710,230184,500,CurveFaultB:3710
2027,global_train,42,1234,7,CurveFaultB,CurveFault-B,24456,102748,501,CurveFaultB:24456
2027,global_train,42,1234,7,CurveFaultB,CurveFault-B,50168,205899,502,CurveFaultB:50168
2027,global_train,42,1234,7,CurveFaultB,CurveFault-B,43624,395,503,CurveFaultB:43624
2027,global_train,42,1234,7,CurveFaultB,CurveFault-B,9004,128750,504,CurveFaultB:9004
2027,global_train,42,1234,7,CurveFaultB,CurveFault-B,51731,5041,505,CurveFaultB:51731
2027,global_train,42,1234,7,CurveFaultB,CurveFault-B,8342,47253,506,CurveFaultB:8342
2027,global_train,42,1234,7,CurveFaultB,CurveFault-B,12348,45267,507,CurveFaultB:12348
2027,global_train,42,1234,7,CurveFaultB,CurveFault-B,1671,59929,508,CurveFaultB:1671
2027,global_train,42,1234,7,CurveFaultB,CurveFault-B,43446,21398,509,CurveFaultB:43446
2027,global_train,42,1234,7,CurveFaultB,CurveFault-B,9308,22631,510,CurveFaultB:9308
2027,global_train,42,1234,7,CurveFaultB,CurveFault-B,17070,2388,511,CurveFaultB:17070
2027,global_train,42,1234,7,CurveFaultB,CurveFault-B,53225,15748,512,CurveFaultB:53225
2027,global_train,42,1234,7,CurveFaultB,CurveFault-B,22959,22689,513,CurveFaultB:22959
2027,global_train,42,1234,7,CurveFaultB,CurveFault-B,6394,206319,514,CurveFaultB:6394
2027,global_train,42,1234,7,CurveFaultB,CurveFault-B,1002,104640,515,CurveFaultB:1002
2027,global_train,42,1234,7,CurveFaultB,CurveFault-B,20351,140266,516,CurveFaultB:20351
2027,global_train,42,1234,7,CurveFaultB,CurveFault-B,5457,20173,517,CurveFaultB:5457
2027,global_train,42,1234,7,CurveFaultB,CurveFault-B,5838,101489,518,CurveFaultB:5838
2027,global_train,42,1234,7,CurveFaultB,CurveFault-B,38631,187056,519,CurveFaultB:38631
2027,global_train,42,1234,7,CurveFaultB,CurveFault-B,18197,31334,520,CurveFaultB:18197
2027,global_train,42,1234,7,CurveFaultB,CurveFault-B,32487,183961,521,CurveFaultB:32487
2027,global_train,42,1234,7,CurveFaultB,CurveFault-B,21729,160059,522,CurveFaultB:21729
2027,global_train,42,1234,7,CurveFaultB,CurveFault-B,6550,174058,523,CurveFaultB:6550
2027,global_train,42,1234,7,CurveFaultB,CurveFault-B,10104,70762,524,CurveFaultB:10104
2027,global_train,42,1234,7,CurveFaultB,CurveFault-B,17177,175261,525,CurveFaultB:17177
2027,global_train,42,1234,7,CurveFaultB,CurveFault-B,38845,147109,526,CurveFaultB:38845
2027,global_train,42,1234,7,CurveFaultB,CurveFault-B,1437,84946,527,CurveFaultB:1437
2027,global_train,42,1234,7,CurveFaultB,CurveFault-B,33737,15465,528,CurveFaultB:33737
2027,global_train,42,1234,7,CurveFaultB,CurveFault-B,48629,203780,529,CurveFaultB:48629
2027,global_train,42,1234,7,CurveFaultB,CurveFault-B,18808,192370,530,CurveFaultB:18808
2027,global_train,42,1234,7,CurveFaultB,CurveFault-B,51203,66637,531,CurveFaultB:51203
2027,global_train,42,1234,7,CurveFaultB,CurveFault-B,10836,198185,532,CurveFaultB:10836
2027,global_train,42,1234,7,CurveFaultB,CurveFault-B,25841,159438,533,CurveFaultB:25841
2027,global_train,42,1234,7,CurveFaultB,CurveFault-B,17822,56841,534,CurveFaultB:17822
2027,global_train,42,1234,7,CurveFaultB,CurveFault-B,14293,143303,535,CurveFaultB:14293
2027,global_train,42,1234,7,CurveFaultB,CurveFault-B,45580,230871,536,CurveFaultB:45580
2027,global_train,42,1234,7,CurveFaultB,CurveFault-B,3475,42508,537,CurveFaultB:3475
2027,global_train,42,1234,7,CurveFaultB,CurveFault-B,30901,79867,538,CurveFaultB:30901
2027,global_train,42,1234,7,CurveFaultB,CurveFault-B,35560,198889,539,CurveFaultB:35560
2027,global_train,42,1234,7,CurveFaultB,CurveFault-B,51010,135958,540,CurveFaultB:51010
2027,global_train,42,1234,7,CurveFaultB,CurveFault-B,28867,227288,541,CurveFaultB:28867
2027,global_train,42,1234,7,CurveFaultB,CurveFault-B,16772,23935,542,CurveFaultB:16772
2027,global_train,42,1234,7,CurveFaultB,CurveFault-B,43294,165455,543,CurveFaultB:43294
2027,global_train,42,1234,7,CurveFaultB,CurveFault-B,46653,191534,544,CurveFaultB:46653
2027,global_train,42,1234,7,CurveFaultB,CurveFault-B,9846,224643,545,CurveFaultB:9846
2027,global_train,42,1234,7,CurveFaultB,CurveFault-B,17876,232313,546,CurveFaultB:17876
2027,global_train,42,1234,7,CurveFaultB,CurveFault-B,13185,57185,547,CurveFaultB:13185
2027,global_train,42,1234,7,CurveFaultB,CurveFault-B,51640,72560,548,CurveFaultB:51640
2027,global_train,42,1234,7,CurveFaultB,CurveFault-B,774,39019,549,CurveFaultB:774
2027,global_train,42,1234,7,CurveFaultB,CurveFault-B,16887,184743,550,CurveFaultB:16887
2027,global_train,42,1234,7,CurveFaultB,CurveFault-B,9324,212196,551,CurveFaultB:9324
2027,global_train,42,1234,7,CurveFaultB,CurveFault-B,20858,52156,552,CurveFaultB:20858
2027,global_train,42,1234,7,CurveFaultB,CurveFault-B,13591,211037,553,CurveFaultB:13591
2027,global_train,42,1234,7,CurveFaultB,CurveFault-B,15418,53698,554,CurveFaultB:15418
2027,global_train,42,1234,7,CurveFaultB,CurveFault-B,38924,866,555,CurveFaultB:38924
2027,global_train,42,1234,7,CurveFaultB,CurveFault-B,47023,139841,556,CurveFaultB:47023
2027,global_train,42,1234,7,CurveFaultB,CurveFault-B,34110,224028,557,CurveFaultB:34110
2027,global_train,42,1234,7,CurveFaultB,CurveFault-B,43831,196585,558,CurveFaultB:43831
2027,global_train,42,1234,7,CurveFaultB,CurveFault-B,36020,45429,559,CurveFaultB:36020
2027,global_train,42,1234,7,CurveFaultB,CurveFault-B,35808,223178,560,CurveFaultB:35808
2027,global_train,42,1234,7,CurveFaultB,CurveFault-B,14771,35507,561,CurveFaultB:14771
2027,global_train,42,1234,7,CurveFaultB,CurveFault-B,24139,153181,562,CurveFaultB:24139
2027,global_train,42,1234,7,CurveFaultB,CurveFault-B,31718,5964,563,CurveFaultB:31718
2027,global_train,42,1234,7,CurveFaultB,CurveFault-B,41605,180234,564,CurveFaultB:41605
2027,global_train,42,1234,7,CurveFaultB,CurveFault-B,5966,110276,565,CurveFaultB:5966
2027,global_train,42,1234,7,CurveFaultB,CurveFault-B,34029,115152,566,CurveFaultB:34029
2027,global_train,42,1234,7,CurveFaultB,CurveFault-B,34176,104720,567,CurveFaultB:34176
2027,global_train,42,1234,7,CurveFaultB,CurveFault-B,8085,230029,568,CurveFaultB:8085
2027,global_train,42,1234,7,CurveFaultB,CurveFault-B,40103,94487,569,CurveFaultB:40103
2027,global_train,42,1234,7,CurveFaultB,CurveFault-B,26933,211586,570,CurveFaultB:26933
2027,global_train,42,1234,7,CurveFaultB,CurveFault-B,20042,163829,571,CurveFaultB:20042
2027,global_train,42,1234,7,CurveFaultB,CurveFault-B,45749,81605,572,CurveFaultB:45749
2027,global_train,42,1234,7,CurveFaultB,CurveFault-B,35857,91397,573,CurveFaultB:35857
2027,global_train,42,1234,7,CurveFaultB,CurveFault-B,1955,81628,574,CurveFaultB:1955
2027,global_train,42,1234,7,CurveFaultB,CurveFault-B,8557,176858,575,CurveFaultB:8557
2027,global_train,42,1234,7,CurveFaultB,CurveFault-B,13327,70028,576,CurveFaultB:13327
2027,global_train,42,1234,7,CurveFaultB,CurveFault-B,12355,218167,577,CurveFaultB:12355
2027,global_train,42,1234,7,CurveFaultB,CurveFault-B,9477,102963,578,CurveFaultB:9477
2027,global_train,42,1234,7,CurveFaultB,CurveFault-B,45116,48557,579,CurveFaultB:45116
2027,global_train,42,1234,7,CurveFaultB,CurveFault-B,32746,83627,580,CurveFaultB:32746
2027,global_train,42,1234,7,CurveFaultB,CurveFault-B,17894,118586,581,CurveFaultB:17894
2027,global_train,42,1234,7,CurveFaultB,CurveFault-B,39706,82353,582,CurveFaultB:39706
2027,global_train,42,1234,7,CurveFaultB,CurveFault-B,52310,93237,583,CurveFaultB:52310
2027,global_train,42,1234,7,CurveFaultB,CurveFault-B,43071,43525,584,CurveFaultB:43071
2027,global_train,42,1234,7,CurveFaultB,CurveFault-B,14007,142483,585,CurveFaultB:14007
2027,global_train,42,1234,7,CurveFaultB,CurveFault-B,36460,64149,586,CurveFaultB:36460
2027,global_train,42,1234,7,CurveFaultB,CurveFault-B,15999,59744,587,CurveFaultB:15999
2027,global_train,42,1234,7,CurveFaultB,CurveFault-B,34616,28150,588,CurveFaultB:34616
2027,global_train,42,1234,7,CurveFaultB,CurveFault-B,13231,206085,589,CurveFaultB:13231
2027,global_train,42,1234,7,CurveFaultB,CurveFault-B,47650,90364,590,CurveFaultB:47650
2027,global_train,42,1234,7,CurveFaultB,CurveFault-B,3290,177280,591,CurveFaultB:3290
2027,global_train,42,1234,7,CurveFaultB,CurveFault-B,41557,310,592,CurveFaultB:41557
2027,global_train,42,1234,7,CurveFaultB,CurveFault-B,52211,43722,593,CurveFaultB:52211
2027,global_train,42,1234,7,CurveFaultB,CurveFault-B,16984,109196,594,CurveFaultB:16984
2027,global_train,42,1234,7,CurveFaultB,CurveFault-B,8103,82047,595,CurveFaultB:8103
2027,global_train,42,1234,7,CurveFaultB,CurveFault-B,31278,3612,596,CurveFaultB:31278
2027,global_train,42,1234,7,CurveFaultB,CurveFault-B,22542,211142,597,CurveFaultB:22542
2027,global_train,42,1234,7,CurveFaultB,CurveFault-B,12044,219527,598,CurveFaultB:12044
2027,global_train,42,1234,7,CurveFaultB,CurveFault-B,27157,11546,599,CurveFaultB:27157
2027,global_train,42,1234,7,CurveFaultB,CurveFault-B,48444,77933,600,CurveFaultB:48444
2027,global_train,42,1234,7,CurveFaultB,CurveFault-B,35705,61576,601,CurveFaultB:35705
2027,global_train,42,1234,7,CurveFaultB,CurveFault-B,1535,97993,602,CurveFaultB:1535
2027,global_train,42,1234,7,CurveFaultB,CurveFault-B,6764,138993,603,CurveFaultB:6764
2027,global_train,42,1234,7,CurveFaultB,CurveFault-B,52488,40136,604,CurveFaultB:52488
2027,global_train,42,1234,7,CurveFaultB,CurveFault-B,38226,155426,605,CurveFaultB:38226
2027,global_train,42,1234,7,CurveFaultB,CurveFault-B,37261,94991,606,CurveFaultB:37261
2027,global_train,42,1234,7,CurveFaultB,CurveFault-B,25980,173647,607,CurveFaultB:25980
2027,global_train,42,1234,7,CurveFaultB,CurveFault-B,28127,74640,608,CurveFaultB:28127
2027,global_train,42,1234,7,CurveFaultB,CurveFault-B,46054,119693,609,CurveFaultB:46054
2027,global_train,42,1234,7,CurveFaultB,CurveFault-B,39340,219299,610,CurveFaultB:39340
2027,global_train,42,1234,7,CurveFaultB,CurveFault-B,19741,75421,611,CurveFaultB:19741
2027,global_train,42,1234,7,CurveFaultB,CurveFault-B,50990,212087,612,CurveFaultB:50990
2027,global_train,42,1234,7,CurveFaultB,CurveFault-B,51386,643,613,CurveFaultB:51386
2027,global_train,42,1234,7,CurveFaultB,CurveFault-B,23168,152714,614,CurveFaultB:23168
2027,global_train,42,1234,7,CurveFaultB,CurveFault-B,43768,130028,615,CurveFaultB:43768
2027,global_train,42,1234,7,CurveFaultB,CurveFault-B,4296,59523,616,CurveFaultB:4296
2027,global_train,42,1234,7,CurveFaultB,CurveFault-B,38386,194565,617,CurveFaultB:38386
2027,global_train,42,1234,7,CurveFaultB,CurveFault-B,45913,176774,618,CurveFaultB:45913
2027,global_train,42,1234,7,CurveFaultB,CurveFault-B,2000,214944,619,CurveFaultB:2000
2027,global_train,42,1234,7,CurveFaultB,CurveFault-B,49037,74629,620,CurveFaultB:49037
2027,global_train,42,1234,7,CurveFaultB,CurveFault-B,40155,122714,621,CurveFaultB:40155
2027,global_train,42,1234,7,CurveFaultB,CurveFault-B,8316,43746,622,CurveFaultB:8316
2027,global_train,42,1234,7,CurveFaultB,CurveFault-B,46470,167722,623,CurveFaultB:46470
2027,global_train,42,1234,7,CurveFaultB,CurveFault-B,27364,51315,624,CurveFaultB:27364
2027,global_train,42,1234,7,CurveFaultB,CurveFault-B,31917,136162,625,CurveFaultB:31917
2027,global_train,42,1234,7,CurveFaultB,CurveFault-B,30159,193842,626,CurveFaultB:30159
2027,global_train,42,1234,7,CurveFaultB,CurveFault-B,4340,171192,627,CurveFaultB:4340
2027,global_train,42,1234,7,CurveFaultB,CurveFault-B,1718,228364,628,CurveFaultB:1718
2027,global_train,42,1234,7,CurveFaultB,CurveFault-B,25158,189740,629,CurveFaultB:25158
2027,global_train,42,1234,7,CurveFaultB,CurveFault-B,12585,215605,630,CurveFaultB:12585
2027,global_train,42,1234,7,CurveFaultB,CurveFault-B,44393,203975,631,CurveFaultB:44393
2027,global_train,42,1234,7,CurveFaultB,CurveFault-B,50818,12601,632,CurveFaultB:50818
2027,global_train,42,1234,7,CurveFaultB,CurveFault-B,4240,155069,633,CurveFaultB:4240
2027,global_train,42,1234,7,CurveFaultB,CurveFault-B,8469,178406,634,CurveFaultB:8469
2027,global_train,42,1234,7,CurveFaultB,CurveFault-B,9243,225196,635,CurveFaultB:9243
2027,global_train,42,1234,7,CurveFaultB,CurveFault-B,11859,18210,636,CurveFaultB:11859
2027,global_train,42,1234,7,CurveFaultB,CurveFault-B,41148,124847,637,CurveFaultB:41148
2027,global_train,42,1234,7,CurveFaultB,CurveFault-B,15640,210071,638,CurveFaultB:15640
2027,global_train,42,1234,7,CurveFaultB,CurveFault-B,47878,148686,639,CurveFaultB:47878
2027,global_train,42,1234,7,CurveFaultB,CurveFault-B,35632,217023,640,CurveFaultB:35632
2027,global_train,42,1234,7,CurveFaultB,CurveFault-B,14109,137831,641,CurveFaultB:14109
2027,global_train,42,1234,7,CurveFaultB,CurveFault-B,45426,207827,642,CurveFaultB:45426
2027,global_train,42,1234,7,CurveFaultB,CurveFault-B,24865,12250,643,CurveFaultB:24865
2027,global_train,42,1234,7,CurveFaultB,CurveFault-B,47099,10784,644,CurveFaultB:47099
2027,global_train,42,1234,7,CurveFaultB,CurveFault-B,14388,51071,645,CurveFaultB:14388
2027,global_train,42,1234,7,CurveFaultB,CurveFault-B,223,159094,646,CurveFaultB:223
2027,global_train,42,1234,7,CurveFaultB,CurveFault-B,52483,6376,647,CurveFaultB:52483
2027,global_train,42,1234,7,CurveFaultB,CurveFault-B,22872,105870,648,CurveFaultB:22872
2027,global_train,42,1234,7,CurveFaultB,CurveFault-B,51886,105127,649,CurveFaultB:51886
2027,global_train,42,1234,7,CurveFaultB,CurveFault-B,29466,80257,650,CurveFaultB:29466
2027,global_train,42,1234,7,CurveFaultB,CurveFault-B,14752,90171,651,CurveFaultB:14752
2027,global_train,42,1234,7,CurveFaultB,CurveFault-B,39928,86409,652,CurveFaultB:39928
2027,global_train,42,1234,7,CurveFaultB,CurveFault-B,32234,58501,653,CurveFaultB:32234
2027,global_train,42,1234,7,CurveFaultB,CurveFault-B,47432,38593,654,CurveFaultB:47432
2027,global_train,42,1234,7,CurveFaultB,CurveFault-B,15970,111391,655,CurveFaultB:15970
2027,global_train,42,1234,7,CurveFaultB,CurveFault-B,5868,119841,656,CurveFaultB:5868
2027,global_train,42,1234,7,CurveFaultB,CurveFault-B,10330,148538,657,CurveFaultB:10330
2027,global_train,42,1234,7,CurveFaultB,CurveFault-B,49225,189892,658,CurveFaultB:49225
2027,global_train,42,1234,7,CurveFaultB,CurveFault-B,9512,3693,659,CurveFaultB:9512
2027,global_train,42,1234,7,CurveFaultB,CurveFault-B,53510,84168,660,CurveFaultB:53510
2027,global_train,42,1234,7,CurveFaultB,CurveFault-B,28624,132659,661,CurveFaultB:28624
2027,global_train,42,1234,7,CurveFaultB,CurveFault-B,9218,42300,662,CurveFaultB:9218
2027,global_train,42,1234,7,CurveFaultB,CurveFault-B,27296,233964,663,CurveFaultB:27296
2027,global_train,42,1234,7,CurveFaultB,CurveFault-B,13054,213591,664,CurveFaultB:13054
2027,global_train,42,1234,7,CurveFaultB,CurveFault-B,9901,144101,665,CurveFaultB:9901
2027,global_train,42,1234,7,CurveFaultB,CurveFault-B,43415,68614,666,CurveFaultB:43415
2027,global_train,42,1234,7,CurveFaultB,CurveFault-B,38473,151520,667,CurveFaultB:38473
2027,global_train,42,1234,7,CurveFaultB,CurveFault-B,19369,128376,668,CurveFaultB:19369
2027,global_train,42,1234,7,CurveFaultB,CurveFault-B,18913,176498,669,CurveFaultB:18913
2027,global_train,42,1234,7,CurveFaultB,CurveFault-B,15193,205431,670,CurveFaultB:15193
2027,global_train,42,1234,7,CurveFaultB,CurveFault-B,38381,184082,671,CurveFaultB:38381
2027,global_train,42,1234,7,CurveFaultB,CurveFault-B,25140,103190,672,CurveFaultB:25140
2027,global_train,42,1234,7,CurveFaultB,CurveFault-B,25690,140675,673,CurveFaultB:25690
2027,global_train,42,1234,7,CurveFaultB,CurveFault-B,39151,168622,674,CurveFaultB:39151
2027,global_train,42,1234,7,CurveFaultB,CurveFault-B,22446,56347,675,CurveFaultB:22446
2027,global_train,42,1234,7,CurveFaultB,CurveFault-B,15805,87628,676,CurveFaultB:15805
2027,global_train,42,1234,7,CurveFaultB,CurveFault-B,12813,27115,677,CurveFaultB:12813
2027,global_train,42,1234,7,CurveFaultB,CurveFault-B,51620,47836,678,CurveFaultB:51620
2027,global_train,42,1234,7,CurveFaultB,CurveFault-B,20090,181183,679,CurveFaultB:20090
2027,global_train,42,1234,7,CurveFaultB,CurveFault-B,25595,97610,680,CurveFaultB:25595
2027,global_train,42,1234,7,CurveFaultB,CurveFault-B,40146,130182,681,CurveFaultB:40146
2027,global_train,42,1234,7,CurveFaultB,CurveFault-B,3065,77284,682,CurveFaultB:3065
2027,global_train,42,1234,7,CurveFaultB,CurveFault-B,7368,194619,683,CurveFaultB:7368
2027,global_train,42,1234,7,CurveFaultB,CurveFault-B,8186,80385,684,CurveFaultB:8186
2027,global_train,42,1234,7,CurveFaultB,CurveFault-B,34640,115363,685,CurveFaultB:34640
2027,global_train,42,1234,7,CurveFaultB,CurveFault-B,23369,4877,686,CurveFaultB:23369
2027,global_train,42,1234,7,CurveFaultB,CurveFault-B,32302,70392,687,CurveFaultB:32302
2027,global_train,42,1234,7,CurveFaultB,CurveFault-B,22860,215423,688,CurveFaultB:22860
2027,global_train,42,1234,7,CurveFaultB,CurveFault-B,1337,33931,689,CurveFaultB:1337
2027,global_train,42,1234,7,CurveFaultB,CurveFault-B,25433,90866,690,CurveFaultB:25433
2027,global_train,42,1234,7,CurveFaultB,CurveFault-B,26939,32263,691,CurveFaultB:26939
2027,global_train,42,1234,7,CurveFaultB,CurveFault-B,49009,151626,692,CurveFaultB:49009
2027,global_train,42,1234,7,CurveFaultB,CurveFault-B,1164,192309,693,CurveFaultB:1164
2027,global_train,42,1234,7,CurveFaultB,CurveFault-B,14850,35286,694,CurveFaultB:14850
2027,global_train,42,1234,7,CurveFaultB,CurveFault-B,15215,136542,695,CurveFaultB:15215
2027,global_train,42,1234,7,CurveFaultB,CurveFault-B,13219,222839,696,CurveFaultB:13219
2027,global_train,42,1234,7,CurveFaultB,CurveFault-B,32381,176551,697,CurveFaultB:32381
2027,global_train,42,1234,7,CurveFaultB,CurveFault-B,18754,178984,698,CurveFaultB:18754
2027,global_train,42,1234,7,CurveFaultB,CurveFault-B,20482,70410,699,CurveFaultB:20482
2027,global_train,42,1234,7,CurveFaultB,CurveFault-B,34783,185211,700,CurveFaultB:34783
2027,global_train,42,1234,7,CurveFaultB,CurveFault-B,18942,133394,701,CurveFaultB:18942
2027,global_train,42,1234,7,CurveFaultB,CurveFault-B,2949,111106,702,CurveFaultB:2949
2027,global_train,42,1234,7,CurveFaultB,CurveFault-B,53792,177679,703,CurveFaultB:53792
2027,global_train,42,1234,7,CurveFaultB,CurveFault-B,22061,172128,704,CurveFaultB:22061
2027,global_train,42,1234,7,CurveFaultB,CurveFault-B,8538,217112,705,CurveFaultB:8538
2027,global_train,42,1234,7,CurveFaultB,CurveFault-B,48686,123148,706,CurveFaultB:48686
2027,global_train,42,1234,7,CurveFaultB,CurveFault-B,32242,82155,707,CurveFaultB:32242
2027,global_train,42,1234,7,CurveFaultB,CurveFault-B,44824,168467,708,CurveFaultB:44824
2027,global_train,42,1234,7,CurveFaultB,CurveFault-B,11213,190751,709,CurveFaultB:11213
2027,global_train,42,1234,7,CurveFaultB,CurveFault-B,22361,182437,710,CurveFaultB:22361
2027,global_train,42,1234,7,CurveFaultB,CurveFault-B,35997,115175,711,CurveFaultB:35997
2027,global_train,42,1234,7,CurveFaultB,CurveFault-B,34214,85259,712,CurveFaultB:34214
2027,global_train,42,1234,7,CurveFaultB,CurveFault-B,49791,111736,713,CurveFaultB:49791
2027,global_train,42,1234,7,CurveFaultB,CurveFault-B,38698,200109,714,CurveFaultB:38698
2027,global_train,42,1234,7,CurveFaultB,CurveFault-B,43,190562,715,CurveFaultB:43
2027,global_train,42,1234,7,CurveFaultB,CurveFault-B,44130,209085,716,CurveFaultB:44130
2027,global_train,42,1234,7,CurveFaultB,CurveFault-B,29485,65017,717,CurveFaultB:29485
2027,global_train,42,1234,7,CurveFaultB,CurveFault-B,34047,175711,718,CurveFaultB:34047
2027,global_train,42,1234,7,CurveFaultB,CurveFault-B,5001,14058,719,CurveFaultB:5001
2027,global_train,42,1234,7,CurveFaultB,CurveFault-B,16841,231646,720,CurveFaultB:16841
2027,global_train,42,1234,7,CurveFaultB,CurveFault-B,24182,91792,721,CurveFaultB:24182
2027,global_train,42,1234,7,CurveFaultB,CurveFault-B,24912,95524,722,CurveFaultB:24912
2027,global_train,42,1234,7,CurveFaultB,CurveFault-B,31814,137303,723,CurveFaultB:31814
2027,global_train,42,1234,7,CurveFaultB,CurveFault-B,46516,145584,724,CurveFaultB:46516
2027,global_train,42,1234,7,CurveFaultB,CurveFault-B,12257,175083,725,CurveFaultB:12257
2027,global_train,42,1234,7,CurveFaultB,CurveFault-B,2835,87623,726,CurveFaultB:2835
2027,global_train,42,1234,7,CurveFaultB,CurveFault-B,28631,145989,727,CurveFaultB:28631
2027,global_train,42,1234,7,CurveFaultB,CurveFault-B,31616,153004,728,CurveFaultB:31616
2027,global_train,42,1234,7,CurveFaultB,CurveFault-B,40518,33075,729,CurveFaultB:40518
2027,global_train,42,1234,7,CurveFaultB,CurveFault-B,1438,167837,730,CurveFaultB:1438
2027,global_train,42,1234,7,CurveFaultB,CurveFault-B,11564,84706,731,CurveFaultB:11564
2027,global_train,42,1234,7,CurveFaultB,CurveFault-B,44732,67860,732,CurveFaultB:44732
2027,global_train,42,1234,7,CurveFaultB,CurveFault-B,39717,91672,733,CurveFaultB:39717
2027,global_train,42,1234,7,CurveFaultB,CurveFault-B,9219,224753,734,CurveFaultB:9219
2027,global_train,42,1234,7,CurveFaultB,CurveFault-B,2239,41241,735,CurveFaultB:2239
2027,global_train,42,1234,7,CurveFaultB,CurveFault-B,33827,7931,736,CurveFaultB:33827
2027,global_train,42,1234,7,CurveFaultB,CurveFault-B,38785,225033,737,CurveFaultB:38785
2027,global_train,42,1234,7,CurveFaultB,CurveFault-B,50684,90799,738,CurveFaultB:50684
2027,global_train,42,1234,7,CurveFaultB,CurveFault-B,41438,130957,739,CurveFaultB:41438
2027,global_train,42,1234,7,CurveFaultB,CurveFault-B,30008,170280,740,CurveFaultB:30008
2027,global_train,42,1234,7,CurveFaultB,CurveFault-B,4028,181034,741,CurveFaultB:4028
2027,global_train,42,1234,7,CurveFaultB,CurveFault-B,46399,168906,742,CurveFaultB:46399
2027,global_train,42,1234,7,CurveFaultB,CurveFault-B,21876,10477,743,CurveFaultB:21876
2027,global_train,42,1234,7,CurveFaultB,CurveFault-B,17501,112266,744,CurveFaultB:17501
2027,global_train,42,1234,7,CurveFaultB,CurveFault-B,41243,188471,745,CurveFaultB:41243
2027,global_train,42,1234,7,CurveFaultB,CurveFault-B,17636,75493,746,CurveFaultB:17636
2027,global_train,42,1234,7,CurveFaultB,CurveFault-B,8123,33586,747,CurveFaultB:8123
2027,global_train,42,1234,7,CurveFaultB,CurveFault-B,41787,152185,748,CurveFaultB:41787
2027,global_train,42,1234,7,CurveFaultB,CurveFault-B,11625,105726,749,CurveFaultB:11625
2027,global_train,42,1234,7,CurveFaultB,CurveFault-B,27120,290,750,CurveFaultB:27120
2027,global_train,42,1234,7,CurveFaultB,CurveFault-B,42955,209680,751,CurveFaultB:42955
2027,global_train,42,1234,7,CurveFaultB,CurveFault-B,17415,138449,752,CurveFaultB:17415
2027,global_train,42,1234,7,CurveFaultB,CurveFault-B,49763,107544,753,CurveFaultB:49763
2027,global_train,42,1234,7,CurveFaultB,CurveFault-B,6714,44022,754,CurveFaultB:6714
2027,global_train,42,1234,7,CurveFaultB,CurveFault-B,7522,100634,755,CurveFaultB:7522
2027,global_train,42,1234,7,CurveFaultB,CurveFault-B,48295,39841,756,CurveFaultB:48295
2027,global_train,42,1234,7,CurveFaultB,CurveFault-B,17254,10796,757,CurveFaultB:17254
2027,global_train,42,1234,7,CurveFaultB,CurveFault-B,16110,202499,758,CurveFaultB:16110
2027,global_train,42,1234,7,CurveFaultB,CurveFault-B,10424,171149,759,CurveFaultB:10424
2027,global_train,42,1234,7,CurveFaultB,CurveFault-B,37650,144994,760,CurveFaultB:37650
2027,global_train,42,1234,7,CurveFaultB,CurveFault-B,29875,18039,761,CurveFaultB:29875
2027,global_train,42,1234,7,CurveFaultB,CurveFault-B,43225,118332,762,CurveFaultB:43225
2027,global_train,42,1234,7,CurveFaultB,CurveFault-B,13049,21370,763,CurveFaultB:13049
2027,global_train,42,1234,7,CurveFaultB,CurveFault-B,38034,102064,764,CurveFaultB:38034
2027,global_train,42,1234,7,CurveFaultB,CurveFault-B,40979,72239,765,CurveFaultB:40979
2027,global_train,42,1234,7,CurveFaultB,CurveFault-B,31773,116204,766,CurveFaultB:31773
2027,global_train,42,1234,7,CurveFaultB,CurveFault-B,26219,186435,767,CurveFaultB:26219
2027,global_train,42,1234,7,CurveFaultB,CurveFault-B,26130,6481,768,CurveFaultB:26130
2027,global_train,42,1234,7,CurveFaultB,CurveFault-B,38804,42194,769,CurveFaultB:38804
2027,global_train,42,1234,7,CurveFaultB,CurveFault-B,28015,9670,770,CurveFaultB:28015
2027,global_train,42,1234,7,CurveFaultB,CurveFault-B,35165,12086,771,CurveFaultB:35165
2027,global_train,42,1234,7,CurveFaultB,CurveFault-B,44934,158069,772,CurveFaultB:44934
2027,global_train,42,1234,7,CurveFaultB,CurveFault-B,5866,191378,773,CurveFaultB:5866
2027,global_train,42,1234,7,CurveFaultB,CurveFault-B,20378,201300,774,CurveFaultB:20378
2027,global_train,42,1234,7,CurveFaultB,CurveFault-B,18695,52493,775,CurveFaultB:18695
2027,global_train,42,1234,7,CurveFaultB,CurveFault-B,36746,96160,776,CurveFaultB:36746
2027,global_train,42,1234,7,CurveFaultB,CurveFault-B,23039,224798,777,CurveFaultB:23039
2027,global_train,42,1234,7,CurveFaultB,CurveFault-B,18669,64522,778,CurveFaultB:18669
2027,global_train,42,1234,7,CurveFaultB,CurveFault-B,45815,146092,779,CurveFaultB:45815
2027,global_train,42,1234,7,CurveFaultB,CurveFault-B,51544,225652,780,CurveFaultB:51544
2027,global_train,42,1234,7,CurveFaultB,CurveFault-B,9626,80224,781,CurveFaultB:9626
2027,global_train,42,1234,7,CurveFaultB,CurveFault-B,789,191486,782,CurveFaultB:789
2027,global_train,42,1234,7,CurveFaultB,CurveFault-B,47765,149706,783,CurveFaultB:47765
2027,global_train,42,1234,7,CurveFaultB,CurveFault-B,32140,152423,784,CurveFaultB:32140
2027,global_train,42,1234,7,CurveFaultB,CurveFault-B,7547,11011,785,CurveFaultB:7547
2027,global_train,42,1234,7,CurveFaultB,CurveFault-B,33194,156979,786,CurveFaultB:33194
2027,global_train,42,1234,7,CurveFaultB,CurveFault-B,47022,207415,787,CurveFaultB:47022
2027,global_train,42,1234,7,CurveFaultB,CurveFault-B,20229,82124,788,CurveFaultB:20229
2027,global_train,42,1234,7,CurveFaultB,CurveFault-B,20130,84657,789,CurveFaultB:20130
2027,global_train,42,1234,7,CurveFaultB,CurveFault-B,41821,178557,790,CurveFaultB:41821
2027,global_train,42,1234,7,CurveFaultB,CurveFault-B,42169,127388,791,CurveFaultB:42169
2027,global_train,42,1234,7,CurveFaultB,CurveFault-B,18558,190713,792,CurveFaultB:18558
2027,global_train,42,1234,7,CurveFaultB,CurveFault-B,18012,232211,793,CurveFaultB:18012
2027,global_train,42,1234,7,CurveFaultB,CurveFault-B,52849,168309,794,CurveFaultB:52849
2027,global_train,42,1234,7,CurveFaultB,CurveFault-B,41415,207362,795,CurveFaultB:41415
2027,global_train,42,1234,7,CurveFaultB,CurveFault-B,22072,99291,796,CurveFaultB:22072
2027,global_train,42,1234,7,CurveFaultB,CurveFault-B,28922,203039,797,CurveFaultB:28922
2027,global_train,42,1234,7,CurveFaultB,CurveFault-B,9994,159357,798,CurveFaultB:9994
2027,global_train,42,1234,7,CurveFaultB,CurveFault-B,31081,198392,799,CurveFaultB:31081
2027,global_train,42,1234,7,CurveFaultB,CurveFault-B,31076,119985,800,CurveFaultB:31076
2027,global_train,42,1234,7,CurveFaultB,CurveFault-B,30698,190823,801,CurveFaultB:30698
2027,global_train,42,1234,7,CurveFaultB,CurveFault-B,30255,232863,802,CurveFaultB:30255
2027,global_train,42,1234,7,CurveFaultB,CurveFault-B,50166,161174,803,CurveFaultB:50166
2027,global_train,42,1234,7,CurveFaultB,CurveFault-B,14591,51687,804,CurveFaultB:14591
2027,global_train,42,1234,7,CurveFaultB,CurveFault-B,39232,165825,805,CurveFaultB:39232
2027,global_train,42,1234,7,CurveFaultB,CurveFault-B,16650,162883,806,CurveFaultB:16650
2027,global_train,42,1234,7,CurveFaultB,CurveFault-B,38578,211880,807,CurveFaultB:38578
2027,global_train,42,1234,7,CurveFaultB,CurveFault-B,36296,54236,808,CurveFaultB:36296
2027,global_train,42,1234,7,CurveFaultB,CurveFault-B,8224,231706,809,CurveFaultB:8224
2027,global_train,42,1234,7,CurveFaultB,CurveFault-B,22427,173860,810,CurveFaultB:22427
2027,global_train,42,1234,7,CurveFaultB,CurveFault-B,22414,26642,811,CurveFaultB:22414
2027,global_train,42,1234,7,CurveFaultB,CurveFault-B,16694,103223,812,CurveFaultB:16694
2027,global_train,42,1234,7,CurveFaultB,CurveFault-B,47949,193978,813,CurveFaultB:47949
2027,global_train,42,1234,7,CurveFaultB,CurveFault-B,43675,44951,814,CurveFaultB:43675
2027,global_train,42,1234,7,CurveFaultB,CurveFault-B,34469,73016,815,CurveFaultB:34469
2027,global_train,42,1234,7,CurveFaultB,CurveFault-B,12815,34888,816,CurveFaultB:12815
2027,global_train,42,1234,7,CurveFaultB,CurveFault-B,18315,136388,817,CurveFaultB:18315
2027,global_train,42,1234,7,CurveFaultB,CurveFault-B,51028,108684,818,CurveFaultB:51028
2027,global_train,42,1234,7,CurveFaultB,CurveFault-B,22950,111088,819,CurveFaultB:22950
2027,global_train,42,1234,7,CurveFaultB,CurveFault-B,18402,53743,820,CurveFaultB:18402
2027,global_train,42,1234,7,CurveFaultB,CurveFault-B,51178,4066,821,CurveFaultB:51178
2027,global_train,42,1234,7,CurveFaultB,CurveFault-B,20826,118220,822,CurveFaultB:20826
2027,global_train,42,1234,7,CurveFaultB,CurveFault-B,25387,157820,823,CurveFaultB:25387
2027,global_train,42,1234,7,CurveFaultB,CurveFault-B,31471,102569,824,CurveFaultB:31471
2027,global_train,42,1234,7,CurveFaultB,CurveFault-B,14758,121086,825,CurveFaultB:14758
2027,global_train,42,1234,7,CurveFaultB,CurveFault-B,33430,145280,826,CurveFaultB:33430
2027,global_train,42,1234,7,CurveFaultB,CurveFault-B,14107,131227,827,CurveFaultB:14107
2027,global_train,42,1234,7,CurveFaultB,CurveFault-B,476,213368,828,CurveFaultB:476
2027,global_train,42,1234,7,CurveFaultB,CurveFault-B,38290,37955,829,CurveFaultB:38290
2027,global_train,42,1234,7,CurveFaultB,CurveFault-B,17786,176169,830,CurveFaultB:17786
2027,global_train,42,1234,7,CurveFaultB,CurveFault-B,6917,189425,831,CurveFaultB:6917
2027,global_train,42,1234,7,CurveFaultB,CurveFault-B,18298,134175,832,CurveFaultB:18298
2027,global_train,42,1234,7,CurveFaultB,CurveFault-B,27964,145340,833,CurveFaultB:27964
2027,global_train,42,1234,7,CurveFaultB,CurveFault-B,50526,123806,834,CurveFaultB:50526
2027,global_train,42,1234,7,CurveFaultB,CurveFault-B,2837,124128,835,CurveFaultB:2837
2027,global_train,42,1234,7,CurveFaultB,CurveFault-B,28663,55853,836,CurveFaultB:28663
2027,global_train,42,1234,7,CurveFaultB,CurveFault-B,11420,194276,837,CurveFaultB:11420
2027,global_train,42,1234,7,CurveFaultB,CurveFault-B,23528,169739,838,CurveFaultB:23528
2027,global_train,42,1234,7,CurveFaultB,CurveFault-B,25546,183750,839,CurveFaultB:25546
2027,global_train,42,1234,7,CurveFaultB,CurveFault-B,14260,95615,840,CurveFaultB:14260
2027,global_train,42,1234,7,CurveFaultB,CurveFault-B,49442,229350,841,CurveFaultB:49442
2027,global_train,42,1234,7,CurveFaultB,CurveFault-B,38202,135691,842,CurveFaultB:38202
2027,global_train,42,1234,7,CurveFaultB,CurveFault-B,52031,151542,843,CurveFaultB:52031
2027,global_train,42,1234,7,CurveFaultB,CurveFault-B,43132,42940,844,CurveFaultB:43132
2027,global_train,42,1234,7,CurveFaultB,CurveFault-B,20160,105719,845,CurveFaultB:20160
2027,global_train,42,1234,7,CurveFaultB,CurveFault-B,17913,129011,846,CurveFaultB:17913
2027,global_train,42,1234,7,CurveFaultB,CurveFault-B,19556,41579,847,CurveFaultB:19556
2027,global_train,42,1234,7,CurveFaultB,CurveFault-B,30975,111147,848,CurveFaultB:30975
2027,global_train,42,1234,7,CurveFaultB,CurveFault-B,44245,122045,849,CurveFaultB:44245
2027,global_train,42,1234,7,CurveFaultB,CurveFault-B,14287,1823,850,CurveFaultB:14287
2027,global_train,42,1234,7,CurveFaultB,CurveFault-B,28794,26199,851,CurveFaultB:28794
2027,global_train,42,1234,7,CurveFaultB,CurveFault-B,33581,224993,852,CurveFaultB:33581
2027,global_train,42,1234,7,CurveFaultB,CurveFault-B,22771,202885,853,CurveFaultB:22771
2027,global_train,42,1234,7,CurveFaultB,CurveFault-B,11140,149829,854,CurveFaultB:11140
2027,global_train,42,1234,7,CurveFaultB,CurveFault-B,51883,36784,855,CurveFaultB:51883
2027,global_train,42,1234,7,CurveFaultB,CurveFault-B,51439,233456,856,CurveFaultB:51439
2027,global_train,42,1234,7,CurveFaultB,CurveFault-B,53936,24198,857,CurveFaultB:53936
2027,global_train,42,1234,7,CurveFaultB,CurveFault-B,41581,70021,858,CurveFaultB:41581
2027,global_train,42,1234,7,CurveFaultB,CurveFault-B,19151,66526,859,CurveFaultB:19151
2027,global_train,42,1234,7,CurveFaultB,CurveFault-B,21749,42630,860,CurveFaultB:21749
2027,global_train,42,1234,7,CurveFaultB,CurveFault-B,18121,28963,861,CurveFaultB:18121
2027,global_train,42,1234,7,CurveFaultB,CurveFault-B,36562,82012,862,CurveFaultB:36562
2027,global_train,42,1234,7,CurveFaultB,CurveFault-B,14452,14282,863,CurveFaultB:14452
2027,global_train,42,1234,7,CurveFaultB,CurveFault-B,30933,129190,864,CurveFaultB:30933
2027,global_train,42,1234,7,CurveFaultB,CurveFault-B,31476,124634,865,CurveFaultB:31476
2027,global_train,42,1234,7,CurveFaultB,CurveFault-B,52190,92541,866,CurveFaultB:52190
2027,global_train,42,1234,7,CurveFaultB,CurveFault-B,41942,210862,867,CurveFaultB:41942
2027,global_train,42,1234,7,CurveFaultB,CurveFault-B,16229,66238,868,CurveFaultB:16229
2027,global_train,42,1234,7,CurveFaultB,CurveFault-B,45605,218922,869,CurveFaultB:45605
2027,global_train,42,1234,7,CurveFaultB,CurveFault-B,35703,195748,870,CurveFaultB:35703
2027,global_train,42,1234,7,CurveFaultB,CurveFault-B,6232,53418,871,CurveFaultB:6232
2027,global_train,42,1234,7,CurveFaultB,CurveFault-B,49675,114306,872,CurveFaultB:49675
2027,global_train,42,1234,7,CurveFaultB,CurveFault-B,8356,160151,873,CurveFaultB:8356
2027,global_train,42,1234,7,CurveFaultB,CurveFault-B,20110,79631,874,CurveFaultB:20110
2027,global_train,42,1234,7,CurveFaultB,CurveFault-B,30621,124786,875,CurveFaultB:30621
2027,global_train,42,1234,7,CurveFaultB,CurveFault-B,1817,27298,876,CurveFaultB:1817
2027,global_train,42,1234,7,CurveFaultB,CurveFault-B,39817,41969,877,CurveFaultB:39817
2027,global_train,42,1234,7,CurveFaultB,CurveFault-B,21002,220245,878,CurveFaultB:21002
2027,global_train,42,1234,7,CurveFaultB,CurveFault-B,23885,8382,879,CurveFaultB:23885
2027,global_train,42,1234,7,CurveFaultB,CurveFault-B,36390,70550,880,CurveFaultB:36390
2027,global_train,42,1234,7,CurveFaultB,CurveFault-B,4751,214175,881,CurveFaultB:4751
2027,global_train,42,1234,7,CurveFaultB,CurveFault-B,2623,47186,882,CurveFaultB:2623
2027,global_train,42,1234,7,CurveFaultB,CurveFault-B,16570,120833,883,CurveFaultB:16570
2027,global_train,42,1234,7,CurveFaultB,CurveFault-B,20879,233033,884,CurveFaultB:20879
2027,global_train,42,1234,7,CurveFaultB,CurveFault-B,52771,938,885,CurveFaultB:52771
2027,global_train,42,1234,7,CurveFaultB,CurveFault-B,48996,59655,886,CurveFaultB:48996
2027,global_train,42,1234,7,CurveFaultB,CurveFault-B,36564,220810,887,CurveFaultB:36564
2027,global_train,42,1234,7,CurveFaultB,CurveFault-B,48116,225072,888,CurveFaultB:48116
2027,global_train,42,1234,7,CurveFaultB,CurveFault-B,34661,196647,889,CurveFaultB:34661
2027,global_train,42,1234,7,CurveFaultB,CurveFault-B,26481,75736,890,CurveFaultB:26481
2027,global_train,42,1234,7,CurveFaultB,CurveFault-B,38592,129582,891,CurveFaultB:38592
2027,global_train,42,1234,7,CurveFaultB,CurveFault-B,36228,1277,892,CurveFaultB:36228
2027,global_train,42,1234,7,CurveFaultB,CurveFault-B,19216,91591,893,CurveFaultB:19216
2027,global_train,42,1234,7,CurveFaultB,CurveFault-B,41885,171291,894,CurveFaultB:41885
2027,global_train,42,1234,7,CurveFaultB,CurveFault-B,30800,167926,895,CurveFaultB:30800
2027,global_train,42,1234,7,CurveFaultB,CurveFault-B,1590,208115,896,CurveFaultB:1590
2027,global_train,42,1234,7,CurveFaultB,CurveFault-B,3157,16975,897,CurveFaultB:3157
2027,global_train,42,1234,7,CurveFaultB,CurveFault-B,13065,10835,898,CurveFaultB:13065
2027,global_train,42,1234,7,CurveFaultB,CurveFault-B,25064,59711,899,CurveFaultB:25064
2027,global_train,42,1234,7,CurveFaultB,CurveFault-B,49710,119057,900,CurveFaultB:49710
2027,global_train,42,1234,7,CurveFaultB,CurveFault-B,14880,30413,901,CurveFaultB:14880
2027,global_train,42,1234,7,CurveFaultB,CurveFault-B,49047,133242,902,CurveFaultB:49047
2027,global_train,42,1234,7,CurveFaultB,CurveFault-B,47818,53443,903,CurveFaultB:47818
2027,global_train,42,1234,7,CurveFaultB,CurveFault-B,34498,74047,904,CurveFaultB:34498
2027,global_train,42,1234,7,CurveFaultB,CurveFault-B,18514,179173,905,CurveFaultB:18514
2027,global_train,42,1234,7,CurveFaultB,CurveFault-B,20965,161979,906,CurveFaultB:20965
2027,global_train,42,1234,7,CurveFaultB,CurveFault-B,13566,32385,907,CurveFaultB:13566
2027,global_train,42,1234,7,CurveFaultB,CurveFault-B,23748,63139,908,CurveFaultB:23748
2027,global_train,42,1234,7,CurveFaultB,CurveFault-B,1560,137543,909,CurveFaultB:1560
2027,global_train,42,1234,7,CurveFaultB,CurveFault-B,42980,44898,910,CurveFaultB:42980
2027,global_train,42,1234,7,CurveFaultB,CurveFault-B,5460,231060,911,CurveFaultB:5460
2027,global_train,42,1234,7,CurveFaultB,CurveFault-B,38121,92771,912,CurveFaultB:38121
2027,global_train,42,1234,7,CurveFaultB,CurveFault-B,21025,176185,913,CurveFaultB:21025
2027,global_train,42,1234,7,CurveFaultB,CurveFault-B,31140,217308,914,CurveFaultB:31140
2027,global_train,42,1234,7,CurveFaultB,CurveFault-B,19649,98146,915,CurveFaultB:19649
2027,global_train,42,1234,7,CurveFaultB,CurveFault-B,45754,122561,916,CurveFaultB:45754
2027,global_train,42,1234,7,CurveFaultB,CurveFault-B,53544,31930,917,CurveFaultB:53544
2027,global_train,42,1234,7,CurveFaultB,CurveFault-B,33695,37625,918,CurveFaultB:33695
2027,global_train,42,1234,7,CurveFaultB,CurveFault-B,30948,65616,919,CurveFaultB:30948
2027,global_train,42,1234,7,CurveFaultB,CurveFault-B,53475,174136,920,CurveFaultB:53475
2027,global_train,42,1234,7,CurveFaultB,CurveFault-B,26602,139034,921,CurveFaultB:26602
2027,global_train,42,1234,7,CurveFaultB,CurveFault-B,43969,151990,922,CurveFaultB:43969
2027,global_train,42,1234,7,CurveFaultB,CurveFault-B,9095,38984,923,CurveFaultB:9095
2027,global_train,42,1234,7,CurveFaultB,CurveFault-B,2871,8118,924,CurveFaultB:2871
2027,global_train,42,1234,7,CurveFaultB,CurveFault-B,26317,209400,925,CurveFaultB:26317
2027,global_train,42,1234,7,CurveFaultB,CurveFault-B,53873,36811,926,CurveFaultB:53873
2027,global_train,42,1234,7,CurveFaultB,CurveFault-B,48304,47726,927,CurveFaultB:48304
2027,global_train,42,1234,7,CurveFaultB,CurveFault-B,46759,144475,928,CurveFaultB:46759
2027,global_train,42,1234,7,CurveFaultB,CurveFault-B,45654,5791,929,CurveFaultB:45654
2027,global_train,42,1234,7,CurveFaultB,CurveFault-B,27420,96110,930,CurveFaultB:27420
2027,global_train,42,1234,7,CurveFaultB,CurveFault-B,26316,88621,931,CurveFaultB:26316
2027,global_train,42,1234,7,CurveFaultB,CurveFault-B,52602,155802,932,CurveFaultB:52602
2027,global_train,42,1234,7,CurveFaultB,CurveFault-B,16357,114963,933,CurveFaultB:16357
2027,global_train,42,1234,7,CurveFaultB,CurveFault-B,1216,30304,934,CurveFaultB:1216
2027,global_train,42,1234,7,CurveFaultB,CurveFault-B,51086,208166,935,CurveFaultB:51086
2027,global_train,42,1234,7,CurveFaultB,CurveFault-B,29931,27943,936,CurveFaultB:29931
2027,global_train,42,1234,7,CurveFaultB,CurveFault-B,27832,46339,937,CurveFaultB:27832
2027,global_train,42,1234,7,CurveFaultB,CurveFault-B,2267,1900,938,CurveFaultB:2267
2027,global_train,42,1234,7,CurveFaultB,CurveFault-B,7957,175414,939,CurveFaultB:7957
2027,global_train,42,1234,7,CurveFaultB,CurveFault-B,44151,53950,940,CurveFaultB:44151
2027,global_train,42,1234,7,CurveFaultB,CurveFault-B,42394,64551,941,CurveFaultB:42394
2027,global_train,42,1234,7,CurveFaultB,CurveFault-B,6323,234258,942,CurveFaultB:6323
2027,global_train,42,1234,7,CurveFaultB,CurveFault-B,32606,28183,943,CurveFaultB:32606
2027,global_train,42,1234,7,CurveFaultB,CurveFault-B,43951,182537,944,CurveFaultB:43951
2027,global_train,42,1234,7,CurveFaultB,CurveFault-B,21212,130365,945,CurveFaultB:21212
2027,global_train,42,1234,7,CurveFaultB,CurveFault-B,22090,62749,946,CurveFaultB:22090
2027,global_train,42,1234,7,CurveFaultB,CurveFault-B,27844,204144,947,CurveFaultB:27844
2027,global_train,42,1234,7,CurveFaultB,CurveFault-B,19424,42429,948,CurveFaultB:19424
2027,global_train,42,1234,7,CurveFaultB,CurveFault-B,17599,201489,949,CurveFaultB:17599
2027,global_train,42,1234,7,CurveFaultB,CurveFault-B,53595,144001,950,CurveFaultB:53595
2027,global_train,42,1234,7,CurveFaultB,CurveFault-B,43706,139175,951,CurveFaultB:43706
2027,global_train,42,1234,7,CurveFaultB,CurveFault-B,27857,225606,952,CurveFaultB:27857
2027,global_train,42,1234,7,CurveFaultB,CurveFault-B,44550,221931,953,CurveFaultB:44550
2027,global_train,42,1234,7,CurveFaultB,CurveFault-B,45833,56179,954,CurveFaultB:45833
2027,global_train,42,1234,7,CurveFaultB,CurveFault-B,17174,67401,955,CurveFaultB:17174
2027,global_train,42,1234,7,CurveFaultB,CurveFault-B,11767,224266,956,CurveFaultB:11767
2027,global_train,42,1234,7,CurveFaultB,CurveFault-B,45403,111180,957,CurveFaultB:45403
2027,global_train,42,1234,7,CurveFaultB,CurveFault-B,33459,31698,958,CurveFaultB:33459
2027,global_train,42,1234,7,CurveFaultB,CurveFault-B,32757,48745,959,CurveFaultB:32757
2027,global_train,42,1234,7,CurveFaultB,CurveFault-B,8383,75692,960,CurveFaultB:8383
2027,global_train,42,1234,7,CurveFaultB,CurveFault-B,29137,176353,961,CurveFaultB:29137
2027,global_train,42,1234,7,CurveFaultB,CurveFault-B,42039,10959,962,CurveFaultB:42039
2027,global_train,42,1234,7,CurveFaultB,CurveFault-B,43171,108574,963,CurveFaultB:43171
2027,global_train,42,1234,7,CurveFaultB,CurveFault-B,5541,49950,964,CurveFaultB:5541
2027,global_train,42,1234,7,CurveFaultB,CurveFault-B,28612,35761,965,CurveFaultB:28612
2027,global_train,42,1234,7,CurveFaultB,CurveFault-B,47129,115997,966,CurveFaultB:47129
2027,global_train,42,1234,7,CurveFaultB,CurveFault-B,46168,19317,967,CurveFaultB:46168
2027,global_train,42,1234,7,CurveFaultB,CurveFault-B,20978,119278,968,CurveFaultB:20978
2027,global_train,42,1234,7,CurveFaultB,CurveFault-B,1886,33790,969,CurveFaultB:1886
2027,global_train,42,1234,7,CurveFaultB,CurveFault-B,41931,32556,970,CurveFaultB:41931
2027,global_train,42,1234,7,CurveFaultB,CurveFault-B,29254,115298,971,CurveFaultB:29254
2027,global_train,42,1234,7,CurveFaultB,CurveFault-B,31981,103461,972,CurveFaultB:31981
2027,global_train,42,1234,7,CurveFaultB,CurveFault-B,17842,52757,973,CurveFaultB:17842
2027,global_train,42,1234,7,CurveFaultB,CurveFault-B,35317,216521,974,CurveFaultB:35317
2027,global_train,42,1234,7,CurveFaultB,CurveFault-B,10452,121890,975,CurveFaultB:10452
2027,global_train,42,1234,7,CurveFaultB,CurveFault-B,49737,188401,976,CurveFaultB:49737
2027,global_train,42,1234,7,CurveFaultB,CurveFault-B,43353,100203,977,CurveFaultB:43353
2027,global_train,42,1234,7,CurveFaultB,CurveFault-B,49297,44378,978,CurveFaultB:49297
2027,global_train,42,1234,7,CurveFaultB,CurveFault-B,35830,25390,979,CurveFaultB:35830
2027,global_train,42,1234,7,CurveFaultB,CurveFault-B,45574,23020,980,CurveFaultB:45574
2027,global_train,42,1234,7,CurveFaultB,CurveFault-B,39300,162165,981,CurveFaultB:39300
2027,global_train,42,1234,7,CurveFaultB,CurveFault-B,43561,33090,982,CurveFaultB:43561
2027,global_train,42,1234,7,CurveFaultB,CurveFault-B,46556,72587,983,CurveFaultB:46556
2027,global_train,42,1234,7,CurveFaultB,CurveFault-B,29904,105969,984,CurveFaultB:29904
2027,global_train,42,1234,7,CurveFaultB,CurveFault-B,30367,62269,985,CurveFaultB:30367
2027,global_train,42,1234,7,CurveFaultB,CurveFault-B,33188,47862,986,CurveFaultB:33188
2027,global_train,42,1234,7,CurveFaultB,CurveFault-B,125,212142,987,CurveFaultB:125
2027,global_train,42,1234,7,CurveFaultB,CurveFault-B,16213,194944,988,CurveFaultB:16213
2027,global_train,42,1234,7,CurveFaultB,CurveFault-B,32252,43548,989,CurveFaultB:32252
2027,global_train,42,1234,7,CurveFaultB,CurveFault-B,21556,152534,990,CurveFaultB:21556
2027,global_train,42,1234,7,CurveFaultB,CurveFault-B,12773,15760,991,CurveFaultB:12773
2027,global_train,42,1234,7,CurveFaultB,CurveFault-B,33937,125465,992,CurveFaultB:33937
2027,global_train,42,1234,7,CurveFaultB,CurveFault-B,40611,178596,993,CurveFaultB:40611
2027,global_train,42,1234,7,CurveFaultB,CurveFault-B,52878,51702,994,CurveFaultB:52878
2027,global_train,42,1234,7,CurveFaultB,CurveFault-B,48791,125612,995,CurveFaultB:48791
2027,global_train,42,1234,7,CurveFaultB,CurveFault-B,40030,199651,996,CurveFaultB:40030
2027,global_train,42,1234,7,CurveFaultB,CurveFault-B,55,223959,997,CurveFaultB:55
2027,global_train,42,1234,7,CurveFaultB,CurveFault-B,50875,160617,998,CurveFaultB:50875
2027,global_train,42,1234,7,CurveFaultB,CurveFault-B,15131,36841,999,CurveFaultB:15131
