gallery_id,dataset_id,dataset_name,position,sample_row,source_sample_index
0,0,FlatVelA,0,181,16181
0,0,FlatVelA,1,1251,6744
0,0,FlatVelA,2,1429,21078
0,0,FlatVelA,3,1960,526
0,0,FlatVelA,4,2200,21808
0,0,FlatVelA,5,2483,6014
0,0,FlatVelA,6,2688,19683
0,0,FlatVelA,7,2716,8332
0,0,FlatVelA,8,2860,14687
0,0,FlatVelA,9,2997,25821
0,0,FlatVelA,10,3015,16022
0,0,FlatVelA,11,3227,20235
0,0,FlatVelA,12,3947,25887
0,0,FlatVelA,13,4248,1697
0,0,FlatVelA,14,4424,10234
0,0,FlatVelA,15,4714,22751
0,0,FlatVelA,16,4791,27633
0,0,FlatVelA,17,5128,5202
0,0,FlatVelA,18,5407,22114
0,0,FlatVelA,19,5448,5692
0,0,FlatVelA,20,5942,5482
0,0,FlatVelA,21,6322,20176
0,0,FlatVelA,22,6474,23211
0,0,FlatVelA,23,6593,24126
0,0,FlatVelA,24,6818,20727
0,0,FlatVelA,25,7566,2707
0,0,FlatVelA,26,7724,28057
0,0,FlatVelA,27,8149,28332
0,0,FlatVelA,28,8333,5174
0,0,FlatVelA,29,9005,11307
0,0,FlatVelA,30,9192,4527
0,0,FlatVelA,31,9586,11091
0,0,FlatVelA,32,10338,26988
0,0,FlatVelA,33,10718,2109
0,0,FlatVelA,34,10902,3299
0,0,FlatVelA,35,11429,8326
0,0,FlatVelA,36,11754,13818
0,0,FlatVelA,37,11857,27424
0,0,FlatVelA,38,11951,29494
0,0,FlatVelA,39,12165,5447
0,0,FlatVelA,40,12870,7081
0,0,FlatVelA,41,12949,26076
0,0,FlatVelA,42,13372,23506
0,0,FlatVelA,43,13673,8500
0,0,FlatVelA,44,13832,10935
0,0,FlatVelA,45,14145,27187
0,0,FlatVelA,46,14243,2600
0,0,FlatVelA,47,14265,14932
0,0,FlatVelA,48,14279,9359
0,0,FlatVelA,49,14317,9901
0,0,FlatVelA,50,14336,25083
0,0,FlatVelA,51,14547,743
0,0,FlatVelA,52,15010,1320
0,0,FlatVelA,53,15155,8642
0,0,FlatVelA,54,15226,27466
0,0,FlatVelA,55,15487,8608
0,0,FlatVelA,56,15574,29931
0,0,FlatVelA,57,15669,21838
0,0,FlatVelA,58,15867,20516
0,0,FlatVelA,59,16143,13552
0,0,FlatVelA,60,16289,20029
0,0,FlatVelA,61,16641,16960
0,0,FlatVelA,62,16701,7831
0,0,FlatVelA,63,17188,26438
0,0,FlatVelA,64,17543,2548
0,0,FlatVelA,65,17636,16386
0,0,FlatVelA,66,18344,9830
0,0,FlatVelA,67,18809,23427
0,0,FlatVelA,68,18843,2258
0,0,FlatVelA,69,20028,20773
0,0,FlatVelA,70,20133,9680
0,0,FlatVelA,71,20212,1656
0,0,FlatVelA,72,20216,25603
0,0,FlatVelA,73,20580,23945
0,0,FlatVelA,74,21485,6261
0,0,FlatVelA,75,21539,3979
0,0,FlatVelA,76,21605,10834
0,0,FlatVelA,77,21714,28422
0,0,FlatVelA,78,21739,2628
0,0,FlatVelA,79,21824,16570
0,0,FlatVelA,80,21920,26648
0,0,FlatVelA,81,22026,22943
0,0,FlatVelA,82,22142,4728
0,0,FlatVelA,83,22183,2719
0,0,FlatVelA,84,22371,22806
0,0,FlatVelA,85,22678,29882
0,0,FlatVelA,86,23099,22663
0,0,FlatVelA,87,23149,14507
0,0,FlatVelA,88,23781,23986
0,0,FlatVelA,89,23815,21422
0,0,FlatVelA,90,23816,10476
0,0,FlatVelA,91,24062,23561
0,0,FlatVelA,92,24145,24857
0,0,FlatVelA,93,24235,14651
0,0,FlatVelA,94,24590,11800
0,0,FlatVelA,95,24617,11533
0,0,FlatVelA,96,24730,26573
0,0,FlatVelA,97,24907,3719
0,0,FlatVelA,98,25596,15109
0,0,FlatVelA,99,25976,10540
0,0,FlatVelA,100,26071,15244
0,0,FlatVelA,101,26198,11002
0,0,FlatVelA,102,26492,806
0,0,FlatVelA,103,26554,17470
0,0,FlatVelA,104,26662,7914
0,0,FlatVelA,105,26753,14117
0,0,FlatVelA,106,26780,16643
0,0,FlatVelA,107,26914,25924
0,0,FlatVelA,108,27173,28658
0,0,FlatVelA,109,27335,4902
0,0,FlatVelA,110,27368,23100
0,0,FlatVelA,111,27520,10107
0,0,FlatVelA,112,27527,26631
0,0,FlatVelA,113,27743,29296
0,0,FlatVelA,114,28372,10889
0,0,FlatVelA,115,28421,18337
0,0,FlatVelA,116,28665,26476
0,0,FlatVelA,117,29363,20270
0,0,FlatVelA,118,29420,22481
0,0,FlatVelA,119,29456,13196
0,0,FlatVelA,120,29827,18538
0,0,FlatVelA,121,30736,12419
0,0,FlatVelA,122,30947,814
0,0,FlatVelA,123,31256,28101
0,0,FlatVelA,124,31390,12736
0,0,FlatVelA,125,32681,2202
0,0,FlatVelA,126,33316,17041
0,0,FlatVelA,127,33349,29647
1,0,FlatVelA,0,149,12876
1,0,FlatVelA,1,286,29340
1,0,FlatVelA,2,604,1251
1,0,FlatVelA,3,650,25028
1,0,FlatVelA,4,660,12649
1,0,FlatVelA,5,1230,14771
1,0,FlatVelA,6,1498,24403
1,0,FlatVelA,7,2026,12945
1,0,FlatVelA,8,2688,19683
1,0,FlatVelA,9,3060,20564
1,0,FlatVelA,10,3215,20246
1,0,FlatVelA,11,3348,18237
1,0,FlatVelA,12,3635,988
1,0,FlatVelA,13,4001,5499
1,0,FlatVelA,14,4636,29025
1,0,FlatVelA,15,4702,13293
1,0,FlatVelA,16,4714,22751
1,0,FlatVelA,17,4929,18387
1,0,FlatVelA,18,5203,23961
1,0,FlatVelA,19,5303,11925
1,0,FlatVelA,20,5491,7700
1,0,FlatVelA,21,5519,10190
1,0,FlatVelA,22,5630,20067
1,0,FlatVelA,23,6088,25789
1,0,FlatVelA,24,6902,4385
1,0,FlatVelA,25,7721,25124
1,0,FlatVelA,26,7842,9248
1,0,FlatVelA,27,7992,11414
1,0,FlatVelA,28,8149,28332
1,0,FlatVelA,29,8599,23906
1,0,FlatVelA,30,8723,22415
1,0,FlatVelA,31,8899,12941
1,0,FlatVelA,32,8942,18396
1,0,FlatVelA,33,9140,17927
1,0,FlatVelA,34,9146,20677
1,0,FlatVelA,35,9391,2404
1,0,FlatVelA,36,9577,28034
1,0,FlatVelA,37,9624,19850
1,0,FlatVelA,38,9852,19402
1,0,FlatVelA,39,9961,19100
1,0,FlatVelA,40,10191,21776
1,0,FlatVelA,41,10272,9444
1,0,FlatVelA,42,10510,23035
1,0,FlatVelA,43,10559,24914
1,0,FlatVelA,44,10594,13993
1,0,FlatVelA,45,10772,2749
1,0,FlatVelA,46,11097,14416
1,0,FlatVelA,47,11276,24285
1,0,FlatVelA,48,11726,27397
1,0,FlatVelA,49,12208,15373
1,0,FlatVelA,50,12595,8418
1,0,FlatVelA,51,12833,12150
1,0,FlatVelA,52,13359,25194
1,0,FlatVelA,53,13651,27471
1,0,FlatVelA,54,14046,7580
1,0,FlatVelA,55,14063,8041
1,0,FlatVelA,56,14114,7523
1,0,FlatVelA,57,14317,9901
1,0,FlatVelA,58,14879,21868
1,0,FlatVelA,59,14970,16591
1,0,FlatVelA,60,15100,29336
1,0,FlatVelA,61,15278,25956
1,0,FlatVelA,62,15487,8608
1,0,FlatVelA,63,15518,11988
1,0,FlatVelA,64,15595,1483
1,0,FlatVelA,65,16672,14381
1,0,FlatVelA,66,16799,12138
1,0,FlatVelA,67,16986,7994
1,0,FlatVelA,68,17100,8288
1,0,FlatVelA,69,17303,25843
1,0,FlatVelA,70,17329,9753
1,0,FlatVelA,71,17426,22670
1,0,FlatVelA,72,17747,8037
1,0,FlatVelA,73,17772,14672
1,0,FlatVelA,74,17949,20298
1,0,FlatVelA,75,18138,26074
1,0,FlatVelA,76,18277,13862
1,0,FlatVelA,77,18517,15563
1,0,FlatVelA,78,18637,16351
1,0,FlatVelA,79,19254,18108
1,0,FlatVelA,80,19775,18978
1,0,FlatVelA,81,20088,20347
1,0,FlatVelA,82,20354,19705
1,0,FlatVelA,83,21073,2113
1,0,FlatVelA,84,21140,3954
1,0,FlatVelA,85,21243,27332
1,0,FlatVelA,86,21416,15504
1,0,FlatVelA,87,21698,12910
1,0,FlatVelA,88,23378,9896
1,0,FlatVelA,89,23451,4962
1,0,FlatVelA,90,24257,14125
1,0,FlatVelA,91,24432,27524
1,0,FlatVelA,92,24563,19560
1,0,FlatVelA,93,24601,9866
1,0,FlatVelA,94,24621,10541
1,0,FlatVelA,95,24707,10250
1,0,FlatVelA,96,25733,7153
1,0,FlatVelA,97,26017,27066
1,0,FlatVelA,98,26603,22196
1,0,FlatVelA,99,26822,26107
1,0,FlatVelA,100,27173,28658
1,0,FlatVelA,101,27349,23838
1,0,FlatVelA,102,28012,17833
1,0,FlatVelA,103,28801,8139
1,0,FlatVelA,104,29224,10398
1,0,FlatVelA,105,29379,9737
1,0,FlatVelA,106,29398,11203
1,0,FlatVelA,107,29407,5973
1,0,FlatVelA,108,29467,15062
1,0,FlatVelA,109,29609,24075
1,0,FlatVelA,110,29669,22998
1,0,FlatVelA,111,29937,729
1,0,FlatVelA,112,30459,28410
1,0,FlatVelA,113,30559,18567
1,0,FlatVelA,114,30766,22780
1,0,FlatVelA,115,31238,3405
1,0,FlatVelA,116,31285,12209
1,0,FlatVelA,117,31331,3305
1,0,FlatVelA,118,31561,13775
1,0,FlatVelA,119,31668,20085
1,0,FlatVelA,120,31740,26885
1,0,FlatVelA,121,31893,7721
1,0,FlatVelA,122,32516,12523
1,0,FlatVelA,123,32554,12359
1,0,FlatVelA,124,32607,18119
1,0,FlatVelA,125,32681,2202
1,0,FlatVelA,126,32924,2980
1,0,FlatVelA,127,33290,25211
2,0,FlatVelA,0,175,14315
2,0,FlatVelA,1,602,9416
2,0,FlatVelA,2,1426,20535
2,0,FlatVelA,3,1604,24423
2,0,FlatVelA,4,1685,20247
2,0,FlatVelA,5,1690,24710
2,0,FlatVelA,6,1720,3104
2,0,FlatVelA,7,1956,19512
2,0,FlatVelA,8,2068,6091
2,0,FlatVelA,9,3101,5649
2,0,FlatVelA,10,3271,16475
2,0,FlatVelA,11,3389,13749
2,0,FlatVelA,12,3443,7590
2,0,FlatVelA,13,3629,653
2,0,FlatVelA,14,3793,607
2,0,FlatVelA,15,4560,3173
2,0,FlatVelA,16,4704,1071
2,0,FlatVelA,17,4758,5687
2,0,FlatVelA,18,5028,12358
2,0,FlatVelA,19,5084,24321
2,0,FlatVelA,20,5426,3857
2,0,FlatVelA,21,5553,26375
2,0,FlatVelA,22,5678,24427
2,0,FlatVelA,23,5975,17798
2,0,FlatVelA,24,6206,4991
2,0,FlatVelA,25,6214,9523
2,0,FlatVelA,26,6393,29500
2,0,FlatVelA,27,7694,21013
2,0,FlatVelA,28,7979,29760
2,0,FlatVelA,29,8001,8416
2,0,FlatVelA,30,8078,21579
2,0,FlatVelA,31,8088,22784
2,0,FlatVelA,32,8234,4747
2,0,FlatVelA,33,8411,4830
2,0,FlatVelA,34,8964,11358
2,0,FlatVelA,35,9120,26279
2,0,FlatVelA,36,9161,18702
2,0,FlatVelA,37,9961,19100
2,0,FlatVelA,38,10006,28397
2,0,FlatVelA,39,10145,11597
2,0,FlatVelA,40,10297,8708
2,0,FlatVelA,41,10627,29405
2,0,FlatVelA,42,10780,18483
2,0,FlatVelA,43,11042,6619
2,0,FlatVelA,44,11349,21791
2,0,FlatVelA,45,11383,26242
2,0,FlatVelA,46,12256,25901
2,0,FlatVelA,47,12344,15527
2,0,FlatVelA,48,12359,16293
2,0,FlatVelA,49,12814,14022
2,0,FlatVelA,50,12820,17727
2,0,FlatVelA,51,12869,19383
2,0,FlatVelA,52,13269,22844
2,0,FlatVelA,53,13556,12844
2,0,FlatVelA,54,13772,9976
2,0,FlatVelA,55,13832,10935
2,0,FlatVelA,56,14335,26934
2,0,FlatVelA,57,14421,11060
2,0,FlatVelA,58,14467,6935
2,0,FlatVelA,59,14970,16591
2,0,FlatVelA,60,15226,27466
2,0,FlatVelA,61,15800,22985
2,0,FlatVelA,62,15867,20516
2,0,FlatVelA,63,16251,9923
2,0,FlatVelA,64,16546,10483
2,0,FlatVelA,65,16710,21008
2,0,FlatVelA,66,16822,5386
2,0,FlatVelA,67,16888,17986
2,0,FlatVelA,68,17029,13897
2,0,FlatVelA,69,17052,5515
2,0,FlatVelA,70,17537,26320
2,0,FlatVelA,71,18277,13862
2,0,FlatVelA,72,18446,23178
2,0,FlatVelA,73,18711,29654
2,0,FlatVelA,74,18873,734
2,0,FlatVelA,75,18922,2192
2,0,FlatVelA,76,18950,27543
2,0,FlatVelA,77,19855,18963
2,0,FlatVelA,78,20003,2355
2,0,FlatVelA,79,20190,29616
2,0,FlatVelA,80,20354,19705
2,0,FlatVelA,81,20661,23062
2,0,FlatVelA,82,20760,23466
2,0,FlatVelA,83,21539,3979
2,0,FlatVelA,84,22177,28033
2,0,FlatVelA,85,22285,27455
2,0,FlatVelA,86,22295,8576
2,0,FlatVelA,87,22544,21311
2,0,FlatVelA,88,23319,3397
2,0,FlatVelA,89,23463,3142
2,0,FlatVelA,90,24014,20427
2,0,FlatVelA,91,24257,14125
2,0,FlatVelA,92,25587,18833
2,0,FlatVelA,93,25605,12207
2,0,FlatVelA,94,25655,5802
2,0,FlatVelA,95,25816,28335
2,0,FlatVelA,96,25909,14203
2,0,FlatVelA,97,26071,15244
2,0,FlatVelA,98,26378,6500
2,0,FlatVelA,99,26404,4399
2,0,FlatVelA,100,26511,16734
2,0,FlatVelA,101,26709,4160
2,0,FlatVelA,102,26822,26107
2,0,FlatVelA,103,27213,11611
2,0,FlatVelA,104,27248,13689
2,0,FlatVelA,105,27394,18292
2,0,FlatVelA,106,27469,2085
2,0,FlatVelA,107,27537,20814
2,0,FlatVelA,108,27586,21745
2,0,FlatVelA,109,27931,1076
2,0,FlatVelA,110,28191,10230
2,0,FlatVelA,111,28257,13810
2,0,FlatVelA,112,28614,8992
2,0,FlatVelA,113,29080,28470
2,0,FlatVelA,114,29115,11486
2,0,FlatVelA,115,29231,17992
2,0,FlatVelA,116,29259,23552
2,0,FlatVelA,117,29420,22481
2,0,FlatVelA,118,30095,17491
2,0,FlatVelA,119,30193,2892
2,0,FlatVelA,120,30366,20560
2,0,FlatVelA,121,30736,12419
2,0,FlatVelA,122,31337,24955
2,0,FlatVelA,123,31687,1568
2,0,FlatVelA,124,31831,23852
2,0,FlatVelA,125,31961,3308
2,0,FlatVelA,126,32065,18022
2,0,FlatVelA,127,33290,25211
3,0,FlatVelA,0,132,14081
3,0,FlatVelA,1,149,12876
3,0,FlatVelA,2,164,8374
3,0,FlatVelA,3,374,2438
3,0,FlatVelA,4,454,8839
3,0,FlatVelA,5,490,6876
3,0,FlatVelA,6,747,4416
3,0,FlatVelA,7,933,15423
3,0,FlatVelA,8,1046,4677
3,0,FlatVelA,9,1169,6632
3,0,FlatVelA,10,1359,14340
3,0,FlatVelA,11,1415,6302
3,0,FlatVelA,12,1429,21078
3,0,FlatVelA,13,1685,20247
3,0,FlatVelA,14,1711,25671
3,0,FlatVelA,15,1816,14554
3,0,FlatVelA,16,2887,18106
3,0,FlatVelA,17,2960,2487
3,0,FlatVelA,18,3119,5149
3,0,FlatVelA,19,3450,27771
3,0,FlatVelA,20,3572,8655
3,0,FlatVelA,21,3683,3559
3,0,FlatVelA,22,3885,5992
3,0,FlatVelA,23,3886,13275
3,0,FlatVelA,24,4049,16329
3,0,FlatVelA,25,4097,5327
3,0,FlatVelA,26,4157,9452
3,0,FlatVelA,27,4330,16217
3,0,FlatVelA,28,4551,13540
3,0,FlatVelA,29,4791,27633
3,0,FlatVelA,30,5251,12592
3,0,FlatVelA,31,5317,20879
3,0,FlatVelA,32,6635,19142
3,0,FlatVelA,33,6659,15655
3,0,FlatVelA,34,6909,18929
3,0,FlatVelA,35,8065,19227
3,0,FlatVelA,36,8077,27821
3,0,FlatVelA,37,8181,19786
3,0,FlatVelA,38,8208,25813
3,0,FlatVelA,39,8762,27620
3,0,FlatVelA,40,9090,20485
3,0,FlatVelA,41,9146,20677
3,0,FlatVelA,42,9537,8133
3,0,FlatVelA,43,9543,913
3,0,FlatVelA,44,9568,13138
3,0,FlatVelA,45,9760,21763
3,0,FlatVelA,46,10139,5025
3,0,FlatVelA,47,11942,23687
3,0,FlatVelA,48,12756,26940
3,0,FlatVelA,49,13429,688
3,0,FlatVelA,50,13794,22745
3,0,FlatVelA,51,14114,7523
3,0,FlatVelA,52,14430,4575
3,0,FlatVelA,53,14608,4159
3,0,FlatVelA,54,14731,5415
3,0,FlatVelA,55,14744,11337
3,0,FlatVelA,56,14901,25135
3,0,FlatVelA,57,15011,17287
3,0,FlatVelA,58,15041,3326
3,0,FlatVelA,59,15126,10506
3,0,FlatVelA,60,16538,18408
3,0,FlatVelA,61,16681,6820
3,0,FlatVelA,62,17090,20551
3,0,FlatVelA,63,17248,2936
3,0,FlatVelA,64,17329,9753
3,0,FlatVelA,65,17795,12414
3,0,FlatVelA,66,18050,8653
3,0,FlatVelA,67,18621,27043
3,0,FlatVelA,68,19189,868
3,0,FlatVelA,69,19655,24222
3,0,FlatVelA,70,19964,11842
3,0,FlatVelA,71,19997,8774
3,0,FlatVelA,72,20190,29616
3,0,FlatVelA,73,20504,19596
3,0,FlatVelA,74,20643,16124
3,0,FlatVelA,75,21140,3954
3,0,FlatVelA,76,21208,29338
3,0,FlatVelA,77,21243,27332
3,0,FlatVelA,78,21539,3979
3,0,FlatVelA,79,21714,28422
3,0,FlatVelA,80,21739,2628
3,0,FlatVelA,81,21762,13425
3,0,FlatVelA,82,22299,16358
3,0,FlatVelA,83,22743,12995
3,0,FlatVelA,84,22769,12898
3,0,FlatVelA,85,22854,10597
3,0,FlatVelA,86,23463,3142
3,0,FlatVelA,87,23468,25536
3,0,FlatVelA,88,24194,24656
3,0,FlatVelA,89,24290,27654
3,0,FlatVelA,90,24397,6195
3,0,FlatVelA,91,24709,27412
3,0,FlatVelA,92,24730,26573
3,0,FlatVelA,93,25035,8305
3,0,FlatVelA,94,25452,8949
3,0,FlatVelA,95,26511,16734
3,0,FlatVelA,96,26551,3328
3,0,FlatVelA,97,26555,12464
3,0,FlatVelA,98,26976,27624
3,0,FlatVelA,99,27026,25580
3,0,FlatVelA,100,27096,6067
3,0,FlatVelA,101,27139,27610
3,0,FlatVelA,102,27162,28434
3,0,FlatVelA,103,27743,29296
3,0,FlatVelA,104,27847,1245
3,0,FlatVelA,105,27931,1076
3,0,FlatVelA,106,27972,16409
3,0,FlatVelA,107,28077,24271
3,0,FlatVelA,108,28257,13810
3,0,FlatVelA,109,28267,10672
3,0,FlatVelA,110,29115,11486
3,0,FlatVelA,111,29384,8980
3,0,FlatVelA,112,29576,21407
3,0,FlatVelA,113,30129,27864
3,0,FlatVelA,114,30557,4583
3,0,FlatVelA,115,30956,6297
3,0,FlatVelA,116,31210,12554
3,0,FlatVelA,117,31640,5115
3,0,FlatVelA,118,31831,23852
3,0,FlatVelA,119,31940,28721
3,0,FlatVelA,120,31952,25889
3,0,FlatVelA,121,32065,18022
3,0,FlatVelA,122,32280,17442
3,0,FlatVelA,123,32336,6685
3,0,FlatVelA,124,32786,1891
3,0,FlatVelA,125,33055,26451
3,0,FlatVelA,126,33145,19553
3,0,FlatVelA,127,33447,23826
4,0,FlatVelA,0,340,28567
4,0,FlatVelA,1,451,13693
4,0,FlatVelA,2,454,8839
4,0,FlatVelA,3,1376,14555
4,0,FlatVelA,4,1486,4976
4,0,FlatVelA,5,1709,10725
4,0,FlatVelA,6,1711,25671
4,0,FlatVelA,7,1892,25217
4,0,FlatVelA,8,2068,6091
4,0,FlatVelA,9,2303,22066
4,0,FlatVelA,10,2450,12919
4,0,FlatVelA,11,2630,17327
4,0,FlatVelA,12,2757,788
4,0,FlatVelA,13,3947,25887
4,0,FlatVelA,14,4714,22751
4,0,FlatVelA,15,4758,5687
4,0,FlatVelA,16,5028,12358
4,0,FlatVelA,17,5046,24357
4,0,FlatVelA,18,5433,317
4,0,FlatVelA,19,5483,765
4,0,FlatVelA,20,5553,26375
4,0,FlatVelA,21,6073,1724
4,0,FlatVelA,22,6509,8865
4,0,FlatVelA,23,6602,26125
4,0,FlatVelA,24,6721,3508
4,0,FlatVelA,25,7100,11328
4,0,FlatVelA,26,7976,16364
4,0,FlatVelA,27,7979,29760
4,0,FlatVelA,28,8196,27
4,0,FlatVelA,29,8224,13319
4,0,FlatVelA,30,9005,11307
4,0,FlatVelA,31,9687,18274
4,0,FlatVelA,32,10030,10710
4,0,FlatVelA,33,10039,25480
4,0,FlatVelA,34,10067,5567
4,0,FlatVelA,35,10683,10704
4,0,FlatVelA,36,10871,13473
4,0,FlatVelA,37,10880,14432
4,0,FlatVelA,38,11158,6608
4,0,FlatVelA,39,11362,5887
4,0,FlatVelA,40,11721,16159
4,0,FlatVelA,41,11926,22512
4,0,FlatVelA,42,12344,15527
4,0,FlatVelA,43,12680,29107
4,0,FlatVelA,44,12924,2365
4,0,FlatVelA,45,13303,1553
4,0,FlatVelA,46,13497,8607
4,0,FlatVelA,47,13570,7696
4,0,FlatVelA,48,13641,3465
4,0,FlatVelA,49,13849,20611
4,0,FlatVelA,50,14150,27377
4,0,FlatVelA,51,14353,15876
4,0,FlatVelA,52,14520,15649
4,0,FlatVelA,53,15010,1320
4,0,FlatVelA,54,15315,792
4,0,FlatVelA,55,15410,22834
4,0,FlatVelA,56,15613,9515
4,0,FlatVelA,57,16096,15022
4,0,FlatVelA,58,16151,29767
4,0,FlatVelA,59,16157,25896
4,0,FlatVelA,60,16251,9923
4,0,FlatVelA,61,16259,27528
4,0,FlatVelA,62,16333,5221
4,0,FlatVelA,63,16822,5386
4,0,FlatVelA,64,17636,16386
4,0,FlatVelA,65,17770,26464
4,0,FlatVelA,66,17840,16977
4,0,FlatVelA,67,17903,201
4,0,FlatVelA,68,18342,2030
4,0,FlatVelA,69,19057,5269
4,0,FlatVelA,70,19189,868
4,0,FlatVelA,71,20084,17011
4,0,FlatVelA,72,20216,25603
4,0,FlatVelA,73,20322,2427
4,0,FlatVelA,74,20688,20484
4,0,FlatVelA,75,20809,5673
4,0,FlatVelA,76,21040,6921
4,0,FlatVelA,77,21208,29338
4,0,FlatVelA,78,21439,3386
4,0,FlatVelA,79,21804,71
4,0,FlatVelA,80,21887,4509
4,0,FlatVelA,81,22111,21793
4,0,FlatVelA,82,22232,4431
4,0,FlatVelA,83,22295,8576
4,0,FlatVelA,84,22697,20674
4,0,FlatVelA,85,22977,23383
4,0,FlatVelA,86,23378,9896
4,0,FlatVelA,87,23607,25475
4,0,FlatVelA,88,23794,5393
4,0,FlatVelA,89,23890,12742
4,0,FlatVelA,90,24148,22278
4,0,FlatVelA,91,24343,13462
4,0,FlatVelA,92,24416,12841
4,0,FlatVelA,93,24432,27524
4,0,FlatVelA,94,25174,28204
4,0,FlatVelA,95,25746,1631
4,0,FlatVelA,96,26143,27480
4,0,FlatVelA,97,26212,15134
4,0,FlatVelA,98,26535,12225
4,0,FlatVelA,99,26555,12464
4,0,FlatVelA,100,26770,27364
4,0,FlatVelA,101,27168,29425
4,0,FlatVelA,102,27327,8598
4,0,FlatVelA,103,27335,4902
4,0,FlatVelA,104,27445,3876
4,0,FlatVelA,105,27508,29532
4,0,FlatVelA,106,27844,8152
4,0,FlatVelA,107,27972,16409
4,0,FlatVelA,108,28151,4791
4,0,FlatVelA,109,28248,10959
4,0,FlatVelA,110,28522,6213
4,0,FlatVelA,111,29282,3003
4,0,FlatVelA,112,29628,11682
4,0,FlatVelA,113,29679,13200
4,0,FlatVelA,114,29771,19047
4,0,FlatVelA,115,30095,17491
4,0,FlatVelA,116,30657,15277
4,0,FlatVelA,117,30932,29318
4,0,FlatVelA,118,31060,302
4,0,FlatVelA,119,31099,16567
4,0,FlatVelA,120,31846,27971
4,0,FlatVelA,121,31938,14917
4,0,FlatVelA,122,31952,25889
4,0,FlatVelA,123,32129,13713
4,0,FlatVelA,124,32779,12561
4,0,FlatVelA,125,32973,14284
4,0,FlatVelA,126,33161,17825
4,0,FlatVelA,127,33432,12993
5,0,FlatVelA,0,126,9018
5,0,FlatVelA,1,210,8627
5,0,FlatVelA,2,514,1077
5,0,FlatVelA,3,806,11521
5,0,FlatVelA,4,933,15423
5,0,FlatVelA,5,1571,25236
5,0,FlatVelA,6,1902,25912
5,0,FlatVelA,7,2284,29521
5,0,FlatVelA,8,2712,16892
5,0,FlatVelA,9,2724,7479
5,0,FlatVelA,10,3271,16475
5,0,FlatVelA,11,3469,26923
5,0,FlatVelA,12,3793,607
5,0,FlatVelA,13,4049,16329
5,0,FlatVelA,14,4549,11598
5,0,FlatVelA,15,4565,6381
5,0,FlatVelA,16,6161,5918
5,0,FlatVelA,17,6166,22458
5,0,FlatVelA,18,6896,11815
5,0,FlatVelA,19,7478,3951
5,0,FlatVelA,20,7724,28057
5,0,FlatVelA,21,7776,7587
5,0,FlatVelA,22,7958,22508
5,0,FlatVelA,23,8044,12481
5,0,FlatVelA,24,8224,13319
5,0,FlatVelA,25,8332,22038
5,0,FlatVelA,26,8504,17467
5,0,FlatVelA,27,8995,22224
5,0,FlatVelA,28,9478,13668
5,0,FlatVelA,29,9687,18274
5,0,FlatVelA,30,9712,17518
5,0,FlatVelA,31,10006,28397
5,0,FlatVelA,32,10045,27096
5,0,FlatVelA,33,10050,18914
5,0,FlatVelA,34,10246,20165
5,0,FlatVelA,35,10904,2047
5,0,FlatVelA,36,11158,6608
5,0,FlatVelA,37,11276,24285
5,0,FlatVelA,38,11361,2112
5,0,FlatVelA,39,11372,26006
5,0,FlatVelA,40,11578,10660
5,0,FlatVelA,41,11588,10807
5,0,FlatVelA,42,12089,11033
5,0,FlatVelA,43,12201,2599
5,0,FlatVelA,44,12625,11078
5,0,FlatVelA,45,12893,11987
5,0,FlatVelA,46,12924,2365
5,0,FlatVelA,47,13334,12309
5,0,FlatVelA,48,13346,1943
5,0,FlatVelA,49,13772,9976
5,0,FlatVelA,50,13842,66
5,0,FlatVelA,51,14046,7580
5,0,FlatVelA,52,14401,17016
5,0,FlatVelA,53,14488,23104
5,0,FlatVelA,54,14770,1416
5,0,FlatVelA,55,14894,26893
5,0,FlatVelA,56,16235,8748
5,0,FlatVelA,57,16254,20189
5,0,FlatVelA,58,16333,5221
5,0,FlatVelA,59,16622,21926
5,0,FlatVelA,60,16701,7831
5,0,FlatVelA,61,16799,12138
5,0,FlatVelA,62,17033,10118
5,0,FlatVelA,63,17100,8288
5,0,FlatVelA,64,17445,24608
5,0,FlatVelA,65,17578,28400
5,0,FlatVelA,66,17770,26464
5,0,FlatVelA,67,18065,2503
5,0,FlatVelA,68,18542,1714
5,0,FlatVelA,69,18615,27350
5,0,FlatVelA,70,18901,28568
5,0,FlatVelA,71,19247,21420
5,0,FlatVelA,72,19266,13407
5,0,FlatVelA,73,19492,15211
5,0,FlatVelA,74,19562,2700
5,0,FlatVelA,75,20216,25603
5,0,FlatVelA,76,20274,11646
5,0,FlatVelA,77,20312,15479
5,0,FlatVelA,78,20476,4998
5,0,FlatVelA,79,21176,20446
5,0,FlatVelA,80,21286,2703
5,0,FlatVelA,81,21439,3386
5,0,FlatVelA,82,21485,6261
5,0,FlatVelA,83,21615,4289
5,0,FlatVelA,84,21996,29200
5,0,FlatVelA,85,22141,21935
5,0,FlatVelA,86,22469,5535
5,0,FlatVelA,87,22498,15859
5,0,FlatVelA,88,23028,14697
5,0,FlatVelA,89,23149,14507
5,0,FlatVelA,90,23678,14880
5,0,FlatVelA,91,23885,17578
5,0,FlatVelA,92,24145,24857
5,0,FlatVelA,93,24393,16503
5,0,FlatVelA,94,24519,25629
5,0,FlatVelA,95,24664,9554
5,0,FlatVelA,96,24823,18447
5,0,FlatVelA,97,25174,28204
5,0,FlatVelA,98,26360,21409
5,0,FlatVelA,99,27327,8598
5,0,FlatVelA,100,27365,13918
5,0,FlatVelA,101,27368,23100
5,0,FlatVelA,102,27437,13429
5,0,FlatVelA,103,27954,13949
5,0,FlatVelA,104,27981,6846
5,0,FlatVelA,105,28417,22680
5,0,FlatVelA,106,28452,8170
5,0,FlatVelA,107,28491,25745
5,0,FlatVelA,108,28657,5628
5,0,FlatVelA,109,28900,239
5,0,FlatVelA,110,28960,29755
5,0,FlatVelA,111,29225,7499
5,0,FlatVelA,112,29466,1343
5,0,FlatVelA,113,29576,21407
5,0,FlatVelA,114,29827,18538
5,0,FlatVelA,115,30249,11888
5,0,FlatVelA,116,30325,19122
5,0,FlatVelA,117,31640,5115
5,0,FlatVelA,118,31668,20085
5,0,FlatVelA,119,31698,26448
5,0,FlatVelA,120,31772,20338
5,0,FlatVelA,121,32465,6086
5,0,FlatVelA,122,32526,23580
5,0,FlatVelA,123,32599,24479
5,0,FlatVelA,124,32779,12561
5,0,FlatVelA,125,32889,103
5,0,FlatVelA,126,33290,25211
5,0,FlatVelA,127,33447,23826
6,0,FlatVelA,0,89,8178
6,0,FlatVelA,1,132,14081
6,0,FlatVelA,2,270,29868
6,0,FlatVelA,3,496,426
6,0,FlatVelA,4,521,2072
6,0,FlatVelA,5,525,29886
6,0,FlatVelA,6,934,20301
6,0,FlatVelA,7,996,26605
6,0,FlatVelA,8,1684,17557
6,0,FlatVelA,9,1693,2229
6,0,FlatVelA,10,1902,25912
6,0,FlatVelA,11,2556,9831
6,0,FlatVelA,12,2570,13625
6,0,FlatVelA,13,2860,14687
6,0,FlatVelA,14,2868,1768
6,0,FlatVelA,15,3070,7338
6,0,FlatVelA,16,3635,988
6,0,FlatVelA,17,3775,14085
6,0,FlatVelA,18,4158,5829
6,0,FlatVelA,19,4225,15729
6,0,FlatVelA,20,4302,12135
6,0,FlatVelA,21,4399,24023
6,0,FlatVelA,22,4543,21383
6,0,FlatVelA,23,4871,10801
6,0,FlatVelA,24,4898,10781
6,0,FlatVelA,25,4948,8698
6,0,FlatVelA,26,4995,3598
6,0,FlatVelA,27,5334,23208
6,0,FlatVelA,28,5344,9758
6,0,FlatVelA,29,5486,28212
6,0,FlatVelA,30,5551,12895
6,0,FlatVelA,31,5749,23934
6,0,FlatVelA,32,6088,25789
6,0,FlatVelA,33,6158,5945
6,0,FlatVelA,34,6485,25845
6,0,FlatVelA,35,7311,17855
6,0,FlatVelA,36,7646,14617
6,0,FlatVelA,37,7979,29760
6,0,FlatVelA,38,8000,11911
6,0,FlatVelA,39,8174,9918
6,0,FlatVelA,40,8327,5700
6,0,FlatVelA,41,8847,2206
6,0,FlatVelA,42,9022,5400
6,0,FlatVelA,43,9117,27366
6,0,FlatVelA,44,9364,26630
6,0,FlatVelA,45,9652,2327
6,0,FlatVelA,46,9909,23812
6,0,FlatVelA,47,9939,2001
6,0,FlatVelA,48,10338,26988
6,0,FlatVelA,49,10385,3925
6,0,FlatVelA,50,10469,3902
6,0,FlatVelA,51,11344,24750
6,0,FlatVelA,52,11440,3654
6,0,FlatVelA,53,11680,19291
6,0,FlatVelA,54,12595,8418
6,0,FlatVelA,55,12924,2365
6,0,FlatVelA,56,13385,18357
6,0,FlatVelA,57,13749,14593
6,0,FlatVelA,58,14489,11649
6,0,FlatVelA,59,14504,13456
6,0,FlatVelA,60,14822,1875
6,0,FlatVelA,61,14978,1866
6,0,FlatVelA,62,15669,21838
6,0,FlatVelA,63,16627,22285
6,0,FlatVelA,64,16864,9858
6,0,FlatVelA,65,17537,26320
6,0,FlatVelA,66,17609,20304
6,0,FlatVelA,67,17720,9900
6,0,FlatVelA,68,17903,201
6,0,FlatVelA,69,18065,2503
6,0,FlatVelA,70,18635,1415
6,0,FlatVelA,71,18847,22911
6,0,FlatVelA,72,18950,27543
6,0,FlatVelA,73,19145,6436
6,0,FlatVelA,74,19242,29662
6,0,FlatVelA,75,19243,11975
6,0,FlatVelA,76,19246,11020
6,0,FlatVelA,77,19458,7465
6,0,FlatVelA,78,19562,2700
6,0,FlatVelA,79,19566,20272
6,0,FlatVelA,80,19655,24222
6,0,FlatVelA,81,20135,19292
6,0,FlatVelA,82,20175,2307
6,0,FlatVelA,83,21140,3954
6,0,FlatVelA,84,21511,9298
6,0,FlatVelA,85,21628,26871
6,0,FlatVelA,86,21762,13425
6,0,FlatVelA,87,21996,29200
6,0,FlatVelA,88,22299,16358
6,0,FlatVelA,89,22459,22136
6,0,FlatVelA,90,22743,12995
6,0,FlatVelA,91,23378,9896
6,0,FlatVelA,92,23379,4046
6,0,FlatVelA,93,23607,25475
6,0,FlatVelA,94,23647,25827
6,0,FlatVelA,95,23756,23894
6,0,FlatVelA,96,24343,13462
6,0,FlatVelA,97,25380,19980
6,0,FlatVelA,98,25798,18718
6,0,FlatVelA,99,25856,7449
6,0,FlatVelA,100,26212,15134
6,0,FlatVelA,101,26378,6500
6,0,FlatVelA,102,26860,22238
6,0,FlatVelA,103,27049,6209
6,0,FlatVelA,104,27096,6067
6,0,FlatVelA,105,27234,12557
6,0,FlatVelA,106,27368,23100
6,0,FlatVelA,107,27520,10107
6,0,FlatVelA,108,27900,20066
6,0,FlatVelA,109,27972,16409
6,0,FlatVelA,110,28257,13810
6,0,FlatVelA,111,28491,25745
6,0,FlatVelA,112,29020,21685
6,0,FlatVelA,113,29115,11486
6,0,FlatVelA,114,29155,26750
6,0,FlatVelA,115,29157,7840
6,0,FlatVelA,116,29353,25681
6,0,FlatVelA,117,29363,20270
6,0,FlatVelA,118,29500,22813
6,0,FlatVelA,119,30436,112
6,0,FlatVelA,120,31009,28271
6,0,FlatVelA,121,31640,5115
6,0,FlatVelA,122,31772,20338
6,0,FlatVelA,123,32607,18119
6,0,FlatVelA,124,32657,20163
6,0,FlatVelA,125,32846,20078
6,0,FlatVelA,126,32973,14284
6,0,FlatVelA,127,33558,1533
7,0,FlatVelA,0,52,12139
7,0,FlatVelA,1,244,14135
7,0,FlatVelA,2,996,26605
7,0,FlatVelA,3,1230,14771
7,0,FlatVelA,4,1429,21078
7,0,FlatVelA,5,1447,17830
7,0,FlatVelA,6,1731,21558
7,0,FlatVelA,7,1956,19512
7,0,FlatVelA,8,2342,16136
7,0,FlatVelA,9,2483,6014
7,0,FlatVelA,10,2702,12809
7,0,FlatVelA,11,2887,18106
7,0,FlatVelA,12,3149,22094
7,0,FlatVelA,13,3199,21525
7,0,FlatVelA,14,3389,13749
7,0,FlatVelA,15,3485,14470
7,0,FlatVelA,16,3629,653
7,0,FlatVelA,17,3674,20607
7,0,FlatVelA,18,3775,14085
7,0,FlatVelA,19,4157,9452
7,0,FlatVelA,20,4248,1697
7,0,FlatVelA,21,4471,26790
7,0,FlatVelA,22,4565,6381
7,0,FlatVelA,23,5344,9758
7,0,FlatVelA,24,5483,765
7,0,FlatVelA,25,5486,28212
7,0,FlatVelA,26,5952,6049
7,0,FlatVelA,27,6046,16598
7,0,FlatVelA,28,6073,1724
7,0,FlatVelA,29,6248,130
7,0,FlatVelA,30,6403,21229
7,0,FlatVelA,31,6604,23962
7,0,FlatVelA,32,7140,12384
7,0,FlatVelA,33,7478,3951
7,0,FlatVelA,34,7825,29525
7,0,FlatVelA,35,7979,29760
7,0,FlatVelA,36,7986,26288
7,0,FlatVelA,37,8048,11315
7,0,FlatVelA,38,8234,4747
7,0,FlatVelA,39,8290,13661
7,0,FlatVelA,40,8332,22038
7,0,FlatVelA,41,8400,372
7,0,FlatVelA,42,8408,27075
7,0,FlatVelA,43,8411,4830
7,0,FlatVelA,44,8847,2206
7,0,FlatVelA,45,8942,18396
7,0,FlatVelA,46,9543,913
7,0,FlatVelA,47,9743,4099
7,0,FlatVelA,48,9760,21763
7,0,FlatVelA,49,9945,9593
7,0,FlatVelA,50,9970,23921
7,0,FlatVelA,51,10056,28047
7,0,FlatVelA,52,10989,13457
7,0,FlatVelA,53,11198,22799
7,0,FlatVelA,54,11362,5887
7,0,FlatVelA,55,11440,3654
7,0,FlatVelA,56,12256,25901
7,0,FlatVelA,57,12357,26467
7,0,FlatVelA,58,12833,12150
7,0,FlatVelA,59,13138,25387
7,0,FlatVelA,60,13303,1553
7,0,FlatVelA,61,13308,29022
7,0,FlatVelA,62,13421,8186
7,0,FlatVelA,63,13673,8500
7,0,FlatVelA,64,13756,10867
7,0,FlatVelA,65,14401,17016
7,0,FlatVelA,66,14751,25939
7,0,FlatVelA,67,14879,21868
7,0,FlatVelA,68,14898,16877
7,0,FlatVelA,69,15041,3326
7,0,FlatVelA,70,15121,505
7,0,FlatVelA,71,15276,3920
7,0,FlatVelA,72,15786,8990
7,0,FlatVelA,73,16546,10483
7,0,FlatVelA,74,16799,12138
7,0,FlatVelA,75,16923,6966
7,0,FlatVelA,76,17445,24608
7,0,FlatVelA,77,17482,16194
7,0,FlatVelA,78,17678,17936
7,0,FlatVelA,79,17762,21499
7,0,FlatVelA,80,18351,24943
7,0,FlatVelA,81,18899,20777
7,0,FlatVelA,82,18950,27543
7,0,FlatVelA,83,18981,14321
7,0,FlatVelA,84,19566,20272
7,0,FlatVelA,85,19599,24484
7,0,FlatVelA,86,19807,1504
7,0,FlatVelA,87,20078,19944
7,0,FlatVelA,88,20367,23470
7,0,FlatVelA,89,21182,16756
7,0,FlatVelA,90,21196,6370
7,0,FlatVelA,91,23340,5431
7,0,FlatVelA,92,23513,18941
7,0,FlatVelA,93,23646,11278
7,0,FlatVelA,94,23678,14880
7,0,FlatVelA,95,23697,12305
7,0,FlatVelA,96,23781,23986
7,0,FlatVelA,97,23816,10476
7,0,FlatVelA,98,24235,14651
7,0,FlatVelA,99,24467,7623
7,0,FlatVelA,100,24563,19560
7,0,FlatVelA,101,25119,8414
7,0,FlatVelA,102,26597,6509
7,0,FlatVelA,103,27349,23838
7,0,FlatVelA,104,27439,9351
7,0,FlatVelA,105,27746,26210
7,0,FlatVelA,106,27799,18867
7,0,FlatVelA,107,27910,26405
7,0,FlatVelA,108,27972,16409
7,0,FlatVelA,109,28122,26213
7,0,FlatVelA,110,28212,1660
7,0,FlatVelA,111,28218,8575
7,0,FlatVelA,112,28882,24463
7,0,FlatVelA,113,28997,17337
7,0,FlatVelA,114,29115,11486
7,0,FlatVelA,115,29384,8980
7,0,FlatVelA,116,29536,16247
7,0,FlatVelA,117,30434,6639
7,0,FlatVelA,118,30557,4583
7,0,FlatVelA,119,30686,26374
7,0,FlatVelA,120,30947,814
7,0,FlatVelA,121,31338,2048
7,0,FlatVelA,122,31640,5115
7,0,FlatVelA,123,31664,15284
7,0,FlatVelA,124,32978,3512
7,0,FlatVelA,125,33193,15836
7,0,FlatVelA,126,33290,25211
7,0,FlatVelA,127,33367,10333
8,0,FlatVelA,0,545,23610
8,0,FlatVelA,1,732,8362
8,0,FlatVelA,2,2068,6091
8,0,FlatVelA,3,2997,25821
8,0,FlatVelA,4,4220,24594
8,0,FlatVelA,5,4401,9764
8,0,FlatVelA,6,4406,3312
8,0,FlatVelA,7,4617,20083
8,0,FlatVelA,8,4881,17924
8,0,FlatVelA,9,5381,4090
8,0,FlatVelA,10,5543,2678
8,0,FlatVelA,11,5678,24427
8,0,FlatVelA,12,5951,29519
8,0,FlatVelA,13,6163,27415
8,0,FlatVelA,14,6602,26125
8,0,FlatVelA,15,6834,9040
8,0,FlatVelA,16,8196,27
8,0,FlatVelA,17,8327,5700
8,0,FlatVelA,18,8420,21744
8,0,FlatVelA,19,8504,17467
8,0,FlatVelA,20,8935,24905
8,0,FlatVelA,21,9022,5400
8,0,FlatVelA,22,9145,18465
8,0,FlatVelA,23,9161,18702
8,0,FlatVelA,24,9243,17912
8,0,FlatVelA,25,9659,13121
8,0,FlatVelA,26,9945,9593
8,0,FlatVelA,27,10139,5025
8,0,FlatVelA,28,10561,8777
8,0,FlatVelA,29,10641,9820
8,0,FlatVelA,30,10648,4759
8,0,FlatVelA,31,10679,13805
8,0,FlatVelA,32,10848,9382
8,0,FlatVelA,33,10991,26996
8,0,FlatVelA,34,11060,23668
8,0,FlatVelA,35,11247,25859
8,0,FlatVelA,36,11530,2919
8,0,FlatVelA,37,11689,13988
8,0,FlatVelA,38,12090,11434
8,0,FlatVelA,39,12712,28340
8,0,FlatVelA,40,12935,3531
8,0,FlatVelA,41,12965,13709
8,0,FlatVelA,42,13168,25392
8,0,FlatVelA,43,13241,12997
8,0,FlatVelA,44,13284,641
8,0,FlatVelA,45,13390,21785
8,0,FlatVelA,46,13429,688
8,0,FlatVelA,47,14063,8041
8,0,FlatVelA,48,14265,14932
8,0,FlatVelA,49,14430,4575
8,0,FlatVelA,50,14620,9852
8,0,FlatVelA,51,14709,6782
8,0,FlatVelA,52,14881,15607
8,0,FlatVelA,53,16245,9025
8,0,FlatVelA,54,16259,27528
8,0,FlatVelA,55,16710,21008
8,0,FlatVelA,56,16923,6966
8,0,FlatVelA,57,17549,5522
8,0,FlatVelA,58,17678,17936
8,0,FlatVelA,59,17720,9900
8,0,FlatVelA,60,17770,26464
8,0,FlatVelA,61,17818,24046
8,0,FlatVelA,62,17927,12219
8,0,FlatVelA,63,18685,7389
8,0,FlatVelA,64,18982,16824
8,0,FlatVelA,65,19775,18978
8,0,FlatVelA,66,19954,1467
8,0,FlatVelA,67,20133,9680
8,0,FlatVelA,68,20274,11646
8,0,FlatVelA,69,20476,4998
8,0,FlatVelA,70,20587,14545
8,0,FlatVelA,71,20661,23062
8,0,FlatVelA,72,21045,19265
8,0,FlatVelA,73,21176,20446
8,0,FlatVelA,74,21361,24387
8,0,FlatVelA,75,21660,7286
8,0,FlatVelA,76,21948,14024
8,0,FlatVelA,77,22203,1339
8,0,FlatVelA,78,22285,27455
8,0,FlatVelA,79,22585,29791
8,0,FlatVelA,80,22672,20415
8,0,FlatVelA,81,22909,25835
8,0,FlatVelA,82,23099,22663
8,0,FlatVelA,83,23160,25516
8,0,FlatVelA,84,23241,8905
8,0,FlatVelA,85,23353,16338
8,0,FlatVelA,86,23379,4046
8,0,FlatVelA,87,23387,14553
8,0,FlatVelA,88,23405,1858
8,0,FlatVelA,89,23489,24759
8,0,FlatVelA,90,23838,10668
8,0,FlatVelA,91,24019,12189
8,0,FlatVelA,92,24148,22278
8,0,FlatVelA,93,24563,19560
8,0,FlatVelA,94,24823,18447
8,0,FlatVelA,95,26146,11433
8,0,FlatVelA,96,26770,27364
8,0,FlatVelA,97,27061,15598
8,0,FlatVelA,98,27154,9296
8,0,FlatVelA,99,27910,26405
8,0,FlatVelA,100,28108,12078
8,0,FlatVelA,101,28140,29688
8,0,FlatVelA,102,28154,5044
8,0,FlatVelA,103,28249,17180
8,0,FlatVelA,104,28257,13810
8,0,FlatVelA,105,28372,10889
8,0,FlatVelA,106,28386,22836
8,0,FlatVelA,107,28493,20420
8,0,FlatVelA,108,28801,8139
8,0,FlatVelA,109,28882,24463
8,0,FlatVelA,110,29467,15062
8,0,FlatVelA,111,29567,14710
8,0,FlatVelA,112,29669,22998
8,0,FlatVelA,113,30073,26915
8,0,FlatVelA,114,30436,112
8,0,FlatVelA,115,30454,7502
8,0,FlatVelA,116,30891,17756
8,0,FlatVelA,117,30984,6003
8,0,FlatVelA,118,31210,12554
8,0,FlatVelA,119,31331,3305
8,0,FlatVelA,120,31338,2048
8,0,FlatVelA,121,31780,11466
8,0,FlatVelA,122,31804,18165
8,0,FlatVelA,123,31961,3308
8,0,FlatVelA,124,32619,20897
8,0,FlatVelA,125,32846,20078
8,0,FlatVelA,126,33150,29506
8,0,FlatVelA,127,33574,6401
9,0,FlatVelA,0,18,22682
9,0,FlatVelA,1,170,6155
9,0,FlatVelA,2,806,11521
9,0,FlatVelA,3,870,9907
9,0,FlatVelA,4,1101,23246
9,0,FlatVelA,5,1415,6302
9,0,FlatVelA,6,1447,17830
9,0,FlatVelA,7,1656,18328
9,0,FlatVelA,8,1684,17557
9,0,FlatVelA,9,1929,22464
9,0,FlatVelA,10,2060,28373
9,0,FlatVelA,11,2123,12585
9,0,FlatVelA,12,2754,21843
9,0,FlatVelA,13,2855,21259
9,0,FlatVelA,14,3015,16022
9,0,FlatVelA,15,3101,5649
9,0,FlatVelA,16,3215,20246
9,0,FlatVelA,17,3629,653
9,0,FlatVelA,18,4005,27044
9,0,FlatVelA,19,4578,20701
9,0,FlatVelA,20,4641,20573
9,0,FlatVelA,21,4871,10801
9,0,FlatVelA,22,5020,20623
9,0,FlatVelA,23,5426,3857
9,0,FlatVelA,24,5433,317
9,0,FlatVelA,25,5486,28212
9,0,FlatVelA,26,5797,7686
9,0,FlatVelA,27,5848,10531
9,0,FlatVelA,28,6046,16598
9,0,FlatVelA,29,6158,5945
9,0,FlatVelA,30,6509,8865
9,0,FlatVelA,31,6721,3508
9,0,FlatVelA,32,7122,8446
9,0,FlatVelA,33,7324,22748
9,0,FlatVelA,34,7362,15705
9,0,FlatVelA,35,7499,10338
9,0,FlatVelA,36,7606,22714
9,0,FlatVelA,37,8438,7015
9,0,FlatVelA,38,8449,23450
9,0,FlatVelA,39,8611,17846
9,0,FlatVelA,40,8775,13566
9,0,FlatVelA,41,8781,8234
9,0,FlatVelA,42,8838,10737
9,0,FlatVelA,43,9009,4497
9,0,FlatVelA,44,9624,19850
9,0,FlatVelA,45,9712,17518
9,0,FlatVelA,46,9877,24652
9,0,FlatVelA,47,10056,28047
9,0,FlatVelA,48,10438,10389
9,0,FlatVelA,49,10679,13805
9,0,FlatVelA,50,10904,2047
9,0,FlatVelA,51,11048,26321
9,0,FlatVelA,52,11097,14416
9,0,FlatVelA,53,12025,7260
9,0,FlatVelA,54,12457,17206
9,0,FlatVelA,55,12583,7034
9,0,FlatVelA,56,12850,5109
9,0,FlatVelA,57,12869,19383
9,0,FlatVelA,58,12966,1689
9,0,FlatVelA,59,13087,1175
9,0,FlatVelA,60,13372,23506
9,0,FlatVelA,61,13641,3465
9,0,FlatVelA,62,13859,25445
9,0,FlatVelA,63,13913,10452
9,0,FlatVelA,64,14520,15649
9,0,FlatVelA,65,14683,19104
9,0,FlatVelA,66,14926,8482
9,0,FlatVelA,67,14978,1866
9,0,FlatVelA,68,15400,23309
9,0,FlatVelA,69,15475,27122
9,0,FlatVelA,70,15531,25547
9,0,FlatVelA,71,16235,8748
9,0,FlatVelA,72,16289,20029
9,0,FlatVelA,73,16819,1210
9,0,FlatVelA,74,17052,5515
9,0,FlatVelA,75,17188,26438
9,0,FlatVelA,76,17431,17265
9,0,FlatVelA,77,17457,6494
9,0,FlatVelA,78,17637,15324
9,0,FlatVelA,79,17882,22590
9,0,FlatVelA,80,18094,11692
9,0,FlatVelA,81,18637,16351
9,0,FlatVelA,82,18873,734
9,0,FlatVelA,83,19821,23710
9,0,FlatVelA,84,20056,24258
9,0,FlatVelA,85,20066,14570
9,0,FlatVelA,86,20212,1656
9,0,FlatVelA,87,20367,23470
9,0,FlatVelA,88,20658,4771
9,0,FlatVelA,89,21140,3954
9,0,FlatVelA,90,21361,24387
9,0,FlatVelA,91,22517,19220
9,0,FlatVelA,92,22854,10597
9,0,FlatVelA,93,23378,9896
9,0,FlatVelA,94,23513,18941
9,0,FlatVelA,95,23613,22904
9,0,FlatVelA,96,23923,17068
9,0,FlatVelA,97,23962,25448
9,0,FlatVelA,98,24148,22278
9,0,FlatVelA,99,24393,16503
9,0,FlatVelA,100,24397,6195
9,0,FlatVelA,101,24983,14933
9,0,FlatVelA,102,25119,8414
9,0,FlatVelA,103,26547,20952
9,0,FlatVelA,104,26551,3328
9,0,FlatVelA,105,26571,1654
9,0,FlatVelA,106,27029,3043
9,0,FlatVelA,107,27171,16016
9,0,FlatVelA,108,27508,29532
9,0,FlatVelA,109,27616,10392
9,0,FlatVelA,110,27847,1245
9,0,FlatVelA,111,27981,6846
9,0,FlatVelA,112,28201,19902
9,0,FlatVelA,113,28595,15878
9,0,FlatVelA,114,28657,5628
9,0,FlatVelA,115,28923,22455
9,0,FlatVelA,116,30108,14165
9,0,FlatVelA,117,30956,6297
9,0,FlatVelA,118,31258,17677
9,0,FlatVelA,119,31281,20562
9,0,FlatVelA,120,31331,3305
9,0,FlatVelA,121,31486,19346
9,0,FlatVelA,122,31961,3308
9,0,FlatVelA,123,32336,6685
9,0,FlatVelA,124,32506,22902
9,0,FlatVelA,125,33193,15836
9,0,FlatVelA,126,33260,250
9,0,FlatVelA,127,33462,7458
10,1,FlatVelB,0,84,29673
10,1,FlatVelB,1,112,16811
10,1,FlatVelB,2,826,7672
10,1,FlatVelB,3,1006,5331
10,1,FlatVelB,4,1236,19764
10,1,FlatVelB,5,1683,28732
10,1,FlatVelB,6,1968,18928
10,1,FlatVelB,7,2282,645
10,1,FlatVelB,8,2583,17704
10,1,FlatVelB,9,2740,14720
10,1,FlatVelB,10,3108,6959
10,1,FlatVelB,11,3267,20743
10,1,FlatVelB,12,3476,11243
10,1,FlatVelB,13,3480,18640
10,1,FlatVelB,14,4943,12286
10,1,FlatVelB,15,5272,27738
10,1,FlatVelB,16,5298,25288
10,1,FlatVelB,17,5740,5243
10,1,FlatVelB,18,5971,2951
10,1,FlatVelB,19,6120,15533
10,1,FlatVelB,20,6516,18488
10,1,FlatVelB,21,6620,15262
10,1,FlatVelB,22,6696,8889
10,1,FlatVelB,23,6825,13370
10,1,FlatVelB,24,7632,4444
10,1,FlatVelB,25,7731,28637
10,1,FlatVelB,26,8108,10485
10,1,FlatVelB,27,8451,16832
10,1,FlatVelB,28,8769,2369
10,1,FlatVelB,29,9301,8917
10,1,FlatVelB,30,9843,22806
10,1,FlatVelB,31,10129,9641
10,1,FlatVelB,32,10235,23593
10,1,FlatVelB,33,10440,4052
10,1,FlatVelB,34,10821,7863
10,1,FlatVelB,35,10987,22182
10,1,FlatVelB,36,11096,26567
10,1,FlatVelB,37,11319,760
10,1,FlatVelB,38,11436,26510
10,1,FlatVelB,39,11872,9471
10,1,FlatVelB,40,12085,29574
10,1,FlatVelB,41,12187,6614
10,1,FlatVelB,42,12241,6043
10,1,FlatVelB,43,12333,6709
10,1,FlatVelB,44,12478,23506
10,1,FlatVelB,45,12537,18997
10,1,FlatVelB,46,12857,20119
10,1,FlatVelB,47,12990,19366
10,1,FlatVelB,48,13659,6391
10,1,FlatVelB,49,13831,14856
10,1,FlatVelB,50,14390,20034
10,1,FlatVelB,51,14391,5224
10,1,FlatVelB,52,14679,14009
10,1,FlatVelB,53,14805,2243
10,1,FlatVelB,54,15221,12566
10,1,FlatVelB,55,16168,21342
10,1,FlatVelB,56,16318,10987
10,1,FlatVelB,57,16462,4506
10,1,FlatVelB,58,16977,24324
10,1,FlatVelB,59,17013,18463
10,1,FlatVelB,60,17093,12723
10,1,FlatVelB,61,17493,10351
10,1,FlatVelB,62,17610,26715
10,1,FlatVelB,63,17971,11930
10,1,FlatVelB,64,17981,329
10,1,FlatVelB,65,18055,18791
10,1,FlatVelB,66,18183,3231
10,1,FlatVelB,67,18480,3763
10,1,FlatVelB,68,18522,26425
10,1,FlatVelB,69,18536,23769
10,1,FlatVelB,70,18800,24894
10,1,FlatVelB,71,19250,5417
10,1,FlatVelB,72,19627,1611
10,1,FlatVelB,73,19891,27289
10,1,FlatVelB,74,19896,26543
10,1,FlatVelB,75,20325,25368
10,1,FlatVelB,76,20906,28483
10,1,FlatVelB,77,20937,24865
10,1,FlatVelB,78,21155,22358
10,1,FlatVelB,79,21513,12795
10,1,FlatVelB,80,21968,4539
10,1,FlatVelB,81,23020,13404
10,1,FlatVelB,82,23068,10293
10,1,FlatVelB,83,24456,23979
10,1,FlatVelB,84,24481,29080
10,1,FlatVelB,85,24574,11406
10,1,FlatVelB,86,24676,17181
10,1,FlatVelB,87,25274,15138
10,1,FlatVelB,88,25278,4144
10,1,FlatVelB,89,25478,28179
10,1,FlatVelB,90,25562,28674
10,1,FlatVelB,91,25810,8776
10,1,FlatVelB,92,26031,27345
10,1,FlatVelB,93,26672,17757
10,1,FlatVelB,94,27014,12414
10,1,FlatVelB,95,27624,13369
10,1,FlatVelB,96,27747,26025
10,1,FlatVelB,97,27969,22108
10,1,FlatVelB,98,28116,13877
10,1,FlatVelB,99,28282,17756
10,1,FlatVelB,100,28536,304
10,1,FlatVelB,101,28654,24278
10,1,FlatVelB,102,29199,22500
10,1,FlatVelB,103,29221,6677
10,1,FlatVelB,104,29513,10890
10,1,FlatVelB,105,29653,22205
10,1,FlatVelB,106,29847,28951
10,1,FlatVelB,107,30131,342
10,1,FlatVelB,108,30382,11566
10,1,FlatVelB,109,30416,15755
10,1,FlatVelB,110,30525,28515
10,1,FlatVelB,111,30924,23236
10,1,FlatVelB,112,31042,27632
10,1,FlatVelB,113,31105,16066
10,1,FlatVelB,114,31174,738
10,1,FlatVelB,115,31241,923
10,1,FlatVelB,116,31294,29752
10,1,FlatVelB,117,31416,9222
10,1,FlatVelB,118,31471,11682
10,1,FlatVelB,119,31652,11552
10,1,FlatVelB,120,32104,14316
10,1,FlatVelB,121,32191,26776
10,1,FlatVelB,122,32235,15742
10,1,FlatVelB,123,32237,24161
10,1,FlatVelB,124,32355,9808
10,1,FlatVelB,125,32757,16760
10,1,FlatVelB,126,33183,5746
10,1,FlatVelB,127,33259,22802
11,1,FlatVelB,0,1104,4398
11,1,FlatVelB,1,1302,20692
11,1,FlatVelB,2,1598,5060
11,1,FlatVelB,3,2099,19646
11,1,FlatVelB,4,2534,18816
11,1,FlatVelB,5,2884,19523
11,1,FlatVelB,6,2948,11132
11,1,FlatVelB,7,3067,16340
11,1,FlatVelB,8,3083,23386
11,1,FlatVelB,9,3697,5626
11,1,FlatVelB,10,3738,13121
11,1,FlatVelB,11,3990,793
11,1,FlatVelB,12,3994,16989
11,1,FlatVelB,13,4037,12537
11,1,FlatVelB,14,4098,346
11,1,FlatVelB,15,4756,3543
11,1,FlatVelB,16,4785,20008
11,1,FlatVelB,17,4971,26417
11,1,FlatVelB,18,5061,15055
11,1,FlatVelB,19,5379,10923
11,1,FlatVelB,20,5692,16389
11,1,FlatVelB,21,5863,21326
11,1,FlatVelB,22,5966,26435
11,1,FlatVelB,23,6049,17772
11,1,FlatVelB,24,6120,15533
11,1,FlatVelB,25,6138,19013
11,1,FlatVelB,26,6147,28777
11,1,FlatVelB,27,6191,21507
11,1,FlatVelB,28,6480,2565
11,1,FlatVelB,29,6516,18488
11,1,FlatVelB,30,6651,3408
11,1,FlatVelB,31,6789,10784
11,1,FlatVelB,32,7046,12455
11,1,FlatVelB,33,7394,19438
11,1,FlatVelB,34,8302,3272
11,1,FlatVelB,35,8812,28921
11,1,FlatVelB,36,8869,22833
11,1,FlatVelB,37,8941,20861
11,1,FlatVelB,38,9167,19833
11,1,FlatVelB,39,9544,9483
11,1,FlatVelB,40,9836,25614
11,1,FlatVelB,41,10172,15313
11,1,FlatVelB,42,10585,3513
11,1,FlatVelB,43,10725,4659
11,1,FlatVelB,44,11558,2376
11,1,FlatVelB,45,11589,22999
11,1,FlatVelB,46,11714,8684
11,1,FlatVelB,47,11750,1284
11,1,FlatVelB,48,11982,20637
11,1,FlatVelB,49,12439,4742
11,1,FlatVelB,50,12442,26461
11,1,FlatVelB,51,12483,24568
11,1,FlatVelB,52,12553,11299
11,1,FlatVelB,53,12643,26646
11,1,FlatVelB,54,13442,20518
11,1,FlatVelB,55,13924,13826
11,1,FlatVelB,56,14010,6832
11,1,FlatVelB,57,14391,5224
11,1,FlatVelB,58,14483,2768
11,1,FlatVelB,59,14613,4254
11,1,FlatVelB,60,15389,6022
11,1,FlatVelB,61,15541,27866
11,1,FlatVelB,62,16253,24529
11,1,FlatVelB,63,16718,20180
11,1,FlatVelB,64,16771,28452
11,1,FlatVelB,65,17027,26525
11,1,FlatVelB,66,17211,25190
11,1,FlatVelB,67,17263,8588
11,1,FlatVelB,68,17435,13151
11,1,FlatVelB,69,17801,27622
11,1,FlatVelB,70,18101,4644
11,1,FlatVelB,71,18164,26112
11,1,FlatVelB,72,18480,3763
11,1,FlatVelB,73,19501,21667
11,1,FlatVelB,74,19625,9113
11,1,FlatVelB,75,19730,17591
11,1,FlatVelB,76,20115,29474
11,1,FlatVelB,77,20221,5026
11,1,FlatVelB,78,20308,1210
11,1,FlatVelB,79,20333,3396
11,1,FlatVelB,80,21155,22358
11,1,FlatVelB,81,21268,9186
11,1,FlatVelB,82,21417,15863
11,1,FlatVelB,83,21499,24213
11,1,FlatVelB,84,21572,482
11,1,FlatVelB,85,22188,25005
11,1,FlatVelB,86,22210,13803
11,1,FlatVelB,87,22310,22532
11,1,FlatVelB,88,23104,629
11,1,FlatVelB,89,23146,11799
11,1,FlatVelB,90,24574,11406
11,1,FlatVelB,91,24954,19441
11,1,FlatVelB,92,25233,28745
11,1,FlatVelB,93,25446,3046
11,1,FlatVelB,94,25687,29556
11,1,FlatVelB,95,26309,20641
11,1,FlatVelB,96,26669,27171
11,1,FlatVelB,97,26672,17757
11,1,FlatVelB,98,26880,29841
11,1,FlatVelB,99,27014,12414
11,1,FlatVelB,100,27333,21995
11,1,FlatVelB,101,27691,5276
11,1,FlatVelB,102,27843,19999
11,1,FlatVelB,103,28051,25233
11,1,FlatVelB,104,28337,23345
11,1,FlatVelB,105,28555,5289
11,1,FlatVelB,106,28608,23482
11,1,FlatVelB,107,28686,16179
11,1,FlatVelB,108,28990,24826
11,1,FlatVelB,109,29583,4217
11,1,FlatVelB,110,30200,20143
11,1,FlatVelB,111,30341,12409
11,1,FlatVelB,112,30473,20157
11,1,FlatVelB,113,30854,17429
11,1,FlatVelB,114,30862,17852
11,1,FlatVelB,115,30865,4518
11,1,FlatVelB,116,31100,1414
11,1,FlatVelB,117,31251,14453
11,1,FlatVelB,118,31412,28129
11,1,FlatVelB,119,31573,26118
11,1,FlatVelB,120,31614,7700
11,1,FlatVelB,121,31858,18212
11,1,FlatVelB,122,31923,5153
11,1,FlatVelB,123,32049,28746
11,1,FlatVelB,124,32235,15742
11,1,FlatVelB,125,32395,10746
11,1,FlatVelB,126,32698,10878
11,1,FlatVelB,127,33243,11953
12,1,FlatVelB,0,416,21518
12,1,FlatVelB,1,439,18903
12,1,FlatVelB,2,716,16998
12,1,FlatVelB,3,1924,23022
12,1,FlatVelB,4,1968,18928
12,1,FlatVelB,5,2227,15200
12,1,FlatVelB,6,2282,645
12,1,FlatVelB,7,2685,26226
12,1,FlatVelB,8,3501,4327
12,1,FlatVelB,9,3605,15265
12,1,FlatVelB,10,3900,8175
12,1,FlatVelB,11,3984,11397
12,1,FlatVelB,12,4093,9513
12,1,FlatVelB,13,4121,22437
12,1,FlatVelB,14,4613,27442
12,1,FlatVelB,15,5240,2449
12,1,FlatVelB,16,5530,18475
12,1,FlatVelB,17,5575,23086
12,1,FlatVelB,18,5593,25636
12,1,FlatVelB,19,5691,17432
12,1,FlatVelB,20,5740,5243
12,1,FlatVelB,21,6238,10814
12,1,FlatVelB,22,6256,28863
12,1,FlatVelB,23,6360,2793
12,1,FlatVelB,24,6835,13631
12,1,FlatVelB,25,6982,16376
12,1,FlatVelB,26,6998,13601
12,1,FlatVelB,27,7034,12108
12,1,FlatVelB,28,7243,26291
12,1,FlatVelB,29,7268,20928
12,1,FlatVelB,30,7347,10636
12,1,FlatVelB,31,7394,19438
12,1,FlatVelB,32,7591,15187
12,1,FlatVelB,33,8561,6638
12,1,FlatVelB,34,8628,13910
12,1,FlatVelB,35,8704,11505
12,1,FlatVelB,36,9713,29790
12,1,FlatVelB,37,9773,15223
12,1,FlatVelB,38,9871,21224
12,1,FlatVelB,39,10086,14661
12,1,FlatVelB,40,10357,15336
12,1,FlatVelB,41,10766,19513
12,1,FlatVelB,42,10970,4165
12,1,FlatVelB,43,11528,24111
12,1,FlatVelB,44,11558,2376
12,1,FlatVelB,45,11783,26395
12,1,FlatVelB,46,11840,10112
12,1,FlatVelB,47,11866,12582
12,1,FlatVelB,48,11936,15246
12,1,FlatVelB,49,12128,20720
12,1,FlatVelB,50,12532,1175
12,1,FlatVelB,51,13279,17270
12,1,FlatVelB,52,13290,14149
12,1,FlatVelB,53,13350,29378
12,1,FlatVelB,54,13438,21759
12,1,FlatVelB,55,13845,1618
12,1,FlatVelB,56,14072,29418
12,1,FlatVelB,57,14255,8471
12,1,FlatVelB,58,14340,16969
12,1,FlatVelB,59,14679,14009
12,1,FlatVelB,60,14864,13918
12,1,FlatVelB,61,14917,19024
12,1,FlatVelB,62,15105,13529
12,1,FlatVelB,63,15215,17710
12,1,FlatVelB,64,15217,19399
12,1,FlatVelB,65,15479,15576
12,1,FlatVelB,66,16133,3233
12,1,FlatVelB,67,16156,23609
12,1,FlatVelB,68,16208,350
12,1,FlatVelB,69,16379,7176
12,1,FlatVelB,70,17215,11383
12,1,FlatVelB,71,17225,25383
12,1,FlatVelB,72,17920,21299
12,1,FlatVelB,73,18184,7607
12,1,FlatVelB,74,18279,7532
12,1,FlatVelB,75,18402,22843
12,1,FlatVelB,76,18844,22114
12,1,FlatVelB,77,19701,4383
12,1,FlatVelB,78,19880,24703
12,1,FlatVelB,79,19945,20364
12,1,FlatVelB,80,20040,6409
12,1,FlatVelB,81,20131,26872
12,1,FlatVelB,82,20537,2724
12,1,FlatVelB,83,20566,16727
12,1,FlatVelB,84,20771,23894
12,1,FlatVelB,85,20878,24363
12,1,FlatVelB,86,21772,4059
12,1,FlatVelB,87,21994,26762
12,1,FlatVelB,88,22010,23821
12,1,FlatVelB,89,22281,28423
12,1,FlatVelB,90,22712,13685
12,1,FlatVelB,91,22906,12265
12,1,FlatVelB,92,23166,10882
12,1,FlatVelB,93,23682,11161
12,1,FlatVelB,94,24040,185
12,1,FlatVelB,95,24671,26492
12,1,FlatVelB,96,24766,2223
12,1,FlatVelB,97,24769,8767
12,1,FlatVelB,98,24770,27336
12,1,FlatVelB,99,24864,24473
12,1,FlatVelB,100,25071,7442
12,1,FlatVelB,101,25446,3046
12,1,FlatVelB,102,25601,13422
12,1,FlatVelB,103,25903,23300
12,1,FlatVelB,104,25999,2963
12,1,FlatVelB,105,26197,24685
12,1,FlatVelB,106,26225,16496
12,1,FlatVelB,107,26309,20641
12,1,FlatVelB,108,27359,4564
12,1,FlatVelB,109,27516,8055
12,1,FlatVelB,110,27665,20933
12,1,FlatVelB,111,27843,19999
12,1,FlatVelB,112,28051,25233
12,1,FlatVelB,113,28241,12400
12,1,FlatVelB,114,29014,4103
12,1,FlatVelB,115,29143,27638
12,1,FlatVelB,116,29203,717
12,1,FlatVelB,117,29266,12038
12,1,FlatVelB,118,29555,4336
12,1,FlatVelB,119,29675,1317
12,1,FlatVelB,120,30341,12409
12,1,FlatVelB,121,31437,5420
12,1,FlatVelB,122,31836,25737
12,1,FlatVelB,123,32430,11805
12,1,FlatVelB,124,32562,64
12,1,FlatVelB,125,32828,11028
12,1,FlatVelB,126,33097,20243
12,1,FlatVelB,127,33259,22802
13,1,FlatVelB,0,174,17075
13,1,FlatVelB,1,748,976
13,1,FlatVelB,2,1081,11660
13,1,FlatVelB,3,1497,16016
13,1,FlatVelB,4,1598,5060
13,1,FlatVelB,5,1829,18946
13,1,FlatVelB,6,2333,20923
13,1,FlatVelB,7,2371,19537
13,1,FlatVelB,8,2727,10998
13,1,FlatVelB,9,3137,13149
13,1,FlatVelB,10,3204,8575
13,1,FlatVelB,11,3234,1834
13,1,FlatVelB,12,3480,18640
13,1,FlatVelB,13,3827,1557
13,1,FlatVelB,14,3898,1496
13,1,FlatVelB,15,4013,23775
13,1,FlatVelB,16,5050,5705
13,1,FlatVelB,17,5061,15055
13,1,FlatVelB,18,5064,26008
13,1,FlatVelB,19,5142,2741
13,1,FlatVelB,20,5928,8274
13,1,FlatVelB,21,6041,1148
13,1,FlatVelB,22,6516,18488
13,1,FlatVelB,23,6651,3408
13,1,FlatVelB,24,6916,22643
13,1,FlatVelB,25,6940,21255
13,1,FlatVelB,26,7394,19438
13,1,FlatVelB,27,7591,15187
13,1,FlatVelB,28,7644,12515
13,1,FlatVelB,29,7764,20054
13,1,FlatVelB,30,7790,28
13,1,FlatVelB,31,8039,12634
13,1,FlatVelB,32,8061,21315
13,1,FlatVelB,33,9285,20634
13,1,FlatVelB,34,9380,12960
13,1,FlatVelB,35,9405,17466
13,1,FlatVelB,36,9773,15223
13,1,FlatVelB,37,9836,25614
13,1,FlatVelB,38,10019,18586
13,1,FlatVelB,39,10023,27060
13,1,FlatVelB,40,10987,22182
13,1,FlatVelB,41,11300,8648
13,1,FlatVelB,42,11625,23113
13,1,FlatVelB,43,11783,26395
13,1,FlatVelB,44,12473,4969
13,1,FlatVelB,45,12632,2168
13,1,FlatVelB,46,12731,14376
13,1,FlatVelB,47,12911,23466
13,1,FlatVelB,48,12972,394
13,1,FlatVelB,49,13579,29013
13,1,FlatVelB,50,13656,26438
13,1,FlatVelB,51,13672,14083
13,1,FlatVelB,52,14131,2154
13,1,FlatVelB,53,14764,10287
13,1,FlatVelB,54,15074,22125
13,1,FlatVelB,55,15497,19823
13,1,FlatVelB,56,15937,325
13,1,FlatVelB,57,16276,6256
13,1,FlatVelB,58,16361,29969
13,1,FlatVelB,59,16374,24978
13,1,FlatVelB,60,16676,8601
13,1,FlatVelB,61,16894,23298
13,1,FlatVelB,62,16991,28433
13,1,FlatVelB,63,16998,2536
13,1,FlatVelB,64,17073,7092
13,1,FlatVelB,65,17142,9027
13,1,FlatVelB,66,18810,14489
13,1,FlatVelB,67,19137,9875
13,1,FlatVelB,68,19355,9273
13,1,FlatVelB,69,19516,17308
13,1,FlatVelB,70,19559,17219
13,1,FlatVelB,71,19674,17022
13,1,FlatVelB,72,19706,6596
13,1,FlatVelB,73,19829,9955
13,1,FlatVelB,74,19927,5852
13,1,FlatVelB,75,19969,19416
13,1,FlatVelB,76,20040,6409
13,1,FlatVelB,77,20771,23894
13,1,FlatVelB,78,21499,24213
13,1,FlatVelB,79,21572,482
13,1,FlatVelB,80,21695,13844
13,1,FlatVelB,81,21809,3821
13,1,FlatVelB,82,23125,23529
13,1,FlatVelB,83,23572,26110
13,1,FlatVelB,84,23930,19713
13,1,FlatVelB,85,23936,27019
13,1,FlatVelB,86,24207,9679
13,1,FlatVelB,87,24326,26360
13,1,FlatVelB,88,24769,8767
13,1,FlatVelB,89,24847,14893
13,1,FlatVelB,90,25029,9684
13,1,FlatVelB,91,25277,24871
13,1,FlatVelB,92,25642,4384
13,1,FlatVelB,93,25684,23414
13,1,FlatVelB,94,25999,2963
13,1,FlatVelB,95,26066,14337
13,1,FlatVelB,96,26095,11547
13,1,FlatVelB,97,26096,9485
13,1,FlatVelB,98,26185,5729
13,1,FlatVelB,99,26716,1435
13,1,FlatVelB,100,26915,26022
13,1,FlatVelB,101,27237,12441
13,1,FlatVelB,102,27333,21995
13,1,FlatVelB,103,27601,432
13,1,FlatVelB,104,27781,16424
13,1,FlatVelB,105,27829,12978
13,1,FlatVelB,106,27953,20133
13,1,FlatVelB,107,28308,29567
13,1,FlatVelB,108,29158,3803
13,1,FlatVelB,109,29253,6122
13,1,FlatVelB,110,29511,16226
13,1,FlatVelB,111,29848,771
13,1,FlatVelB,112,30416,15755
13,1,FlatVelB,113,30473,20157
13,1,FlatVelB,114,31467,10654
13,1,FlatVelB,115,31501,28301
13,1,FlatVelB,116,31538,26740
13,1,FlatVelB,117,31637,6758
13,1,FlatVelB,118,31787,3279
13,1,FlatVelB,119,31836,25737
13,1,FlatVelB,120,32083,25066
13,1,FlatVelB,121,32151,2078
13,1,FlatVelB,122,32389,23099
13,1,FlatVelB,123,32562,64
13,1,FlatVelB,124,32589,18273
13,1,FlatVelB,125,32644,27695
13,1,FlatVelB,126,32827,19909
13,1,FlatVelB,127,33184,10471
14,1,FlatVelB,0,14,21923
14,1,FlatVelB,1,1052,25007
14,1,FlatVelB,2,1155,7034
14,1,FlatVelB,3,1605,16961
14,1,FlatVelB,4,2374,13494
14,1,FlatVelB,5,2413,23700
14,1,FlatVelB,6,2497,25629
14,1,FlatVelB,7,2729,19723
14,1,FlatVelB,8,2851,26501
14,1,FlatVelB,9,3183,6881
14,1,FlatVelB,10,3576,11689
14,1,FlatVelB,11,3583,12928
14,1,FlatVelB,12,3900,8175
14,1,FlatVelB,13,4251,29592
14,1,FlatVelB,14,4638,26553
14,1,FlatVelB,15,4943,12286
14,1,FlatVelB,16,5063,17456
14,1,FlatVelB,17,5495,26380
14,1,FlatVelB,18,5831,18276
14,1,FlatVelB,19,6256,28863
14,1,FlatVelB,20,6360,2793
14,1,FlatVelB,21,6642,29350
14,1,FlatVelB,22,6827,26966
14,1,FlatVelB,23,6835,13631
14,1,FlatVelB,24,7347,10636
14,1,FlatVelB,25,7658,28733
14,1,FlatVelB,26,8903,9458
14,1,FlatVelB,27,9213,15538
14,1,FlatVelB,28,9376,18334
14,1,FlatVelB,29,9773,15223
14,1,FlatVelB,30,10270,19214
14,1,FlatVelB,31,10367,6520
14,1,FlatVelB,32,10440,4052
14,1,FlatVelB,33,10576,20538
14,1,FlatVelB,34,10725,4659
14,1,FlatVelB,35,10797,11714
14,1,FlatVelB,36,10984,2458
14,1,FlatVelB,37,12182,895
14,1,FlatVelB,38,13160,11661
14,1,FlatVelB,39,13226,22434
14,1,FlatVelB,40,13350,29378
14,1,FlatVelB,41,13402,14154
14,1,FlatVelB,42,13697,27137
14,1,FlatVelB,43,13924,13826
14,1,FlatVelB,44,13960,13888
14,1,FlatVelB,45,14245,24268
14,1,FlatVelB,46,14255,8471
14,1,FlatVelB,47,14307,390
14,1,FlatVelB,48,14382,9346
14,1,FlatVelB,49,14389,15407
14,1,FlatVelB,50,14748,10295
14,1,FlatVelB,51,14960,21756
14,1,FlatVelB,52,15256,9719
14,1,FlatVelB,53,15290,22184
14,1,FlatVelB,54,15790,14949
14,1,FlatVelB,55,16066,27670
14,1,FlatVelB,56,16244,12232
14,1,FlatVelB,57,16255,21572
14,1,FlatVelB,58,16843,17442
14,1,FlatVelB,59,16853,20068
14,1,FlatVelB,60,17129,12015
14,1,FlatVelB,61,17383,20622
14,1,FlatVelB,62,17460,17633
14,1,FlatVelB,63,17612,25312
14,1,FlatVelB,64,17777,11569
14,1,FlatVelB,65,17934,15805
14,1,FlatVelB,66,18078,27409
14,1,FlatVelB,67,18834,3600
14,1,FlatVelB,68,19283,10922
14,1,FlatVelB,69,19373,15415
14,1,FlatVelB,70,19404,9527
14,1,FlatVelB,71,19476,15105
14,1,FlatVelB,72,19607,24879
14,1,FlatVelB,73,19667,26530
14,1,FlatVelB,74,19730,17591
14,1,FlatVelB,75,19904,22849
14,1,FlatVelB,76,20120,601
14,1,FlatVelB,77,20377,13820
14,1,FlatVelB,78,20639,17839
14,1,FlatVelB,79,20740,26564
14,1,FlatVelB,80,21159,26418
14,1,FlatVelB,81,21218,16124
14,1,FlatVelB,82,21451,13330
14,1,FlatVelB,83,21455,10508
14,1,FlatVelB,84,21517,6106
14,1,FlatVelB,85,21624,25763
14,1,FlatVelB,86,21683,27110
14,1,FlatVelB,87,21685,12551
14,1,FlatVelB,88,21934,13863
14,1,FlatVelB,89,23293,8967
14,1,FlatVelB,90,23296,27030
14,1,FlatVelB,91,23820,14157
14,1,FlatVelB,92,23994,17627
14,1,FlatVelB,93,24116,4529
14,1,FlatVelB,94,24207,9679
14,1,FlatVelB,95,24291,29739
14,1,FlatVelB,96,24389,22715
14,1,FlatVelB,97,24702,5059
14,1,FlatVelB,98,24894,4906
14,1,FlatVelB,99,25270,27417
14,1,FlatVelB,100,25514,6837
14,1,FlatVelB,101,26793,10728
14,1,FlatVelB,102,27131,4435
14,1,FlatVelB,103,27153,22893
14,1,FlatVelB,104,27367,29972
14,1,FlatVelB,105,27614,21251
14,1,FlatVelB,106,28003,20520
14,1,FlatVelB,107,28024,23340
14,1,FlatVelB,108,29158,3803
14,1,FlatVelB,109,29783,27404
14,1,FlatVelB,110,30472,4425
14,1,FlatVelB,111,30613,13722
14,1,FlatVelB,112,30624,25632
14,1,FlatVelB,113,30670,26005
14,1,FlatVelB,114,31471,11682
14,1,FlatVelB,115,31536,10500
14,1,FlatVelB,116,31538,26740
14,1,FlatVelB,117,31581,11988
14,1,FlatVelB,118,31825,22289
14,1,FlatVelB,119,32033,4807
14,1,FlatVelB,120,32237,24161
14,1,FlatVelB,121,32287,11208
14,1,FlatVelB,122,32483,19357
14,1,FlatVelB,123,32498,15720
14,1,FlatVelB,124,32743,11262
14,1,FlatVelB,125,32971,9209
14,1,FlatVelB,126,33097,20243
14,1,FlatVelB,127,33259,22802
15,1,FlatVelB,0,384,9823
15,1,FlatVelB,1,583,19993
15,1,FlatVelB,2,587,27910
15,1,FlatVelB,3,723,24129
15,1,FlatVelB,4,1371,23294
15,1,FlatVelB,5,1448,17616
15,1,FlatVelB,6,2018,28243
15,1,FlatVelB,7,2183,22410
15,1,FlatVelB,8,2508,9910
15,1,FlatVelB,9,2624,6395
15,1,FlatVelB,10,2729,19723
15,1,FlatVelB,11,3291,3070
15,1,FlatVelB,12,3408,21627
15,1,FlatVelB,13,4257,27880
15,1,FlatVelB,14,4337,15998
15,1,FlatVelB,15,4394,25178
15,1,FlatVelB,16,4628,16282
15,1,FlatVelB,17,5017,6567
15,1,FlatVelB,18,5193,21999
15,1,FlatVelB,19,5660,4679
15,1,FlatVelB,20,5664,10360
15,1,FlatVelB,21,5719,14690
15,1,FlatVelB,22,5966,26435
15,1,FlatVelB,23,6069,8654
15,1,FlatVelB,24,6138,19013
15,1,FlatVelB,25,6194,16817
15,1,FlatVelB,26,6208,28934
15,1,FlatVelB,27,6360,2793
15,1,FlatVelB,28,6808,11601
15,1,FlatVelB,29,6827,26966
15,1,FlatVelB,30,6900,4104
15,1,FlatVelB,31,6968,4371
15,1,FlatVelB,32,7268,20928
15,1,FlatVelB,33,7674,10164
15,1,FlatVelB,34,9474,27269
15,1,FlatVelB,35,9888,7937
15,1,FlatVelB,36,10357,15336
15,1,FlatVelB,37,10364,6716
15,1,FlatVelB,38,10553,7775
15,1,FlatVelB,39,11335,21643
15,1,FlatVelB,40,11529,28447
15,1,FlatVelB,41,11538,21960
15,1,FlatVelB,42,12286,8147
15,1,FlatVelB,43,12627,6281
15,1,FlatVelB,44,13402,14154
15,1,FlatVelB,45,13693,3417
15,1,FlatVelB,46,13985,8793
15,1,FlatVelB,47,14131,2154
15,1,FlatVelB,48,14646,17199
15,1,FlatVelB,49,15064,8732
15,1,FlatVelB,50,15217,19399
15,1,FlatVelB,51,15290,22184
15,1,FlatVelB,52,15671,21805
15,1,FlatVelB,53,15863,21827
15,1,FlatVelB,54,16504,5734
15,1,FlatVelB,55,16633,28295
15,1,FlatVelB,56,16757,11240
15,1,FlatVelB,57,16878,16060
15,1,FlatVelB,58,16885,23458
15,1,FlatVelB,59,17197,21623
15,1,FlatVelB,60,17198,15571
15,1,FlatVelB,61,17211,25190
15,1,FlatVelB,62,17243,4753
15,1,FlatVelB,63,17502,3091
15,1,FlatVelB,64,17900,16092
15,1,FlatVelB,65,17920,21299
15,1,FlatVelB,66,18183,3231
15,1,FlatVelB,67,18402,22843
15,1,FlatVelB,68,18796,12369
15,1,FlatVelB,69,18908,18935
15,1,FlatVelB,70,19305,14573
15,1,FlatVelB,71,19395,13932
15,1,FlatVelB,72,19607,24879
15,1,FlatVelB,73,19815,4500
15,1,FlatVelB,74,19945,20364
15,1,FlatVelB,75,19998,29385
15,1,FlatVelB,76,19999,28994
15,1,FlatVelB,77,20333,3396
15,1,FlatVelB,78,20639,17839
15,1,FlatVelB,79,20875,14000
15,1,FlatVelB,80,21275,16473
15,1,FlatVelB,81,21683,27110
15,1,FlatVelB,82,22172,4257
15,1,FlatVelB,83,22468,20955
15,1,FlatVelB,84,22594,14976
15,1,FlatVelB,85,22685,7349
15,1,FlatVelB,86,23020,13404
15,1,FlatVelB,87,23146,11799
15,1,FlatVelB,88,23168,16411
15,1,FlatVelB,89,23484,4091
15,1,FlatVelB,90,23936,27019
15,1,FlatVelB,91,24207,9679
15,1,FlatVelB,92,24402,25003
15,1,FlatVelB,93,24473,13127
15,1,FlatVelB,94,24511,22671
15,1,FlatVelB,95,24626,26235
15,1,FlatVelB,96,24894,4906
15,1,FlatVelB,97,24908,26396
15,1,FlatVelB,98,25590,4119
15,1,FlatVelB,99,26031,27345
15,1,FlatVelB,100,26113,12505
15,1,FlatVelB,101,26997,3603
15,1,FlatVelB,102,27804,2469
15,1,FlatVelB,103,27995,19128
15,1,FlatVelB,104,28087,11903
15,1,FlatVelB,105,28102,25708
15,1,FlatVelB,106,28288,21831
15,1,FlatVelB,107,28474,27821
15,1,FlatVelB,108,28637,1123
15,1,FlatVelB,109,28697,5600
15,1,FlatVelB,110,29443,9887
15,1,FlatVelB,111,29847,28951
15,1,FlatVelB,112,30472,4425
15,1,FlatVelB,113,30580,492
15,1,FlatVelB,114,30624,25632
15,1,FlatVelB,115,30662,15464
15,1,FlatVelB,116,30784,8753
15,1,FlatVelB,117,31100,1414
15,1,FlatVelB,118,31127,3258
15,1,FlatVelB,119,31376,19524
15,1,FlatVelB,120,31923,5153
15,1,FlatVelB,121,32033,4807
15,1,FlatVelB,122,32287,11208
15,1,FlatVelB,123,32355,9808
15,1,FlatVelB,124,32382,11295
15,1,FlatVelB,125,32396,29277
15,1,FlatVelB,126,32785,25148
15,1,FlatVelB,127,33259,22802
16,1,FlatVelB,0,32,18073
16,1,FlatVelB,1,176,9594
16,1,FlatVelB,2,439,18903
16,1,FlatVelB,3,587,27910
16,1,FlatVelB,4,1021,26668
16,1,FlatVelB,5,1297,18498
16,1,FlatVelB,6,1317,3032
16,1,FlatVelB,7,1400,11061
16,1,FlatVelB,8,1448,17616
16,1,FlatVelB,9,1612,437
16,1,FlatVelB,10,1893,3101
16,1,FlatVelB,11,2508,9910
16,1,FlatVelB,12,2980,14962
16,1,FlatVelB,13,3282,9848
16,1,FlatVelB,14,3401,16351
16,1,FlatVelB,15,4056,19087
16,1,FlatVelB,16,4091,29052
16,1,FlatVelB,17,4093,9513
16,1,FlatVelB,18,4276,8868
16,1,FlatVelB,19,4545,17299
16,1,FlatVelB,20,4741,20947
16,1,FlatVelB,21,5240,2449
16,1,FlatVelB,22,5827,7781
16,1,FlatVelB,23,5937,24181
16,1,FlatVelB,24,5966,26435
16,1,FlatVelB,25,6349,692
16,1,FlatVelB,26,6377,23574
16,1,FlatVelB,27,6480,2565
16,1,FlatVelB,28,6765,26066
16,1,FlatVelB,29,6998,13601
16,1,FlatVelB,30,7674,10164
16,1,FlatVelB,31,8177,24934
16,1,FlatVelB,32,8263,28619
16,1,FlatVelB,33,8299,3332
16,1,FlatVelB,34,8486,4291
16,1,FlatVelB,35,8622,10800
16,1,FlatVelB,36,8805,17302
16,1,FlatVelB,37,8903,9458
16,1,FlatVelB,38,9301,8917
16,1,FlatVelB,39,9857,29251
16,1,FlatVelB,40,9888,7937
16,1,FlatVelB,41,10019,18586
16,1,FlatVelB,42,10337,5867
16,1,FlatVelB,43,10585,3513
16,1,FlatVelB,44,10588,10580
16,1,FlatVelB,45,11436,26510
16,1,FlatVelB,46,11533,8298
16,1,FlatVelB,47,11538,21960
16,1,FlatVelB,48,11700,15605
16,1,FlatVelB,49,11783,26395
16,1,FlatVelB,50,11966,6514
16,1,FlatVelB,51,12239,3390
16,1,FlatVelB,52,12731,14376
16,1,FlatVelB,53,12896,14323
16,1,FlatVelB,54,13226,22434
16,1,FlatVelB,55,13410,23649
16,1,FlatVelB,56,13642,21373
16,1,FlatVelB,57,14072,29418
16,1,FlatVelB,58,14245,24268
16,1,FlatVelB,59,14400,7494
16,1,FlatVelB,60,14509,12287
16,1,FlatVelB,61,15059,1919
16,1,FlatVelB,62,15064,8732
16,1,FlatVelB,63,15074,22125
16,1,FlatVelB,64,15228,23243
16,1,FlatVelB,65,15270,2898
16,1,FlatVelB,66,15856,19071
16,1,FlatVelB,67,16253,24529
16,1,FlatVelB,68,16255,21572
16,1,FlatVelB,69,16320,28341
16,1,FlatVelB,70,16361,29969
16,1,FlatVelB,71,16387,11865
16,1,FlatVelB,72,16633,28295
16,1,FlatVelB,73,16676,8601
16,1,FlatVelB,74,16935,17354
16,1,FlatVelB,75,17170,7273
16,1,FlatVelB,76,17198,15571
16,1,FlatVelB,77,17435,13151
16,1,FlatVelB,78,18169,7276
16,1,FlatVelB,79,18183,3231
16,1,FlatVelB,80,18650,2813
16,1,FlatVelB,81,18834,3600
16,1,FlatVelB,82,19771,7467
16,1,FlatVelB,83,21316,7
16,1,FlatVelB,84,21861,9384
16,1,FlatVelB,85,21994,26762
16,1,FlatVelB,86,22310,22532
16,1,FlatVelB,87,22805,10818
16,1,FlatVelB,88,23077,11727
16,1,FlatVelB,89,23104,629
16,1,FlatVelB,90,23148,4423
16,1,FlatVelB,91,23367,2178
16,1,FlatVelB,92,23454,4319
16,1,FlatVelB,93,23538,24742
16,1,FlatVelB,94,24318,19025
16,1,FlatVelB,95,24665,4133
16,1,FlatVelB,96,24789,5976
16,1,FlatVelB,97,24864,24473
16,1,FlatVelB,98,25277,24871
16,1,FlatVelB,99,25419,29394
16,1,FlatVelB,100,27133,13267
16,1,FlatVelB,101,27196,24254
16,1,FlatVelB,102,27944,10735
16,1,FlatVelB,103,27995,19128
16,1,FlatVelB,104,28219,13039
16,1,FlatVelB,105,28308,29567
16,1,FlatVelB,106,28637,1123
16,1,FlatVelB,107,28686,16179
16,1,FlatVelB,108,29530,339
16,1,FlatVelB,109,29857,13904
16,1,FlatVelB,110,30034,28274
16,1,FlatVelB,111,30308,16905
16,1,FlatVelB,112,30662,15464
16,1,FlatVelB,113,30748,18370
16,1,FlatVelB,114,30817,17510
16,1,FlatVelB,115,31288,17439
16,1,FlatVelB,116,31407,13144
16,1,FlatVelB,117,31538,26740
16,1,FlatVelB,118,31622,14144
16,1,FlatVelB,119,31629,12982
16,1,FlatVelB,120,31672,28596
16,1,FlatVelB,121,31828,21902
16,1,FlatVelB,122,31844,22556
16,1,FlatVelB,123,32033,4807
16,1,FlatVelB,124,32072,23310
16,1,FlatVelB,125,32328,609
16,1,FlatVelB,126,32971,9209
16,1,FlatVelB,127,33568,16260
17,1,FlatVelB,0,172,1003
17,1,FlatVelB,1,384,9823
17,1,FlatVelB,2,1297,18498
17,1,FlatVelB,3,1557,3952
17,1,FlatVelB,4,1600,22132
17,1,FlatVelB,5,1924,23022
17,1,FlatVelB,6,2183,22410
17,1,FlatVelB,7,2256,23968
17,1,FlatVelB,8,2282,645
17,1,FlatVelB,9,2948,11132
17,1,FlatVelB,10,3492,29542
17,1,FlatVelB,11,3498,4189
17,1,FlatVelB,12,3738,13121
17,1,FlatVelB,13,3764,12145
17,1,FlatVelB,14,3861,1765
17,1,FlatVelB,15,3884,21132
17,1,FlatVelB,16,3914,21077
17,1,FlatVelB,17,4395,24916
17,1,FlatVelB,18,4654,22811
17,1,FlatVelB,19,5061,15055
17,1,FlatVelB,20,5264,29914
17,1,FlatVelB,21,5277,13249
17,1,FlatVelB,22,5409,6282
17,1,FlatVelB,23,5723,7174
17,1,FlatVelB,24,5937,24181
17,1,FlatVelB,25,6145,22562
17,1,FlatVelB,26,6926,5621
17,1,FlatVelB,27,7878,28349
17,1,FlatVelB,28,7897,25490
17,1,FlatVelB,29,8177,24934
17,1,FlatVelB,30,8182,19117
17,1,FlatVelB,31,8207,2140
17,1,FlatVelB,32,8232,24265
17,1,FlatVelB,33,8235,18637
17,1,FlatVelB,34,8255,7312
17,1,FlatVelB,35,9505,5286
17,1,FlatVelB,36,9747,26061
17,1,FlatVelB,37,10152,11969
17,1,FlatVelB,38,10166,13186
17,1,FlatVelB,39,10332,28954
17,1,FlatVelB,40,10335,15450
17,1,FlatVelB,41,10364,6716
17,1,FlatVelB,42,10481,11498
17,1,FlatVelB,43,10702,26996
17,1,FlatVelB,44,10818,8687
17,1,FlatVelB,45,11235,4066
17,1,FlatVelB,46,11413,19780
17,1,FlatVelB,47,11438,18369
17,1,FlatVelB,48,11853,27010
17,1,FlatVelB,49,11872,9471
17,1,FlatVelB,50,12300,14202
17,1,FlatVelB,51,12391,15728
17,1,FlatVelB,52,13030,4401
17,1,FlatVelB,53,13151,27361
17,1,FlatVelB,54,13230,23193
17,1,FlatVelB,55,13405,24987
17,1,FlatVelB,56,13726,17030
17,1,FlatVelB,57,14438,26881
17,1,FlatVelB,58,14687,12790
17,1,FlatVelB,59,14865,9746
17,1,FlatVelB,60,14889,9151
17,1,FlatVelB,61,15265,29216
17,1,FlatVelB,62,15311,29472
17,1,FlatVelB,63,15863,21827
17,1,FlatVelB,64,15919,22065
17,1,FlatVelB,65,15937,325
17,1,FlatVelB,66,16068,11670
17,1,FlatVelB,67,16462,4506
17,1,FlatVelB,68,16600,17644
17,1,FlatVelB,69,16839,16460
17,1,FlatVelB,70,17333,26768
17,1,FlatVelB,71,17677,26746
17,1,FlatVelB,72,17777,11569
17,1,FlatVelB,73,17981,329
17,1,FlatVelB,74,18062,23879
17,1,FlatVelB,75,18253,5376
17,1,FlatVelB,76,18650,2813
17,1,FlatVelB,77,19061,7054
17,1,FlatVelB,78,19149,16089
17,1,FlatVelB,79,19167,11887
17,1,FlatVelB,80,19186,9133
17,1,FlatVelB,81,19431,12147
17,1,FlatVelB,82,19511,9740
17,1,FlatVelB,83,20116,23216
17,1,FlatVelB,84,21130,12214
17,1,FlatVelB,85,21275,16473
17,1,FlatVelB,86,21369,19331
17,1,FlatVelB,87,21596,5486
17,1,FlatVelB,88,22311,2265
17,1,FlatVelB,89,23020,13404
17,1,FlatVelB,90,23123,20846
17,1,FlatVelB,91,23125,23529
17,1,FlatVelB,92,23189,27516
17,1,FlatVelB,93,23225,13339
17,1,FlatVelB,94,23572,26110
17,1,FlatVelB,95,23791,3051
17,1,FlatVelB,96,24389,22715
17,1,FlatVelB,97,24510,26298
17,1,FlatVelB,98,25078,29725
17,1,FlatVelB,99,25114,26443
17,1,FlatVelB,100,25419,29394
17,1,FlatVelB,101,26309,20641
17,1,FlatVelB,102,26454,27810
17,1,FlatVelB,103,26692,13997
17,1,FlatVelB,104,27014,12414
17,1,FlatVelB,105,28731,6692
17,1,FlatVelB,106,28832,4739
17,1,FlatVelB,107,29266,12038
17,1,FlatVelB,108,29783,27404
17,1,FlatVelB,109,29811,13687
17,1,FlatVelB,110,30034,28274
17,1,FlatVelB,111,30131,342
17,1,FlatVelB,112,30658,22911
17,1,FlatVelB,113,30679,29809
17,1,FlatVelB,114,30710,16828
17,1,FlatVelB,115,30830,9058
17,1,FlatVelB,116,30986,28226
17,1,FlatVelB,117,31001,21225
17,1,FlatVelB,118,31127,3258
17,1,FlatVelB,119,31140,21004
17,1,FlatVelB,120,31538,26740
17,1,FlatVelB,121,32083,25066
17,1,FlatVelB,122,32699,11222
17,1,FlatVelB,123,32757,16760
17,1,FlatVelB,124,32828,11028
17,1,FlatVelB,125,32956,12691
17,1,FlatVelB,126,33138,28484
17,1,FlatVelB,127,33320,20118
18,1,FlatVelB,0,22,14669
18,1,FlatVelB,1,32,18073
18,1,FlatVelB,2,84,29673
18,1,FlatVelB,3,174,17075
18,1,FlatVelB,4,723,24129
18,1,FlatVelB,5,817,16186
18,1,FlatVelB,6,925,5922
18,1,FlatVelB,7,1040,8207
18,1,FlatVelB,8,1181,15387
18,1,FlatVelB,9,1360,25012
18,1,FlatVelB,10,1914,6993
18,1,FlatVelB,11,2137,15494
18,1,FlatVelB,12,2183,22410
18,1,FlatVelB,13,2289,9533
18,1,FlatVelB,14,2296,3999
18,1,FlatVelB,15,2534,18816
18,1,FlatVelB,16,2545,6711
18,1,FlatVelB,17,2643,20655
18,1,FlatVelB,18,2996,20225
18,1,FlatVelB,19,3031,9357
18,1,FlatVelB,20,3183,6881
18,1,FlatVelB,21,3267,20743
18,1,FlatVelB,22,3944,1579
18,1,FlatVelB,23,4251,29592
18,1,FlatVelB,24,4394,25178
18,1,FlatVelB,25,4638,26553
18,1,FlatVelB,26,5009,10992
18,1,FlatVelB,27,5530,18475
18,1,FlatVelB,28,5691,17432
18,1,FlatVelB,29,6230,27848
18,1,FlatVelB,30,6517,18466
18,1,FlatVelB,31,6577,24036
18,1,FlatVelB,32,6650,26630
18,1,FlatVelB,33,7268,20928
18,1,FlatVelB,34,7564,8342
18,1,FlatVelB,35,8263,28619
18,1,FlatVelB,36,8634,17520
18,1,FlatVelB,37,9201,29001
18,1,FlatVelB,38,9327,17072
18,1,FlatVelB,39,9442,29782
18,1,FlatVelB,40,9444,22302
18,1,FlatVelB,41,9926,6210
18,1,FlatVelB,42,9995,24931
18,1,FlatVelB,43,10042,12854
18,1,FlatVelB,44,10163,12648
18,1,FlatVelB,45,10335,15450
18,1,FlatVelB,46,10572,17868
18,1,FlatVelB,47,10661,614
18,1,FlatVelB,48,11395,2971
18,1,FlatVelB,49,12176,19774
18,1,FlatVelB,50,12249,29688
18,1,FlatVelB,51,12333,6709
18,1,FlatVelB,52,12553,11299
18,1,FlatVelB,53,12958,6393
18,1,FlatVelB,54,13051,22277
18,1,FlatVelB,55,13656,26438
18,1,FlatVelB,56,13692,598
18,1,FlatVelB,57,13755,9345
18,1,FlatVelB,58,13907,28026
18,1,FlatVelB,59,14138,28940
18,1,FlatVelB,60,14868,26441
18,1,FlatVelB,61,15328,19888
18,1,FlatVelB,62,15542,374
18,1,FlatVelB,63,16015,13993
18,1,FlatVelB,64,16244,12232
18,1,FlatVelB,65,16317,8118
18,1,FlatVelB,66,16617,3153
18,1,FlatVelB,67,16718,20180
18,1,FlatVelB,68,16924,5268
18,1,FlatVelB,69,17612,25312
18,1,FlatVelB,70,17896,24382
18,1,FlatVelB,71,18017,8281
18,1,FlatVelB,72,18023,3017
18,1,FlatVelB,73,18432,9754
18,1,FlatVelB,74,18480,3763
18,1,FlatVelB,75,18810,14489
18,1,FlatVelB,76,18957,5012
18,1,FlatVelB,77,19309,22023
18,1,FlatVelB,78,19548,20610
18,1,FlatVelB,79,19627,1611
18,1,FlatVelB,80,19969,19416
18,1,FlatVelB,81,21230,5089
18,1,FlatVelB,82,21624,25763
18,1,FlatVelB,83,22305,15158
18,1,FlatVelB,84,22675,23639
18,1,FlatVelB,85,22712,13685
18,1,FlatVelB,86,22828,13929
18,1,FlatVelB,87,23146,11799
18,1,FlatVelB,88,23820,14157
18,1,FlatVelB,89,23897,27222
18,1,FlatVelB,90,23930,19713
18,1,FlatVelB,91,24036,11445
18,1,FlatVelB,92,24132,19592
18,1,FlatVelB,93,24473,13127
18,1,FlatVelB,94,24510,26298
18,1,FlatVelB,95,24665,4133
18,1,FlatVelB,96,25093,7505
18,1,FlatVelB,97,25590,4119
18,1,FlatVelB,98,26716,1435
18,1,FlatVelB,99,26762,18127
18,1,FlatVelB,100,26793,10728
18,1,FlatVelB,101,27255,29979
18,1,FlatVelB,102,27399,24463
18,1,FlatVelB,103,27474,19652
18,1,FlatVelB,104,27563,26286
18,1,FlatVelB,105,27781,16424
18,1,FlatVelB,106,27846,4767
18,1,FlatVelB,107,28474,27821
18,1,FlatVelB,108,28566,20548
18,1,FlatVelB,109,28598,23934
18,1,FlatVelB,110,28654,24278
18,1,FlatVelB,111,28895,17869
18,1,FlatVelB,112,29599,9307
18,1,FlatVelB,113,29718,11894
18,1,FlatVelB,114,29797,5239
18,1,FlatVelB,115,29848,771
18,1,FlatVelB,116,30382,11566
18,1,FlatVelB,117,30613,13722
18,1,FlatVelB,118,31042,27632
18,1,FlatVelB,119,31501,28301
18,1,FlatVelB,120,31536,10500
18,1,FlatVelB,121,32002,25135
18,1,FlatVelB,122,32109,6338
18,1,FlatVelB,123,32785,25148
18,1,FlatVelB,124,32948,13153
18,1,FlatVelB,125,32961,24347
18,1,FlatVelB,126,33138,28484
18,1,FlatVelB,127,33421,9170
19,1,FlatVelB,0,114,8564
19,1,FlatVelB,1,429,11302
19,1,FlatVelB,2,748,976
19,1,FlatVelB,3,1117,24657
19,1,FlatVelB,4,1176,17494
19,1,FlatVelB,5,1557,3952
19,1,FlatVelB,6,1612,437
19,1,FlatVelB,7,1748,8589
19,1,FlatVelB,8,1914,6993
19,1,FlatVelB,9,1919,18884
19,1,FlatVelB,10,2164,16919
19,1,FlatVelB,11,3051,8153
19,1,FlatVelB,12,3115,22229
19,1,FlatVelB,13,3288,436
19,1,FlatVelB,14,3408,21627
19,1,FlatVelB,15,3492,29542
19,1,FlatVelB,16,3576,11689
19,1,FlatVelB,17,4628,16282
19,1,FlatVelB,18,4671,3038
19,1,FlatVelB,19,5064,26008
19,1,FlatVelB,20,5272,27738
19,1,FlatVelB,21,5831,18276
19,1,FlatVelB,22,5938,12968
19,1,FlatVelB,23,5966,26435
19,1,FlatVelB,24,5994,15128
19,1,FlatVelB,25,6191,21507
19,1,FlatVelB,26,6256,28863
19,1,FlatVelB,27,6921,19314
19,1,FlatVelB,28,7095,17464
19,1,FlatVelB,29,7575,4701
19,1,FlatVelB,30,8080,4684
19,1,FlatVelB,31,8561,6638
19,1,FlatVelB,32,8730,200
19,1,FlatVelB,33,9214,12833
19,1,FlatVelB,34,9747,26061
19,1,FlatVelB,35,10233,8096
19,1,FlatVelB,36,10725,4659
19,1,FlatVelB,37,10787,26279
19,1,FlatVelB,38,10870,4238
19,1,FlatVelB,39,11182,6629
19,1,FlatVelB,40,11235,4066
19,1,FlatVelB,41,11371,1843
19,1,FlatVelB,42,12204,29953
19,1,FlatVelB,43,12226,27758
19,1,FlatVelB,44,12439,4742
19,1,FlatVelB,45,12473,4969
19,1,FlatVelB,46,12478,23506
19,1,FlatVelB,47,12731,14376
19,1,FlatVelB,48,12859,16935
19,1,FlatVelB,49,13051,22277
19,1,FlatVelB,50,13060,11237
19,1,FlatVelB,51,13226,22434
19,1,FlatVelB,52,13845,1618
19,1,FlatVelB,53,14632,29995
19,1,FlatVelB,54,14806,15527
19,1,FlatVelB,55,15389,6022
19,1,FlatVelB,56,15437,3672
19,1,FlatVelB,57,16015,13993
19,1,FlatVelB,58,16771,28452
19,1,FlatVelB,59,17073,7092
19,1,FlatVelB,60,17085,25791
19,1,FlatVelB,61,17197,21623
19,1,FlatVelB,62,17296,13937
19,1,FlatVelB,63,17934,15805
19,1,FlatVelB,64,18169,7276
19,1,FlatVelB,65,18480,3763
19,1,FlatVelB,66,18650,2813
19,1,FlatVelB,67,18729,2727
19,1,FlatVelB,68,18810,14489
19,1,FlatVelB,69,19250,5417
19,1,FlatVelB,70,19301,21467
19,1,FlatVelB,71,19362,28822
19,1,FlatVelB,72,19516,17308
19,1,FlatVelB,73,19782,23991
19,1,FlatVelB,74,19891,27289
19,1,FlatVelB,75,20008,1713
19,1,FlatVelB,76,20506,12652
19,1,FlatVelB,77,21060,2295
19,1,FlatVelB,78,21084,1705
19,1,FlatVelB,79,21259,4512
19,1,FlatVelB,80,21683,27110
19,1,FlatVelB,81,21884,11897
19,1,FlatVelB,82,21911,23683
19,1,FlatVelB,83,21924,19568
19,1,FlatVelB,84,22538,21233
19,1,FlatVelB,85,22675,23639
19,1,FlatVelB,86,23095,22354
19,1,FlatVelB,87,23820,14157
19,1,FlatVelB,88,23896,4302
19,1,FlatVelB,89,23994,17627
19,1,FlatVelB,90,24038,21145
19,1,FlatVelB,91,24116,4529
19,1,FlatVelB,92,24229,24056
19,1,FlatVelB,93,24510,26298
19,1,FlatVelB,94,25339,3271
19,1,FlatVelB,95,25701,1437
19,1,FlatVelB,96,26019,401
19,1,FlatVelB,97,26031,27345
19,1,FlatVelB,98,26507,27412
19,1,FlatVelB,99,26698,9858
19,1,FlatVelB,100,27047,3880
19,1,FlatVelB,101,27237,12441
19,1,FlatVelB,102,27466,23592
19,1,FlatVelB,103,27513,3788
19,1,FlatVelB,104,27665,20933
19,1,FlatVelB,105,27727,14259
19,1,FlatVelB,106,27755,9831
19,1,FlatVelB,107,28064,15423
19,1,FlatVelB,108,28087,11903
19,1,FlatVelB,109,28465,23121
19,1,FlatVelB,110,28598,23934
19,1,FlatVelB,111,28637,1123
19,1,FlatVelB,112,28654,24278
19,1,FlatVelB,113,28731,6692
19,1,FlatVelB,114,29513,10890
19,1,FlatVelB,115,29520,8831
19,1,FlatVelB,116,29663,9596
19,1,FlatVelB,117,30854,17429
19,1,FlatVelB,118,30865,4518
19,1,FlatVelB,119,31032,4134
19,1,FlatVelB,120,31581,11988
19,1,FlatVelB,121,31637,6758
19,1,FlatVelB,122,31763,26600
19,1,FlatVelB,123,32047,20621
19,1,FlatVelB,124,32109,6338
19,1,FlatVelB,125,32328,609
19,1,FlatVelB,126,32828,11028
19,1,FlatVelB,127,33144,8169
20,2,CurveVelA,0,108,16475
20,2,CurveVelA,1,452,14526
20,2,CurveVelA,2,777,8718
20,2,CurveVelA,3,798,3696
20,2,CurveVelA,4,924,15182
20,2,CurveVelA,5,1005,24821
20,2,CurveVelA,6,1246,24028
20,2,CurveVelA,7,1590,17907
20,2,CurveVelA,8,2214,17675
20,2,CurveVelA,9,2291,23802
20,2,CurveVelA,10,2526,16463
20,2,CurveVelA,11,2566,6986
20,2,CurveVelA,12,2768,18877
20,2,CurveVelA,13,2992,27968
20,2,CurveVelA,14,3050,8349
20,2,CurveVelA,15,3322,6463
20,2,CurveVelA,16,3770,25308
20,2,CurveVelA,17,3867,18580
20,2,CurveVelA,18,4271,28814
20,2,CurveVelA,19,4630,29225
20,2,CurveVelA,20,4874,4227
20,2,CurveVelA,21,5194,29723
20,2,CurveVelA,22,5990,20025
20,2,CurveVelA,23,6245,9637
20,2,CurveVelA,24,6400,16169
20,2,CurveVelA,25,7483,316
20,2,CurveVelA,26,7567,29970
20,2,CurveVelA,27,7603,363
20,2,CurveVelA,28,7746,952
20,2,CurveVelA,29,7927,6564
20,2,CurveVelA,30,8145,22934
20,2,CurveVelA,31,8210,17911
20,2,CurveVelA,32,8894,19311
20,2,CurveVelA,33,9186,1564
20,2,CurveVelA,34,9571,25267
20,2,CurveVelA,35,10071,26387
20,2,CurveVelA,36,10213,29764
20,2,CurveVelA,37,10216,4817
20,2,CurveVelA,38,10289,5049
20,2,CurveVelA,39,10979,7062
20,2,CurveVelA,40,11542,15579
20,2,CurveVelA,41,11566,14963
20,2,CurveVelA,42,11794,1946
20,2,CurveVelA,43,12087,3008
20,2,CurveVelA,44,12246,6089
20,2,CurveVelA,45,12327,15031
20,2,CurveVelA,46,12413,18299
20,2,CurveVelA,47,12673,24641
20,2,CurveVelA,48,13054,29915
20,2,CurveVelA,49,13389,22642
20,2,CurveVelA,50,13573,25738
20,2,CurveVelA,51,14379,10641
20,2,CurveVelA,52,14456,2547
20,2,CurveVelA,53,14582,20441
20,2,CurveVelA,54,14640,8636
20,2,CurveVelA,55,14659,25607
20,2,CurveVelA,56,15034,13567
20,2,CurveVelA,57,15076,4361
20,2,CurveVelA,58,15134,22852
20,2,CurveVelA,59,15165,3322
20,2,CurveVelA,60,15538,21106
20,2,CurveVelA,61,16089,18170
20,2,CurveVelA,62,16146,5638
20,2,CurveVelA,63,16311,12017
20,2,CurveVelA,64,16315,4701
20,2,CurveVelA,65,17120,15836
20,2,CurveVelA,66,17251,11456
20,2,CurveVelA,67,17272,21340
20,2,CurveVelA,68,17361,8396
20,2,CurveVelA,69,17552,11805
20,2,CurveVelA,70,17599,11586
20,2,CurveVelA,71,17872,2893
20,2,CurveVelA,72,18708,12668
20,2,CurveVelA,73,19244,27108
20,2,CurveVelA,74,19519,194
20,2,CurveVelA,75,19525,29788
20,2,CurveVelA,76,19581,6671
20,2,CurveVelA,77,19932,1535
20,2,CurveVelA,78,20276,11160
20,2,CurveVelA,79,20331,3739
20,2,CurveVelA,80,20615,7829
20,2,CurveVelA,81,20800,19748
20,2,CurveVelA,82,20968,2338
20,2,CurveVelA,83,21120,21789
20,2,CurveVelA,84,21411,25841
20,2,CurveVelA,85,21592,29793
20,2,CurveVelA,86,21909,21476
20,2,CurveVelA,87,22078,26645
20,2,CurveVelA,88,22192,18487
20,2,CurveVelA,89,22695,15860
20,2,CurveVelA,90,23435,4222
20,2,CurveVelA,91,23525,19572
20,2,CurveVelA,92,23614,20576
20,2,CurveVelA,93,23884,1783
20,2,CurveVelA,94,24028,7531
20,2,CurveVelA,95,24209,21871
20,2,CurveVelA,96,24272,351
20,2,CurveVelA,97,25015,26237
20,2,CurveVelA,98,25183,24399
20,2,CurveVelA,99,25631,26448
20,2,CurveVelA,100,25814,20161
20,2,CurveVelA,101,25883,18746
20,2,CurveVelA,102,25911,736
20,2,CurveVelA,103,26059,18859
20,2,CurveVelA,104,26628,2917
20,2,CurveVelA,105,26660,9975
20,2,CurveVelA,106,26784,25145
20,2,CurveVelA,107,27130,26180
20,2,CurveVelA,108,27409,24429
20,2,CurveVelA,109,27700,9552
20,2,CurveVelA,110,27783,13523
20,2,CurveVelA,111,27802,29260
20,2,CurveVelA,112,28058,29540
20,2,CurveVelA,113,28353,27330
20,2,CurveVelA,114,28407,13368
20,2,CurveVelA,115,29422,15076
20,2,CurveVelA,116,29734,14368
20,2,CurveVelA,117,30243,8311
20,2,CurveVelA,118,30252,5996
20,2,CurveVelA,119,30258,28276
20,2,CurveVelA,120,31024,29379
20,2,CurveVelA,121,31303,17520
20,2,CurveVelA,122,31402,26244
20,2,CurveVelA,123,31696,12432
20,2,CurveVelA,124,31813,607
20,2,CurveVelA,125,32225,28175
20,2,CurveVelA,126,32247,18128
20,2,CurveVelA,127,33070,19511
21,2,CurveVelA,0,85,1523
21,2,CurveVelA,1,369,24646
21,2,CurveVelA,2,666,26229
21,2,CurveVelA,3,777,8718
21,2,CurveVelA,4,908,24420
21,2,CurveVelA,5,993,18184
21,2,CurveVelA,6,1130,26218
21,2,CurveVelA,7,1710,28431
21,2,CurveVelA,8,1747,17615
21,2,CurveVelA,9,1912,29742
21,2,CurveVelA,10,2159,24330
21,2,CurveVelA,11,2418,2812
21,2,CurveVelA,12,2725,26477
21,2,CurveVelA,13,4306,3425
21,2,CurveVelA,14,4348,5008
21,2,CurveVelA,15,4663,25672
21,2,CurveVelA,16,5090,175
21,2,CurveVelA,17,5099,9820
21,2,CurveVelA,18,5155,25021
21,2,CurveVelA,19,5210,27099
21,2,CurveVelA,20,5269,9246
21,2,CurveVelA,21,5481,21205
21,2,CurveVelA,22,5729,6659
21,2,CurveVelA,23,6290,26235
21,2,CurveVelA,24,7372,11727
21,2,CurveVelA,25,7420,2519
21,2,CurveVelA,26,7467,28527
21,2,CurveVelA,27,7508,969
21,2,CurveVelA,28,7865,20566
21,2,CurveVelA,29,7939,28644
21,2,CurveVelA,30,7962,11519
21,2,CurveVelA,31,8091,3730
21,2,CurveVelA,32,8184,10299
21,2,CurveVelA,33,8353,24302
21,2,CurveVelA,34,8401,12085
21,2,CurveVelA,35,8898,17687
21,2,CurveVelA,36,9643,29796
21,2,CurveVelA,37,9804,4392
21,2,CurveVelA,38,10015,28573
21,2,CurveVelA,39,10071,26387
21,2,CurveVelA,40,10118,13468
21,2,CurveVelA,41,10770,20875
21,2,CurveVelA,42,10928,5440
21,2,CurveVelA,43,11124,1637
21,2,CurveVelA,44,11485,7783
21,2,CurveVelA,45,11505,27741
21,2,CurveVelA,46,11745,23007
21,2,CurveVelA,47,12325,1100
21,2,CurveVelA,48,12458,11312
21,2,CurveVelA,49,12562,21453
21,2,CurveVelA,50,12661,29944
21,2,CurveVelA,51,12957,14553
21,2,CurveVelA,52,13109,16128
21,2,CurveVelA,53,13470,22562
21,2,CurveVelA,54,13830,7271
21,2,CurveVelA,55,14134,6487
21,2,CurveVelA,56,15038,29524
21,2,CurveVelA,57,15125,15141
21,2,CurveVelA,58,15376,29947
21,2,CurveVelA,59,15699,3160
21,2,CurveVelA,60,16101,16008
21,2,CurveVelA,61,16292,17369
21,2,CurveVelA,62,16307,8701
21,2,CurveVelA,63,16739,3998
21,2,CurveVelA,64,16911,10548
21,2,CurveVelA,65,17113,2865
21,2,CurveVelA,66,17155,29653
21,2,CurveVelA,67,17199,9
21,2,CurveVelA,68,17381,8856
21,2,CurveVelA,69,17602,23661
21,2,CurveVelA,70,18040,25743
21,2,CurveVelA,71,18123,25149
21,2,CurveVelA,72,18212,11937
21,2,CurveVelA,73,18270,18783
21,2,CurveVelA,74,18316,57
21,2,CurveVelA,75,18358,15909
21,2,CurveVelA,76,19129,26919
21,2,CurveVelA,77,19696,3906
21,2,CurveVelA,78,20659,11885
21,2,CurveVelA,79,20800,19748
21,2,CurveVelA,80,21031,27925
21,2,CurveVelA,81,21384,29965
21,2,CurveVelA,82,21669,6100
21,2,CurveVelA,83,21879,26124
21,2,CurveVelA,84,21909,21476
21,2,CurveVelA,85,22225,14044
21,2,CurveVelA,86,23015,13377
21,2,CurveVelA,87,23561,1856
21,2,CurveVelA,88,23614,20576
21,2,CurveVelA,89,23681,28649
21,2,CurveVelA,90,23705,5362
21,2,CurveVelA,91,23707,6897
21,2,CurveVelA,92,23717,3864
21,2,CurveVelA,93,24479,4297
21,2,CurveVelA,94,24879,25729
21,2,CurveVelA,95,25391,26297
21,2,CurveVelA,96,25735,602
21,2,CurveVelA,97,25756,10271
21,2,CurveVelA,98,25866,20654
21,2,CurveVelA,99,25963,19809
21,2,CurveVelA,100,26126,14332
21,2,CurveVelA,101,26199,17145
21,2,CurveVelA,102,26446,9281
21,2,CurveVelA,103,26601,24157
21,2,CurveVelA,104,26926,24550
21,2,CurveVelA,105,27010,9167
21,2,CurveVelA,106,27488,14777
21,2,CurveVelA,107,27805,8947
21,2,CurveVelA,108,28079,7637
21,2,CurveVelA,109,28144,19031
21,2,CurveVelA,110,28216,25139
21,2,CurveVelA,111,28861,5999
21,2,CurveVelA,112,29689,15789
21,2,CurveVelA,113,29930,19585
21,2,CurveVelA,114,30290,8858
21,2,CurveVelA,115,30418,25509
21,2,CurveVelA,116,30453,14990
21,2,CurveVelA,117,30481,21930
21,2,CurveVelA,118,31788,24588
21,2,CurveVelA,119,31936,7116
21,2,CurveVelA,120,31947,12102
21,2,CurveVelA,121,32492,13578
21,2,CurveVelA,122,32656,4628
21,2,CurveVelA,123,33126,740
21,2,CurveVelA,124,33262,2342
21,2,CurveVelA,125,33368,11319
21,2,CurveVelA,126,33416,20921
21,2,CurveVelA,127,33584,15552
22,2,CurveVelA,0,182,26936
22,2,CurveVelA,1,642,6127
22,2,CurveVelA,2,855,6423
22,2,CurveVelA,3,1193,23422
22,2,CurveVelA,4,1345,4267
22,2,CurveVelA,5,1410,10086
22,2,CurveVelA,6,1603,3269
22,2,CurveVelA,7,1677,2065
22,2,CurveVelA,8,1945,3614
22,2,CurveVelA,9,2204,7257
22,2,CurveVelA,10,3055,5613
22,2,CurveVelA,11,3069,28011
22,2,CurveVelA,12,3923,14872
22,2,CurveVelA,13,3943,23039
22,2,CurveVelA,14,4994,15535
22,2,CurveVelA,15,5523,18449
22,2,CurveVelA,16,5851,13259
22,2,CurveVelA,17,6011,1059
22,2,CurveVelA,18,6274,10620
22,2,CurveVelA,19,6315,14083
22,2,CurveVelA,20,6351,20403
22,2,CurveVelA,21,6727,4306
22,2,CurveVelA,22,7078,29648
22,2,CurveVelA,23,7137,29770
22,2,CurveVelA,24,7204,990
22,2,CurveVelA,25,7553,2269
22,2,CurveVelA,26,7589,14452
22,2,CurveVelA,27,7727,3342
22,2,CurveVelA,28,7836,3680
22,2,CurveVelA,29,7939,28644
22,2,CurveVelA,30,8539,17235
22,2,CurveVelA,31,8596,9122
22,2,CurveVelA,32,8836,20995
22,2,CurveVelA,33,8894,19311
22,2,CurveVelA,34,8993,28018
22,2,CurveVelA,35,9081,11446
22,2,CurveVelA,36,9923,29930
22,2,CurveVelA,37,10189,20663
22,2,CurveVelA,38,10256,6723
22,2,CurveVelA,39,10533,18180
22,2,CurveVelA,40,10560,14787
22,2,CurveVelA,41,11511,24476
22,2,CurveVelA,42,12215,17904
22,2,CurveVelA,43,12246,6089
22,2,CurveVelA,44,12427,20585
22,2,CurveVelA,45,12458,11312
22,2,CurveVelA,46,12542,23548
22,2,CurveVelA,47,13193,13168
22,2,CurveVelA,48,13537,12248
22,2,CurveVelA,49,13706,6379
22,2,CurveVelA,50,13780,19971
22,2,CurveVelA,51,13824,12047
22,2,CurveVelA,52,13854,1689
22,2,CurveVelA,53,14144,5942
22,2,CurveVelA,54,14197,2624
22,2,CurveVelA,55,14272,8916
22,2,CurveVelA,56,14275,16293
22,2,CurveVelA,57,14477,432
22,2,CurveVelA,58,14888,8420
22,2,CurveVelA,59,15038,29524
22,2,CurveVelA,60,15043,1633
22,2,CurveVelA,61,15134,22852
22,2,CurveVelA,62,15897,29118
22,2,CurveVelA,63,16421,16043
22,2,CurveVelA,64,16764,27552
22,2,CurveVelA,65,17001,25178
22,2,CurveVelA,66,17378,6571
22,2,CurveVelA,67,17415,18433
22,2,CurveVelA,68,17608,29720
22,2,CurveVelA,69,17625,19794
22,2,CurveVelA,70,17717,26488
22,2,CurveVelA,71,17727,563
22,2,CurveVelA,72,18000,20043
22,2,CurveVelA,73,18555,825
22,2,CurveVelA,74,18941,6329
22,2,CurveVelA,75,19194,8700
22,2,CurveVelA,76,19197,16863
22,2,CurveVelA,77,19475,7585
22,2,CurveVelA,78,19799,24893
22,2,CurveVelA,79,20049,15676
22,2,CurveVelA,80,20417,13444
22,2,CurveVelA,81,20798,3499
22,2,CurveVelA,82,21055,20881
22,2,CurveVelA,83,21567,459
22,2,CurveVelA,84,21711,13555
22,2,CurveVelA,85,21729,2894
22,2,CurveVelA,86,21845,23056
22,2,CurveVelA,87,22015,12193
22,2,CurveVelA,88,22192,18487
22,2,CurveVelA,89,22876,19908
22,2,CurveVelA,90,23238,6357
22,2,CurveVelA,91,23734,10938
22,2,CurveVelA,92,23819,12605
22,2,CurveVelA,93,24184,14572
22,2,CurveVelA,94,24484,7163
22,2,CurveVelA,95,24620,5040
22,2,CurveVelA,96,24802,2674
22,2,CurveVelA,97,24815,6977
22,2,CurveVelA,98,25047,25595
22,2,CurveVelA,99,25253,29978
22,2,CurveVelA,100,25682,23595
22,2,CurveVelA,101,26097,29513
22,2,CurveVelA,102,26699,25761
22,2,CurveVelA,103,26777,15090
22,2,CurveVelA,104,27728,22263
22,2,CurveVelA,105,27805,8947
22,2,CurveVelA,106,27832,22943
22,2,CurveVelA,107,28246,18850
22,2,CurveVelA,108,28256,16635
22,2,CurveVelA,109,28622,20549
22,2,CurveVelA,110,29051,22788
22,2,CurveVelA,111,29650,24203
22,2,CurveVelA,112,30039,17609
22,2,CurveVelA,113,30875,5941
22,2,CurveVelA,114,31313,11326
22,2,CurveVelA,115,31388,9432
22,2,CurveVelA,116,31425,9775
22,2,CurveVelA,117,31578,21623
22,2,CurveVelA,118,31853,19011
22,2,CurveVelA,119,32000,6438
22,2,CurveVelA,120,32555,20151
22,2,CurveVelA,121,32618,22974
22,2,CurveVelA,122,32622,6244
22,2,CurveVelA,123,32689,14472
22,2,CurveVelA,124,32886,16154
22,2,CurveVelA,125,33037,12965
22,2,CurveVelA,126,33336,1038
22,2,CurveVelA,127,33513,29946
23,2,CurveVelA,0,329,28496
23,2,CurveVelA,1,359,18305
23,2,CurveVelA,2,639,9353
23,2,CurveVelA,3,1574,15649
23,2,CurveVelA,4,1789,12817
23,2,CurveVelA,5,1983,10506
23,2,CurveVelA,6,2395,9608
23,2,CurveVelA,7,2642,12436
23,2,CurveVelA,8,2816,26974
23,2,CurveVelA,9,2883,9015
23,2,CurveVelA,10,3322,6463
23,2,CurveVelA,11,3833,25700
23,2,CurveVelA,12,3940,3600
23,2,CurveVelA,13,3973,16823
23,2,CurveVelA,14,4535,25758
23,2,CurveVelA,15,4586,5747
23,2,CurveVelA,16,4596,27506
23,2,CurveVelA,17,4737,14440
23,2,CurveVelA,18,4760,7715
23,2,CurveVelA,19,4843,14190
23,2,CurveVelA,20,4941,15020
23,2,CurveVelA,21,5155,25021
23,2,CurveVelA,22,5174,29369
23,2,CurveVelA,23,5481,21205
23,2,CurveVelA,24,5687,23954
23,2,CurveVelA,25,5727,14070
23,2,CurveVelA,26,5987,18887
23,2,CurveVelA,27,6011,1059
23,2,CurveVelA,28,6022,10356
23,2,CurveVelA,29,6245,9637
23,2,CurveVelA,30,6710,14131
23,2,CurveVelA,31,7050,21797
23,2,CurveVelA,32,7204,990
23,2,CurveVelA,33,7623,22918
23,2,CurveVelA,34,7785,13434
23,2,CurveVelA,35,7786,14625
23,2,CurveVelA,36,8131,28792
23,2,CurveVelA,37,8148,12136
23,2,CurveVelA,38,8170,25678
23,2,CurveVelA,39,8345,18127
23,2,CurveVelA,40,8894,19311
23,2,CurveVelA,41,9065,11321
23,2,CurveVelA,42,9116,24576
23,2,CurveVelA,43,10118,13468
23,2,CurveVelA,44,10215,29235
23,2,CurveVelA,45,10232,23368
23,2,CurveVelA,46,10308,11500
23,2,CurveVelA,47,10397,9558
23,2,CurveVelA,48,10862,12345
23,2,CurveVelA,49,11057,23890
23,2,CurveVelA,50,13045,9991
23,2,CurveVelA,51,13325,12115
23,2,CurveVelA,52,14819,8125
23,2,CurveVelA,53,14969,711
23,2,CurveVelA,54,15134,22852
23,2,CurveVelA,55,15616,4062
23,2,CurveVelA,56,16315,4701
23,2,CurveVelA,57,16393,2229
23,2,CurveVelA,58,16491,27924
23,2,CurveVelA,59,16850,4594
23,2,CurveVelA,60,17199,9
23,2,CurveVelA,61,17602,23661
23,2,CurveVelA,62,17684,4401
23,2,CurveVelA,63,18191,23826
23,2,CurveVelA,64,18257,11383
23,2,CurveVelA,65,18687,9946
23,2,CurveVelA,66,18742,20156
23,2,CurveVelA,67,19144,15806
23,2,CurveVelA,68,19955,29431
23,2,CurveVelA,69,19988,19069
23,2,CurveVelA,70,20033,11379
23,2,CurveVelA,71,20156,27069
23,2,CurveVelA,72,20253,10732
23,2,CurveVelA,73,20745,3115
23,2,CurveVelA,74,20754,28132
23,2,CurveVelA,75,20995,15593
23,2,CurveVelA,76,21093,1132
23,2,CurveVelA,77,21258,17923
23,2,CurveVelA,78,21296,24929
23,2,CurveVelA,79,21509,10570
23,2,CurveVelA,80,22015,12193
23,2,CurveVelA,81,22227,21449
23,2,CurveVelA,82,22405,6353
23,2,CurveVelA,83,22766,28706
23,2,CurveVelA,84,22847,27654
23,2,CurveVelA,85,23492,6191
23,2,CurveVelA,86,23509,27096
23,2,CurveVelA,87,23705,5362
23,2,CurveVelA,88,23780,10225
23,2,CurveVelA,89,23789,14622
23,2,CurveVelA,90,24209,21871
23,2,CurveVelA,91,24588,29025
23,2,CurveVelA,92,24687,18966
23,2,CurveVelA,93,24875,9385
23,2,CurveVelA,94,24933,14788
23,2,CurveVelA,95,25602,20518
23,2,CurveVelA,96,25631,26448
23,2,CurveVelA,97,25774,29545
23,2,CurveVelA,98,25898,24982
23,2,CurveVelA,99,26206,21230
23,2,CurveVelA,100,26398,5790
23,2,CurveVelA,101,26814,14710
23,2,CurveVelA,102,27324,13378
23,2,CurveVelA,103,27413,20569
23,2,CurveVelA,104,27434,27570
23,2,CurveVelA,105,27565,2822
23,2,CurveVelA,106,27832,22943
23,2,CurveVelA,107,28145,19033
23,2,CurveVelA,108,28782,28192
23,2,CurveVelA,109,28880,17869
23,2,CurveVelA,110,28931,27754
23,2,CurveVelA,111,29249,11218
23,2,CurveVelA,112,29519,8496
23,2,CurveVelA,113,29689,15789
23,2,CurveVelA,114,29729,19314
23,2,CurveVelA,115,29966,17742
23,2,CurveVelA,116,30299,18162
23,2,CurveVelA,117,30671,5582
23,2,CurveVelA,118,30834,28309
23,2,CurveVelA,119,31303,17520
23,2,CurveVelA,120,31313,11326
23,2,CurveVelA,121,31633,1293
23,2,CurveVelA,122,31800,11553
23,2,CurveVelA,123,31884,15585
23,2,CurveVelA,124,32247,18128
23,2,CurveVelA,125,32622,6244
23,2,CurveVelA,126,33008,28114
23,2,CurveVelA,127,33534,2825
24,2,CurveVelA,0,128,9400
24,2,CurveVelA,1,183,26285
24,2,CurveVelA,2,330,25611
24,2,CurveVelA,3,460,2969
24,2,CurveVelA,4,765,7092
24,2,CurveVelA,5,1462,17876
24,2,CurveVelA,6,1634,13783
24,2,CurveVelA,7,1762,5322
24,2,CurveVelA,8,1912,29742
24,2,CurveVelA,9,2014,11382
24,2,CurveVelA,10,2038,15738
24,2,CurveVelA,11,2395,9608
24,2,CurveVelA,12,2464,13674
24,2,CurveVelA,13,2708,24266
24,2,CurveVelA,14,3315,25869
24,2,CurveVelA,15,3973,16823
24,2,CurveVelA,16,4131,26844
24,2,CurveVelA,17,4343,16114
24,2,CurveVelA,18,4832,7013
24,2,CurveVelA,19,4960,27647
24,2,CurveVelA,20,4961,6787
24,2,CurveVelA,21,5099,9820
24,2,CurveVelA,22,5194,29723
24,2,CurveVelA,23,5235,18480
24,2,CurveVelA,24,5313,9223
24,2,CurveVelA,25,5501,23161
24,2,CurveVelA,26,5822,23834
24,2,CurveVelA,27,6028,6884
24,2,CurveVelA,28,6361,5967
24,2,CurveVelA,29,7121,26536
24,2,CurveVelA,30,7248,16414
24,2,CurveVelA,31,7269,22234
24,2,CurveVelA,32,7274,864
24,2,CurveVelA,33,7574,12798
24,2,CurveVelA,34,7589,14452
24,2,CurveVelA,35,7857,16630
24,2,CurveVelA,36,8209,25732
24,2,CurveVelA,37,8210,17911
24,2,CurveVelA,38,8363,506
24,2,CurveVelA,39,8401,12085
24,2,CurveVelA,40,8836,20995
24,2,CurveVelA,41,8947,10811
24,2,CurveVelA,42,9160,20568
24,2,CurveVelA,43,9381,17560
24,2,CurveVelA,44,9631,26198
24,2,CurveVelA,45,9908,29088
24,2,CurveVelA,46,10015,28573
24,2,CurveVelA,47,10078,16192
24,2,CurveVelA,48,10170,16103
24,2,CurveVelA,49,10395,5020
24,2,CurveVelA,50,10813,28963
24,2,CurveVelA,51,10979,7062
24,2,CurveVelA,52,11075,12062
24,2,CurveVelA,53,11124,1637
24,2,CurveVelA,54,11959,19954
24,2,CurveVelA,55,12471,25905
24,2,CurveVelA,56,12673,24641
24,2,CurveVelA,57,12699,2944
24,2,CurveVelA,58,12746,1062
24,2,CurveVelA,59,12950,20884
24,2,CurveVelA,60,13923,20360
24,2,CurveVelA,61,14168,28427
24,2,CurveVelA,62,14250,14269
24,2,CurveVelA,63,14441,8966
24,2,CurveVelA,64,14568,11583
24,2,CurveVelA,65,14888,8420
24,2,CurveVelA,66,14935,2904
24,2,CurveVelA,67,15038,29524
24,2,CurveVelA,68,15043,1633
24,2,CurveVelA,69,15572,25631
24,2,CurveVelA,70,16863,5519
24,2,CurveVelA,71,17199,9
24,2,CurveVelA,72,17373,24914
24,2,CurveVelA,73,17671,14679
24,2,CurveVelA,74,18769,9464
24,2,CurveVelA,75,19004,26843
24,2,CurveVelA,76,19475,7585
24,2,CurveVelA,77,19515,3569
24,2,CurveVelA,78,19692,18471
24,2,CurveVelA,79,20155,6012
24,2,CurveVelA,80,20659,11885
24,2,CurveVelA,81,20949,23650
24,2,CurveVelA,82,20990,11052
24,2,CurveVelA,83,20995,15593
24,2,CurveVelA,84,21247,17029
24,2,CurveVelA,85,21338,24181
24,2,CurveVelA,86,21669,6100
24,2,CurveVelA,87,21729,2894
24,2,CurveVelA,88,22264,2079
24,2,CurveVelA,89,22511,27683
24,2,CurveVelA,90,22695,15860
24,2,CurveVelA,91,23263,7297
24,2,CurveVelA,92,23365,7601
24,2,CurveVelA,93,23401,5088
24,2,CurveVelA,94,23544,875
24,2,CurveVelA,95,23695,6474
24,2,CurveVelA,96,24230,24882
24,2,CurveVelA,97,24581,9072
24,2,CurveVelA,98,24819,25671
24,2,CurveVelA,99,25019,23978
24,2,CurveVelA,100,25239,1138
24,2,CurveVelA,101,25401,26045
24,2,CurveVelA,102,25435,3851
24,2,CurveVelA,103,25883,18746
24,2,CurveVelA,104,25930,29697
24,2,CurveVelA,105,26365,14353
24,2,CurveVelA,106,26379,5978
24,2,CurveVelA,107,26725,7960
24,2,CurveVelA,108,26996,24053
24,2,CurveVelA,109,27650,466
24,2,CurveVelA,110,27784,7528
24,2,CurveVelA,111,28013,14318
24,2,CurveVelA,112,28431,19633
24,2,CurveVelA,113,28931,27754
24,2,CurveVelA,114,29037,27864
24,2,CurveVelA,115,29519,8496
24,2,CurveVelA,116,29930,19585
24,2,CurveVelA,117,29964,4619
24,2,CurveVelA,118,30252,5996
24,2,CurveVelA,119,30834,28309
24,2,CurveVelA,120,30935,19970
24,2,CurveVelA,121,30950,9440
24,2,CurveVelA,122,31358,7067
24,2,CurveVelA,123,31555,17754
24,2,CurveVelA,124,31692,1861
24,2,CurveVelA,125,31833,14188
24,2,CurveVelA,126,32668,19631
24,2,CurveVelA,127,33399,9121
25,2,CurveVelA,0,100,17671
25,2,CurveVelA,1,387,27553
25,2,CurveVelA,2,452,14526
25,2,CurveVelA,3,807,1747
25,2,CurveVelA,4,1122,18183
25,2,CurveVelA,5,1789,12817
25,2,CurveVelA,6,2182,18583
25,2,CurveVelA,7,2436,1359
25,2,CurveVelA,8,2641,22083
25,2,CurveVelA,9,2686,18521
25,2,CurveVelA,10,2883,9015
25,2,CurveVelA,11,3080,7850
25,2,CurveVelA,12,3329,28610
25,2,CurveVelA,13,3525,1014
25,2,CurveVelA,14,3856,12712
25,2,CurveVelA,15,4109,4440
25,2,CurveVelA,16,4118,4274
25,2,CurveVelA,17,4131,26844
25,2,CurveVelA,18,4306,3425
25,2,CurveVelA,19,4343,16114
25,2,CurveVelA,20,4348,5008
25,2,CurveVelA,21,4586,5747
25,2,CurveVelA,22,4732,6315
25,2,CurveVelA,23,5194,29723
25,2,CurveVelA,24,5245,23868
25,2,CurveVelA,25,5380,8040
25,2,CurveVelA,26,5819,24115
25,2,CurveVelA,27,5834,14746
25,2,CurveVelA,28,6022,10356
25,2,CurveVelA,29,6633,16771
25,2,CurveVelA,30,6727,4306
25,2,CurveVelA,31,7441,2961
25,2,CurveVelA,32,7623,22918
25,2,CurveVelA,33,7638,15447
25,2,CurveVelA,34,7781,6592
25,2,CurveVelA,35,7836,3680
25,2,CurveVelA,36,7967,24023
25,2,CurveVelA,37,8050,26259
25,2,CurveVelA,38,8713,1567
25,2,CurveVelA,39,8948,15054
25,2,CurveVelA,40,9065,11321
25,2,CurveVelA,41,9269,27863
25,2,CurveVelA,42,9284,12882
25,2,CurveVelA,43,9542,4539
25,2,CurveVelA,44,9762,24806
25,2,CurveVelA,45,9764,11385
25,2,CurveVelA,46,9851,13429
25,2,CurveVelA,47,10015,28573
25,2,CurveVelA,48,10645,10841
25,2,CurveVelA,49,10754,1905
25,2,CurveVelA,50,11446,24913
25,2,CurveVelA,51,11542,15579
25,2,CurveVelA,52,11554,11442
25,2,CurveVelA,53,11825,7958
25,2,CurveVelA,54,12175,19899
25,2,CurveVelA,55,12400,12330
25,2,CurveVelA,56,13338,13315
25,2,CurveVelA,57,14409,5854
25,2,CurveVelA,58,14688,27808
25,2,CurveVelA,59,15076,4361
25,2,CurveVelA,60,15273,4485
25,2,CurveVelA,61,15602,18451
25,2,CurveVelA,62,15689,360
25,2,CurveVelA,63,16728,3601
25,2,CurveVelA,64,16910,29390
25,2,CurveVelA,65,17049,29449
25,2,CurveVelA,66,17113,2865
25,2,CurveVelA,67,17120,15836
25,2,CurveVelA,68,17516,26882
25,2,CurveVelA,69,17520,13710
25,2,CurveVelA,70,17599,11586
25,2,CurveVelA,71,17916,6421
25,2,CurveVelA,72,18113,19897
25,2,CurveVelA,73,18162,16611
25,2,CurveVelA,74,18309,5419
25,2,CurveVelA,75,18427,23406
25,2,CurveVelA,76,18643,9909
25,2,CurveVelA,77,18989,13961
25,2,CurveVelA,78,19129,26919
25,2,CurveVelA,79,19728,7235
25,2,CurveVelA,80,20049,15676
25,2,CurveVelA,81,20337,5311
25,2,CurveVelA,82,20563,21641
25,2,CurveVelA,83,20741,2442
25,2,CurveVelA,84,21247,17029
25,2,CurveVelA,85,21733,26031
25,2,CurveVelA,86,22182,4508
25,2,CurveVelA,87,22225,14044
25,2,CurveVelA,88,22826,7273
25,2,CurveVelA,89,22855,15934
25,2,CurveVelA,90,23745,11712
25,2,CurveVelA,91,23780,10225
25,2,CurveVelA,92,24227,11525
25,2,CurveVelA,93,24302,1556
25,2,CurveVelA,94,24367,8467
25,2,CurveVelA,95,24752,26580
25,2,CurveVelA,96,25595,13296
25,2,CurveVelA,97,25747,19891
25,2,CurveVelA,98,25911,736
25,2,CurveVelA,99,26012,22990
25,2,CurveVelA,100,26334,22012
25,2,CurveVelA,101,26365,14353
25,2,CurveVelA,102,26446,9281
25,2,CurveVelA,103,26660,9975
25,2,CurveVelA,104,27185,11116
25,2,CurveVelA,105,27193,19352
25,2,CurveVelA,106,27259,4624
25,2,CurveVelA,107,27565,2822
25,2,CurveVelA,108,29471,2819
25,2,CurveVelA,109,29492,11391
25,2,CurveVelA,110,29497,23101
25,2,CurveVelA,111,29621,19909
25,2,CurveVelA,112,29829,9985
25,2,CurveVelA,113,29874,19349
25,2,CurveVelA,114,29930,19585
25,2,CurveVelA,115,30683,2377
25,2,CurveVelA,116,31628,6633
25,2,CurveVelA,117,31681,15263
25,2,CurveVelA,118,31853,19011
25,2,CurveVelA,119,31917,21045
25,2,CurveVelA,120,32392,22797
25,2,CurveVelA,121,32662,20898
25,2,CurveVelA,122,32666,14635
25,2,CurveVelA,123,33008,28114
25,2,CurveVelA,124,33213,20232
25,2,CurveVelA,125,33240,21702
25,2,CurveVelA,126,33262,2342
25,2,CurveVelA,127,33317,28486
26,2,CurveVelA,0,85,1523
26,2,CurveVelA,1,327,14756
26,2,CurveVelA,2,369,24646
26,2,CurveVelA,3,750,16591
26,2,CurveVelA,4,798,3696
26,2,CurveVelA,5,1009,15189
26,2,CurveVelA,6,1160,27431
26,2,CurveVelA,7,1193,23422
26,2,CurveVelA,8,1797,18664
26,2,CurveVelA,9,1963,3825
26,2,CurveVelA,10,2266,15999
26,2,CurveVelA,11,2394,8090
26,2,CurveVelA,12,2614,18566
26,2,CurveVelA,13,2686,18521
26,2,CurveVelA,14,2792,4851
26,2,CurveVelA,15,2957,15452
26,2,CurveVelA,16,3516,10526
26,2,CurveVelA,17,3926,6543
26,2,CurveVelA,18,4256,17683
26,2,CurveVelA,19,4271,28814
26,2,CurveVelA,20,4304,13163
26,2,CurveVelA,21,4873,26773
26,2,CurveVelA,22,5210,27099
26,2,CurveVelA,23,5445,14016
26,2,CurveVelA,24,5546,26991
26,2,CurveVelA,25,5705,27911
26,2,CurveVelA,26,5729,6659
26,2,CurveVelA,27,5743,12337
26,2,CurveVelA,28,5857,18844
26,2,CurveVelA,29,6011,1059
26,2,CurveVelA,30,6274,10620
26,2,CurveVelA,31,7121,26536
26,2,CurveVelA,32,7636,21970
26,2,CurveVelA,33,8653,15315
26,2,CurveVelA,34,8923,16173
26,2,CurveVelA,35,9302,3418
26,2,CurveVelA,36,9672,9058
26,2,CurveVelA,37,9741,27699
26,2,CurveVelA,38,10227,2127
26,2,CurveVelA,39,10282,28216
26,2,CurveVelA,40,10382,10700
26,2,CurveVelA,41,10716,11149
26,2,CurveVelA,42,10747,3846
26,2,CurveVelA,43,10754,1905
26,2,CurveVelA,44,10951,29494
26,2,CurveVelA,45,10979,7062
26,2,CurveVelA,46,11024,16724
26,2,CurveVelA,47,11342,29016
26,2,CurveVelA,48,11467,22732
26,2,CurveVelA,49,11743,16951
26,2,CurveVelA,50,11863,20717
26,2,CurveVelA,51,12215,17904
26,2,CurveVelA,52,12220,11697
26,2,CurveVelA,53,12411,13204
26,2,CurveVelA,54,12762,13219
26,2,CurveVelA,55,12910,26071
26,2,CurveVelA,56,13062,25526
26,2,CurveVelA,57,13780,19971
26,2,CurveVelA,58,14169,26603
26,2,CurveVelA,59,14425,23314
26,2,CurveVelA,60,14523,25742
26,2,CurveVelA,61,15054,12908
26,2,CurveVelA,62,15125,15141
26,2,CurveVelA,63,15330,6858
26,2,CurveVelA,64,15538,21106
26,2,CurveVelA,65,16020,14935
26,2,CurveVelA,66,16050,29675
26,2,CurveVelA,67,16112,3765
26,2,CurveVelA,68,16728,3601
26,2,CurveVelA,69,16792,16151
26,2,CurveVelA,70,16793,18585
26,2,CurveVelA,71,17120,15836
26,2,CurveVelA,72,17459,3636
26,2,CurveVelA,73,17516,26882
26,2,CurveVelA,74,17552,11805
26,2,CurveVelA,75,18109,21227
26,2,CurveVelA,76,18273,13033
26,2,CurveVelA,77,18419,19331
26,2,CurveVelA,78,18427,23406
26,2,CurveVelA,79,19108,5713
26,2,CurveVelA,80,19144,15806
26,2,CurveVelA,81,19204,12343
26,2,CurveVelA,82,19323,29104
26,2,CurveVelA,83,19593,8857
26,2,CurveVelA,84,20331,3739
26,2,CurveVelA,85,21419,15401
26,2,CurveVelA,86,21769,29228
26,2,CurveVelA,87,21891,19906
26,2,CurveVelA,88,22007,6982
26,2,CurveVelA,89,22244,8556
26,2,CurveVelA,90,22269,24795
26,2,CurveVelA,91,22622,17972
26,2,CurveVelA,92,22833,22193
26,2,CurveVelA,93,22901,29647
26,2,CurveVelA,94,23085,21357
26,2,CurveVelA,95,23443,14607
26,2,CurveVelA,96,24028,7531
26,2,CurveVelA,97,24284,18807
26,2,CurveVelA,98,25056,8195
26,2,CurveVelA,99,25251,21588
26,2,CurveVelA,100,25391,26297
26,2,CurveVelA,101,25552,3693
26,2,CurveVelA,102,25801,16070
26,2,CurveVelA,103,25925,29594
26,2,CurveVelA,104,26466,28367
26,2,CurveVelA,105,26814,14710
26,2,CurveVelA,106,26926,24550
26,2,CurveVelA,107,27058,907
26,2,CurveVelA,108,27462,6847
26,2,CurveVelA,109,28406,1916
26,2,CurveVelA,110,28409,22926
26,2,CurveVelA,111,28511,20621
26,2,CurveVelA,112,28563,10030
26,2,CurveVelA,113,28674,826
26,2,CurveVelA,114,28818,8370
26,2,CurveVelA,115,29000,1662
26,2,CurveVelA,116,29149,21057
26,2,CurveVelA,117,29249,11218
26,2,CurveVelA,118,29779,18793
26,2,CurveVelA,119,29814,17372
26,2,CurveVelA,120,30363,2460
26,2,CurveVelA,121,30780,1624
26,2,CurveVelA,122,30875,5941
26,2,CurveVelA,123,31186,3343
26,2,CurveVelA,124,32995,22650
26,2,CurveVelA,125,33359,10784
26,2,CurveVelA,126,33422,10802
26,2,CurveVelA,127,33429,17805
27,2,CurveVelA,0,5,24258
27,2,CurveVelA,1,17,2834
27,2,CurveVelA,2,85,1523
27,2,CurveVelA,3,182,26936
27,2,CurveVelA,4,625,24200
27,2,CurveVelA,5,903,28313
27,2,CurveVelA,6,924,15182
27,2,CurveVelA,7,1129,4210
27,2,CurveVelA,8,1138,5381
27,2,CurveVelA,9,1200,13829
27,2,CurveVelA,10,2080,12026
27,2,CurveVelA,11,2234,1319
27,2,CurveVelA,12,2355,18418
27,2,CurveVelA,13,2621,21825
27,2,CurveVelA,14,2792,4851
27,2,CurveVelA,15,4035,28758
27,2,CurveVelA,16,4569,15015
27,2,CurveVelA,17,4843,14190
27,2,CurveVelA,18,5397,17420
27,2,CurveVelA,19,6002,14520
27,2,CurveVelA,20,6245,9637
27,2,CurveVelA,21,6780,5828
27,2,CurveVelA,22,7209,3564
27,2,CurveVelA,23,7567,29970
27,2,CurveVelA,24,8054,20165
27,2,CurveVelA,25,8148,12136
27,2,CurveVelA,26,9154,8938
27,2,CurveVelA,27,9307,9808
27,2,CurveVelA,28,9483,8946
27,2,CurveVelA,29,9559,18431
27,2,CurveVelA,30,9584,5367
27,2,CurveVelA,31,9980,2018
27,2,CurveVelA,32,9988,575
27,2,CurveVelA,33,10282,28216
27,2,CurveVelA,34,10643,9885
27,2,CurveVelA,35,11126,14087
27,2,CurveVelA,36,11241,10303
27,2,CurveVelA,37,11342,29016
27,2,CurveVelA,38,11542,15579
27,2,CurveVelA,39,12325,1100
27,2,CurveVelA,40,12328,19716
27,2,CurveVelA,41,12459,5710
27,2,CurveVelA,42,12581,18747
27,2,CurveVelA,43,12794,252
27,2,CurveVelA,44,12964,5837
27,2,CurveVelA,45,13193,13168
27,2,CurveVelA,46,13781,2860
27,2,CurveVelA,47,13828,20897
27,2,CurveVelA,48,13938,13771
27,2,CurveVelA,49,14104,11265
27,2,CurveVelA,50,14207,21392
27,2,CurveVelA,51,14416,2394
27,2,CurveVelA,52,14441,8966
27,2,CurveVelA,53,14443,3731
27,2,CurveVelA,54,15034,13567
27,2,CurveVelA,55,15043,1633
27,2,CurveVelA,56,15451,18631
27,2,CurveVelA,57,16112,3765
27,2,CurveVelA,58,16199,15973
27,2,CurveVelA,59,17459,3636
27,2,CurveVelA,60,17722,14780
27,2,CurveVelA,61,17862,29707
27,2,CurveVelA,62,17872,2893
27,2,CurveVelA,63,17876,28854
27,2,CurveVelA,64,18316,57
27,2,CurveVelA,65,18322,29887
27,2,CurveVelA,66,18853,20915
27,2,CurveVelA,67,18872,6767
27,2,CurveVelA,68,18915,11026
27,2,CurveVelA,69,19323,29104
27,2,CurveVelA,70,19910,17701
27,2,CurveVelA,71,20043,13749
27,2,CurveVelA,72,20156,27069
27,2,CurveVelA,73,20276,11160
27,2,CurveVelA,74,20283,25417
27,2,CurveVelA,75,20310,6630
27,2,CurveVelA,76,21509,10570
27,2,CurveVelA,77,21538,26984
27,2,CurveVelA,78,21921,9715
27,2,CurveVelA,79,22133,13508
27,2,CurveVelA,80,22260,15637
27,2,CurveVelA,81,22511,27683
27,2,CurveVelA,82,23085,21357
27,2,CurveVelA,83,23216,23529
27,2,CurveVelA,84,23639,23402
27,2,CurveVelA,85,23833,27988
27,2,CurveVelA,86,23982,5152
27,2,CurveVelA,87,24092,13688
27,2,CurveVelA,88,24272,351
27,2,CurveVelA,89,24572,25387
27,2,CurveVelA,90,24640,15923
27,2,CurveVelA,91,24819,25671
27,2,CurveVelA,92,24866,29282
27,2,CurveVelA,93,25015,26237
27,2,CurveVelA,94,25239,1138
27,2,CurveVelA,95,25435,3851
27,2,CurveVelA,96,25443,8654
27,2,CurveVelA,97,25612,5338
27,2,CurveVelA,98,25683,6927
27,2,CurveVelA,99,25741,10463
27,2,CurveVelA,100,25801,16070
27,2,CurveVelA,101,25940,6956
27,2,CurveVelA,102,25971,24043
27,2,CurveVelA,103,26126,14332
27,2,CurveVelA,104,26334,22012
27,2,CurveVelA,105,26819,65
27,2,CurveVelA,106,27028,10543
27,2,CurveVelA,107,27495,9297
27,2,CurveVelA,108,27783,13523
27,2,CurveVelA,109,27805,8947
27,2,CurveVelA,110,28353,27330
27,2,CurveVelA,111,28441,29561
27,2,CurveVelA,112,28810,480
27,2,CurveVelA,113,29756,21926
27,2,CurveVelA,114,29774,16665
27,2,CurveVelA,115,29930,19585
27,2,CurveVelA,116,30167,8889
27,2,CurveVelA,117,30531,6108
27,2,CurveVelA,118,31578,21623
27,2,CurveVelA,119,31936,7116
27,2,CurveVelA,120,32274,25368
27,2,CurveVelA,121,32591,18785
27,2,CurveVelA,122,32615,23197
27,2,CurveVelA,123,32920,975
27,2,CurveVelA,124,32995,22650
27,2,CurveVelA,125,33220,19674
27,2,CurveVelA,126,33422,10802
27,2,CurveVelA,127,33582,21684
28,2,CurveVelA,0,108,16475
28,2,CurveVelA,1,110,10006
28,2,CurveVelA,2,452,14526
28,2,CurveVelA,3,1345,4267
28,2,CurveVelA,4,1352,10965
28,2,CurveVelA,5,1756,15551
28,2,CurveVelA,6,2108,29318
28,2,CurveVelA,7,2463,18099
28,2,CurveVelA,8,3134,15739
28,2,CurveVelA,9,3315,25869
28,2,CurveVelA,10,3986,155
28,2,CurveVelA,11,4160,24957
28,2,CurveVelA,12,4186,15167
28,2,CurveVelA,13,4535,25758
28,2,CurveVelA,14,4623,17690
28,2,CurveVelA,15,4717,19116
28,2,CurveVelA,16,4737,14440
28,2,CurveVelA,17,5033,17971
28,2,CurveVelA,18,5419,11012
28,2,CurveVelA,19,5987,18887
28,2,CurveVelA,20,6193,12200
28,2,CurveVelA,21,6591,18094
28,2,CurveVelA,22,6822,6284
28,2,CurveVelA,23,7189,12792
28,2,CurveVelA,24,7343,134
28,2,CurveVelA,25,7370,5301
28,2,CurveVelA,26,7372,11727
28,2,CurveVelA,27,7603,363
28,2,CurveVelA,28,7865,20566
28,2,CurveVelA,29,7883,22447
28,2,CurveVelA,30,7927,6564
28,2,CurveVelA,31,7962,11519
28,2,CurveVelA,32,8050,26259
28,2,CurveVelA,33,8210,17911
28,2,CurveVelA,34,8363,506
28,2,CurveVelA,35,8713,1567
28,2,CurveVelA,36,9065,11321
28,2,CurveVelA,37,9164,27395
28,2,CurveVelA,38,9269,27863
28,2,CurveVelA,39,9271,22755
28,2,CurveVelA,40,9571,25267
28,2,CurveVelA,41,9998,9057
28,2,CurveVelA,42,10147,22588
28,2,CurveVelA,43,10483,16110
28,2,CurveVelA,44,10560,14787
28,2,CurveVelA,45,10747,3846
28,2,CurveVelA,46,11423,3653
28,2,CurveVelA,47,11705,17356
28,2,CurveVelA,48,11745,23007
28,2,CurveVelA,49,12170,10102
28,2,CurveVelA,50,12362,13404
28,2,CurveVelA,51,12500,2316
28,2,CurveVelA,52,12542,23548
28,2,CurveVelA,53,12746,1062
28,2,CurveVelA,54,12772,18889
28,2,CurveVelA,55,13024,1655
28,2,CurveVelA,56,13325,12115
28,2,CurveVelA,57,13361,27905
28,2,CurveVelA,58,13874,16181
28,2,CurveVelA,59,14126,20208
28,2,CurveVelA,60,14197,2624
28,2,CurveVelA,61,14275,16293
28,2,CurveVelA,62,14321,7190
28,2,CurveVelA,63,14447,16407
28,2,CurveVelA,64,14827,16563
28,2,CurveVelA,65,15034,13567
28,2,CurveVelA,66,15165,3322
28,2,CurveVelA,67,15381,24965
28,2,CurveVelA,68,16101,16008
28,2,CurveVelA,69,16146,5638
28,2,CurveVelA,70,16635,6850
28,2,CurveVelA,71,16967,19955
28,2,CurveVelA,72,17216,28348
28,2,CurveVelA,73,18257,11383
28,2,CurveVelA,74,18555,825
28,2,CurveVelA,75,18749,10918
28,2,CurveVelA,76,18838,9106
28,2,CurveVelA,77,18858,26770
28,2,CurveVelA,78,19728,7235
28,2,CurveVelA,79,19827,27824
28,2,CurveVelA,80,19893,19487
28,2,CurveVelA,81,19932,1535
28,2,CurveVelA,82,20049,15676
28,2,CurveVelA,83,20558,22415
28,2,CurveVelA,84,21402,27085
28,2,CurveVelA,85,21509,10570
28,2,CurveVelA,86,22101,7241
28,2,CurveVelA,87,22192,18487
28,2,CurveVelA,88,22437,15844
28,2,CurveVelA,89,22932,1994
28,2,CurveVelA,90,23216,23529
28,2,CurveVelA,91,23285,24267
28,2,CurveVelA,92,23755,6664
28,2,CurveVelA,93,23952,2914
28,2,CurveVelA,94,24101,6265
28,2,CurveVelA,95,24113,13246
28,2,CurveVelA,96,24209,21871
28,2,CurveVelA,97,24449,19276
28,2,CurveVelA,98,25022,26070
28,2,CurveVelA,99,25217,10973
28,2,CurveVelA,100,25239,1138
28,2,CurveVelA,101,25314,19493
28,2,CurveVelA,102,25636,13043
28,2,CurveVelA,103,25755,22633
28,2,CurveVelA,104,25801,16070
28,2,CurveVelA,105,25838,14539
28,2,CurveVelA,106,25901,25500
28,2,CurveVelA,107,25930,29697
28,2,CurveVelA,108,27728,22263
28,2,CurveVelA,109,27780,14758
28,2,CurveVelA,110,28228,17826
28,2,CurveVelA,111,28594,4514
28,2,CurveVelA,112,28708,16681
28,2,CurveVelA,113,29372,10927
28,2,CurveVelA,114,29582,28546
28,2,CurveVelA,115,30270,2471
28,2,CurveVelA,116,30566,5409
28,2,CurveVelA,117,30660,22573
28,2,CurveVelA,118,31157,13665
28,2,CurveVelA,119,31877,12842
28,2,CurveVelA,120,32085,26223
28,2,CurveVelA,121,32137,22158
28,2,CurveVelA,122,32400,29363
28,2,CurveVelA,123,32537,2307
28,2,CurveVelA,124,32596,27219
28,2,CurveVelA,125,33037,12965
28,2,CurveVelA,126,33553,5641
28,2,CurveVelA,127,33582,21684
29,2,CurveVelA,0,387,27553
29,2,CurveVelA,1,445,11354
29,2,CurveVelA,2,765,7092
29,2,CurveVelA,3,845,28163
29,2,CurveVelA,4,1167,12010
29,2,CurveVelA,5,1410,10086
29,2,CurveVelA,6,1747,17615
29,2,CurveVelA,7,2266,15999
29,2,CurveVelA,8,2441,29500
29,2,CurveVelA,9,2464,13674
29,2,CurveVelA,10,2622,10842
29,2,CurveVelA,11,2816,26974
29,2,CurveVelA,12,3329,28610
29,2,CurveVelA,13,4637,29076
29,2,CurveVelA,14,4686,10534
29,2,CurveVelA,15,4837,17168
29,2,CurveVelA,16,4994,15535
29,2,CurveVelA,17,5155,25021
29,2,CurveVelA,18,5223,10116
29,2,CurveVelA,19,5235,18480
29,2,CurveVelA,20,5546,26991
29,2,CurveVelA,21,5851,13259
29,2,CurveVelA,22,6351,20403
29,2,CurveVelA,23,6451,22936
29,2,CurveVelA,24,6822,6284
29,2,CurveVelA,25,6901,14086
29,2,CurveVelA,26,7235,16052
29,2,CurveVelA,27,7567,29970
29,2,CurveVelA,28,7589,14452
29,2,CurveVelA,29,7742,8955
29,2,CurveVelA,30,7883,22447
29,2,CurveVelA,31,8086,1109
29,2,CurveVelA,32,8148,12136
29,2,CurveVelA,33,8463,15938
29,2,CurveVelA,34,9155,14518
29,2,CurveVelA,35,9284,12882
29,2,CurveVelA,36,10180,22132
29,2,CurveVelA,37,10474,29301
29,2,CurveVelA,38,11505,27741
29,2,CurveVelA,39,12346,762
29,2,CurveVelA,40,12456,22036
29,2,CurveVelA,41,13062,25526
29,2,CurveVelA,42,13325,12115
29,2,CurveVelA,43,13537,12248
29,2,CurveVelA,44,13923,20360
29,2,CurveVelA,45,13961,4679
29,2,CurveVelA,46,14441,8966
29,2,CurveVelA,47,14494,10110
29,2,CurveVelA,48,14869,1297
29,2,CurveVelA,49,15054,12908
29,2,CurveVelA,50,15076,4361
29,2,CurveVelA,51,15117,5075
29,2,CurveVelA,52,15309,20923
29,2,CurveVelA,53,15414,18898
29,2,CurveVelA,54,15770,12920
29,2,CurveVelA,55,15868,25562
29,2,CurveVelA,56,16421,16043
29,2,CurveVelA,57,16728,3601
29,2,CurveVelA,58,16911,10548
29,2,CurveVelA,59,17069,25327
29,2,CurveVelA,60,17608,29720
29,2,CurveVelA,61,18180,25120
29,2,CurveVelA,62,18221,13075
29,2,CurveVelA,63,18249,2023
29,2,CurveVelA,64,18365,21067
29,2,CurveVelA,65,18651,13782
29,2,CurveVelA,66,18832,16684
29,2,CurveVelA,67,18853,20915
29,2,CurveVelA,68,19109,2595
29,2,CurveVelA,69,19679,18472
29,2,CurveVelA,70,20563,21641
29,2,CurveVelA,71,20922,3496
29,2,CurveVelA,72,20949,23650
29,2,CurveVelA,73,21114,2896
29,2,CurveVelA,74,21356,13129
29,2,CurveVelA,75,21538,26984
29,2,CurveVelA,76,21669,6100
29,2,CurveVelA,77,21777,15663
29,2,CurveVelA,78,22932,1994
29,2,CurveVelA,79,23211,24361
29,2,CurveVelA,80,23509,27096
29,2,CurveVelA,81,23544,875
29,2,CurveVelA,82,23554,15407
29,2,CurveVelA,83,23704,19818
29,2,CurveVelA,84,23739,5850
29,2,CurveVelA,85,23780,10225
29,2,CurveVelA,86,23903,14534
29,2,CurveVelA,87,24230,24882
29,2,CurveVelA,88,24307,4599
29,2,CurveVelA,89,24627,25644
29,2,CurveVelA,90,24675,12616
29,2,CurveVelA,91,24966,17814
29,2,CurveVelA,92,25115,29842
29,2,CurveVelA,93,25251,21588
29,2,CurveVelA,94,25264,3830
29,2,CurveVelA,95,25755,22633
29,2,CurveVelA,96,25842,14279
29,2,CurveVelA,97,25901,25500
29,2,CurveVelA,98,25940,6956
29,2,CurveVelA,99,25963,19809
29,2,CurveVelA,100,25971,24043
29,2,CurveVelA,101,26396,28789
29,2,CurveVelA,102,26445,22725
29,2,CurveVelA,103,26641,20444
29,2,CurveVelA,104,27334,8749
29,2,CurveVelA,105,27501,22224
29,2,CurveVelA,106,27728,22263
29,2,CurveVelA,107,28013,14318
29,2,CurveVelA,108,28228,17826
29,2,CurveVelA,109,28256,16635
29,2,CurveVelA,110,28453,25677
29,2,CurveVelA,111,28511,20621
29,2,CurveVelA,112,28524,15594
29,2,CurveVelA,113,28708,16681
29,2,CurveVelA,114,28896,1337
29,2,CurveVelA,115,29621,19909
29,2,CurveVelA,116,29650,24203
29,2,CurveVelA,117,30254,18918
29,2,CurveVelA,118,30625,13926
29,2,CurveVelA,119,30800,10196
29,2,CurveVelA,120,31358,7067
29,2,CurveVelA,121,31494,9351
29,2,CurveVelA,122,31578,21623
29,2,CurveVelA,123,31788,24588
29,2,CurveVelA,124,32074,11701
29,2,CurveVelA,125,32137,22158
29,2,CurveVelA,126,32622,6244
29,2,CurveVelA,127,33240,21702
30,3,CurveVelB,0,64,21947
30,3,CurveVelB,1,284,15124
30,3,CurveVelB,2,370,16344
30,3,CurveVelB,3,558,24586
30,3,CurveVelB,4,658,19550
30,3,CurveVelB,5,835,10821
30,3,CurveVelB,6,1136,4972
30,3,CurveVelB,7,1207,12740
30,3,CurveVelB,8,1239,22499
30,3,CurveVelB,9,2059,4156
30,3,CurveVelB,10,2136,12567
30,3,CurveVelB,11,2264,17659
30,3,CurveVelB,12,2458,22113
30,3,CurveVelB,13,2758,15532
30,3,CurveVelB,14,3553,3850
30,3,CurveVelB,15,3956,14471
30,3,CurveVelB,16,4029,25560
30,3,CurveVelB,17,4552,29585
30,3,CurveVelB,18,4631,26573
30,3,CurveVelB,19,4655,21358
30,3,CurveVelB,20,5000,6441
30,3,CurveVelB,21,5166,3636
30,3,CurveVelB,22,5248,27861
30,3,CurveVelB,23,6373,21599
30,3,CurveVelB,24,6445,26670
30,3,CurveVelB,25,6736,12115
30,3,CurveVelB,26,6839,5763
30,3,CurveVelB,27,7093,27755
30,3,CurveVelB,28,7141,9468
30,3,CurveVelB,29,8010,1200
30,3,CurveVelB,30,8133,8115
30,3,CurveVelB,31,8139,12020
30,3,CurveVelB,32,8582,22518
30,3,CurveVelB,33,8645,5112
30,3,CurveVelB,34,8684,20814
30,3,CurveVelB,35,8700,2693
30,3,CurveVelB,36,8729,15916
30,3,CurveVelB,37,8891,26522
30,3,CurveVelB,38,9087,20717
30,3,CurveVelB,39,10288,25836
30,3,CurveVelB,40,10488,27833
30,3,CurveVelB,41,11065,22116
30,3,CurveVelB,42,11233,16662
30,3,CurveVelB,43,11398,25712
30,3,CurveVelB,44,11596,12557
30,3,CurveVelB,45,11612,26072
30,3,CurveVelB,46,11761,13621
30,3,CurveVelB,47,11850,525
30,3,CurveVelB,48,11990,5411
30,3,CurveVelB,49,12375,4601
30,3,CurveVelB,50,12881,3550
30,3,CurveVelB,51,13145,7684
30,3,CurveVelB,52,13340,11324
30,3,CurveVelB,53,13378,1340
30,3,CurveVelB,54,13500,2247
30,3,CurveVelB,55,13545,12829
30,3,CurveVelB,56,13572,14733
30,3,CurveVelB,57,13725,9651
30,3,CurveVelB,58,13855,16198
30,3,CurveVelB,59,13967,24548
30,3,CurveVelB,60,14668,15035
30,3,CurveVelB,61,14828,12753
30,3,CurveVelB,62,15151,2560
30,3,CurveVelB,63,15175,11392
30,3,CurveVelB,64,15237,26872
30,3,CurveVelB,65,15423,10474
30,3,CurveVelB,66,16252,29560
30,3,CurveVelB,67,16290,15011
30,3,CurveVelB,68,16450,9400
30,3,CurveVelB,69,16565,8138
30,3,CurveVelB,70,16943,20624
30,3,CurveVelB,71,17066,1187
30,3,CurveVelB,72,17179,14122
30,3,CurveVelB,73,17811,11798
30,3,CurveVelB,74,17889,28787
30,3,CurveVelB,75,18219,16595
30,3,CurveVelB,76,18781,2056
30,3,CurveVelB,77,18870,13807
30,3,CurveVelB,78,19013,21079
30,3,CurveVelB,79,19118,20739
30,3,CurveVelB,80,19140,26391
30,3,CurveVelB,81,19281,14651
30,3,CurveVelB,82,19315,9105
30,3,CurveVelB,83,19626,9314
30,3,CurveVelB,84,19839,9524
30,3,CurveVelB,85,20019,20928
30,3,CurveVelB,86,20141,27992
30,3,CurveVelB,87,20641,25442
30,3,CurveVelB,88,20852,6232
30,3,CurveVelB,89,21594,20500
30,3,CurveVelB,90,21617,4315
30,3,CurveVelB,91,21726,15181
30,3,CurveVelB,92,21850,10999
30,3,CurveVelB,93,22470,3050
30,3,CurveVelB,94,22499,3859
30,3,CurveVelB,95,22843,6580
30,3,CurveVelB,96,23438,18162
30,3,CurveVelB,97,23594,11119
30,3,CurveVelB,98,23796,26431
30,3,CurveVelB,99,24223,26180
30,3,CurveVelB,100,24971,12802
30,3,CurveVelB,101,25442,6766
30,3,CurveVelB,102,25454,16784
30,3,CurveVelB,103,26236,702
30,3,CurveVelB,104,26519,27687
30,3,CurveVelB,105,27136,57
30,3,CurveVelB,106,27253,26475
30,3,CurveVelB,107,27615,17389
30,3,CurveVelB,108,27777,26479
30,3,CurveVelB,109,27877,19811
30,3,CurveVelB,110,28446,27219
30,3,CurveVelB,111,28677,3419
30,3,CurveVelB,112,29206,25365
30,3,CurveVelB,113,29454,14504
30,3,CurveVelB,114,29932,11515
30,3,CurveVelB,115,30535,4833
30,3,CurveVelB,116,30552,8498
30,3,CurveVelB,117,31039,23277
30,3,CurveVelB,118,31262,20092
30,3,CurveVelB,119,31274,437
30,3,CurveVelB,120,31708,22898
30,3,CurveVelB,121,31759,5488
30,3,CurveVelB,122,32208,10087
30,3,CurveVelB,123,32626,19456
30,3,CurveVelB,124,32679,18126
30,3,CurveVelB,125,33122,15270
30,3,CurveVelB,126,33201,20190
30,3,CurveVelB,127,33596,27437
31,3,CurveVelB,0,344,3959
31,3,CurveVelB,1,389,1033
31,3,CurveVelB,2,542,26204
31,3,CurveVelB,3,1282,27627
31,3,CurveVelB,4,1285,6055
31,3,CurveVelB,5,1488,10667
31,3,CurveVelB,6,1547,28090
31,3,CurveVelB,7,1628,15690
31,3,CurveVelB,8,1865,29063
31,3,CurveVelB,9,1941,8912
31,3,CurveVelB,10,2046,19303
31,3,CurveVelB,11,2125,19645
31,3,CurveVelB,12,2218,3692
31,3,CurveVelB,13,2429,76
31,3,CurveVelB,14,2646,20421
31,3,CurveVelB,15,2758,15532
31,3,CurveVelB,16,2954,51
31,3,CurveVelB,17,3289,6163
31,3,CurveVelB,18,3405,21622
31,3,CurveVelB,19,4041,11403
31,3,CurveVelB,20,4133,11562
31,3,CurveVelB,21,4286,21006
31,3,CurveVelB,22,4363,9670
31,3,CurveVelB,23,4456,10055
31,3,CurveVelB,24,4548,27489
31,3,CurveVelB,25,4583,14267
31,3,CurveVelB,26,4932,26252
31,3,CurveVelB,27,4933,29421
31,3,CurveVelB,28,5143,20496
31,3,CurveVelB,29,5506,20436
31,3,CurveVelB,30,5717,13653
31,3,CurveVelB,31,5807,26411
31,3,CurveVelB,32,5856,6468
31,3,CurveVelB,33,5992,11637
31,3,CurveVelB,34,6072,11894
31,3,CurveVelB,35,6135,7493
31,3,CurveVelB,36,6260,22012
31,3,CurveVelB,37,6436,16726
31,3,CurveVelB,38,6720,5667
31,3,CurveVelB,39,6776,13578
31,3,CurveVelB,40,7134,27451
31,3,CurveVelB,41,7289,7475
31,3,CurveVelB,42,7497,27548
31,3,CurveVelB,43,7501,24220
31,3,CurveVelB,44,7538,22355
31,3,CurveVelB,45,8015,22107
31,3,CurveVelB,46,8323,5955
31,3,CurveVelB,47,8379,7958
31,3,CurveVelB,48,8422,27076
31,3,CurveVelB,49,9124,1574
31,3,CurveVelB,50,9781,17758
31,3,CurveVelB,51,9834,26042
31,3,CurveVelB,52,10484,15273
31,3,CurveVelB,53,10630,19470
31,3,CurveVelB,54,10705,107
31,3,CurveVelB,55,10899,27652
31,3,CurveVelB,56,11030,9454
31,3,CurveVelB,57,11564,28565
31,3,CurveVelB,58,11761,13621
31,3,CurveVelB,59,11775,12196
31,3,CurveVelB,60,12251,29866
31,3,CurveVelB,61,13238,19767
31,3,CurveVelB,62,13243,10387
31,3,CurveVelB,63,13352,23443
31,3,CurveVelB,64,13469,3210
31,3,CurveVelB,65,13473,25443
31,3,CurveVelB,66,13725,9651
31,3,CurveVelB,67,13779,11790
31,3,CurveVelB,68,13912,25719
31,3,CurveVelB,69,14631,21815
31,3,CurveVelB,70,15014,1685
31,3,CurveVelB,71,15195,8301
31,3,CurveVelB,72,15819,1800
31,3,CurveVelB,73,15826,11781
31,3,CurveVelB,74,16350,8122
31,3,CurveVelB,75,16691,22423
31,3,CurveVelB,76,16734,24012
31,3,CurveVelB,77,17540,21244
31,3,CurveVelB,78,17654,25999
31,3,CurveVelB,79,17989,18650
31,3,CurveVelB,80,18019,6661
31,3,CurveVelB,81,18061,25674
31,3,CurveVelB,82,18359,21703
31,3,CurveVelB,83,18509,19736
31,3,CurveVelB,84,18520,16504
31,3,CurveVelB,85,18578,26856
31,3,CurveVelB,86,18894,6935
31,3,CurveVelB,87,19642,13208
31,3,CurveVelB,88,19652,20458
31,3,CurveVelB,89,19823,24226
31,3,CurveVelB,90,20786,21305
31,3,CurveVelB,91,20796,21130
31,3,CurveVelB,92,20831,11378
31,3,CurveVelB,93,20896,4486
31,3,CurveVelB,94,20921,4936
31,3,CurveVelB,95,21337,17090
31,3,CurveVelB,96,21705,29047
31,3,CurveVelB,97,21922,13295
31,3,CurveVelB,98,22014,9348
31,3,CurveVelB,99,22413,23178
31,3,CurveVelB,100,22955,10573
31,3,CurveVelB,101,23426,25383
31,3,CurveVelB,102,23442,2971
31,3,CurveVelB,103,23480,20712
31,3,CurveVelB,104,23721,8958
31,3,CurveVelB,105,26524,9137
31,3,CurveVelB,106,27707,11633
31,3,CurveVelB,107,27909,13858
31,3,CurveVelB,108,28203,21360
31,3,CurveVelB,109,29009,9723
31,3,CurveVelB,110,29619,2566
31,3,CurveVelB,111,29998,14888
31,3,CurveVelB,112,30116,562
31,3,CurveVelB,113,30274,16717
31,3,CurveVelB,114,30849,18273
31,3,CurveVelB,115,31202,9259
31,3,CurveVelB,116,31408,28944
31,3,CurveVelB,117,31526,29018
31,3,CurveVelB,118,31605,12542
31,3,CurveVelB,119,31782,19035
31,3,CurveVelB,120,32114,20309
31,3,CurveVelB,121,32241,25061
31,3,CurveVelB,122,32331,2582
31,3,CurveVelB,123,32459,254
31,3,CurveVelB,124,32679,18126
31,3,CurveVelB,125,33402,29067
31,3,CurveVelB,126,33414,29140
31,3,CurveVelB,127,33570,11968
32,3,CurveVelB,0,8,29455
32,3,CurveVelB,1,671,11274
32,3,CurveVelB,2,699,28161
32,3,CurveVelB,3,989,19613
32,3,CurveVelB,4,1239,22499
32,3,CurveVelB,5,1441,23544
32,3,CurveVelB,6,1470,24188
32,3,CurveVelB,7,1542,22326
32,3,CurveVelB,8,2125,19645
32,3,CurveVelB,9,2424,19912
32,3,CurveVelB,10,2879,13036
32,3,CurveVelB,11,3114,18157
32,3,CurveVelB,12,3292,19998
32,3,CurveVelB,13,4044,3276
32,3,CurveVelB,14,4603,10869
32,3,CurveVelB,15,4644,6499
32,3,CurveVelB,16,4655,21358
32,3,CurveVelB,17,4749,22430
32,3,CurveVelB,18,4767,18936
32,3,CurveVelB,19,4888,518
32,3,CurveVelB,20,5114,10761
32,3,CurveVelB,21,5454,556
32,3,CurveVelB,22,5506,20436
32,3,CurveVelB,23,5760,485
32,3,CurveVelB,24,6162,28078
32,3,CurveVelB,25,6487,28321
32,3,CurveVelB,26,6661,20098
32,3,CurveVelB,27,8275,13119
32,3,CurveVelB,28,8323,5955
32,3,CurveVelB,29,8916,27113
32,3,CurveVelB,30,9052,16833
32,3,CurveVelB,31,9096,22272
32,3,CurveVelB,32,9600,22461
32,3,CurveVelB,33,9667,17409
32,3,CurveVelB,34,9887,907
32,3,CurveVelB,35,10119,8098
32,3,CurveVelB,36,10279,23125
32,3,CurveVelB,37,10281,5924
32,3,CurveVelB,38,10294,13584
32,3,CurveVelB,39,10315,24112
32,3,CurveVelB,40,10457,2413
32,3,CurveVelB,41,10630,19470
32,3,CurveVelB,42,10927,25491
32,3,CurveVelB,43,11214,28904
32,3,CurveVelB,44,11322,5824
32,3,CurveVelB,45,11447,17786
32,3,CurveVelB,46,12355,23516
32,3,CurveVelB,47,12523,20091
32,3,CurveVelB,48,12803,2222
32,3,CurveVelB,49,12992,8604
32,3,CurveVelB,50,13500,2247
32,3,CurveVelB,51,13545,12829
32,3,CurveVelB,52,13725,9651
32,3,CurveVelB,53,13733,8193
32,3,CurveVelB,54,14551,18238
32,3,CurveVelB,55,14953,13546
32,3,CurveVelB,56,15014,1685
32,3,CurveVelB,57,15664,16311
32,3,CurveVelB,58,15684,28785
32,3,CurveVelB,59,15723,14223
32,3,CurveVelB,60,16204,9976
32,3,CurveVelB,61,16450,9400
32,3,CurveVelB,62,16597,615
32,3,CurveVelB,63,16734,24012
32,3,CurveVelB,64,16801,14402
32,3,CurveVelB,65,16810,23947
32,3,CurveVelB,66,16912,17105
32,3,CurveVelB,67,16913,21357
32,3,CurveVelB,68,16917,29221
32,3,CurveVelB,69,16978,26235
32,3,CurveVelB,70,16981,2772
32,3,CurveVelB,71,17463,25984
32,3,CurveVelB,72,17793,10812
32,3,CurveVelB,73,17817,13641
32,3,CurveVelB,74,18044,22866
32,3,CurveVelB,75,18182,21134
32,3,CurveVelB,76,18612,4424
32,3,CurveVelB,77,18620,27623
32,3,CurveVelB,78,18723,6607
32,3,CurveVelB,79,18798,1909
32,3,CurveVelB,80,19118,20739
32,3,CurveVelB,81,19173,28313
32,3,CurveVelB,82,19351,24837
32,3,CurveVelB,83,19465,28188
32,3,CurveVelB,84,19518,3686
32,3,CurveVelB,85,19546,18767
32,3,CurveVelB,86,20423,18032
32,3,CurveVelB,87,20786,21305
32,3,CurveVelB,88,20805,4733
32,3,CurveVelB,89,20853,11016
32,3,CurveVelB,90,21019,7948
32,3,CurveVelB,91,21501,23789
32,3,CurveVelB,92,21816,11239
32,3,CurveVelB,93,22759,16971
32,3,CurveVelB,94,22943,29915
32,3,CurveVelB,95,22956,28123
32,3,CurveVelB,96,23426,25383
32,3,CurveVelB,97,23442,2971
32,3,CurveVelB,98,23784,12664
32,3,CurveVelB,99,24128,17994
32,3,CurveVelB,100,24311,6693
32,3,CurveVelB,101,25006,10212
32,3,CurveVelB,102,25030,25882
32,3,CurveVelB,103,25309,3490
32,3,CurveVelB,104,25897,2151
32,3,CurveVelB,105,26261,28513
32,3,CurveVelB,106,26421,4300
32,3,CurveVelB,107,26599,11712
32,3,CurveVelB,108,26675,17803
32,3,CurveVelB,109,26734,23396
32,3,CurveVelB,110,26875,2171
32,3,CurveVelB,111,27111,6548
32,3,CurveVelB,112,28074,21377
32,3,CurveVelB,113,28324,1561
32,3,CurveVelB,114,28399,16570
32,3,CurveVelB,115,28507,7547
32,3,CurveVelB,116,29193,29898
32,3,CurveVelB,117,29331,14092
32,3,CurveVelB,118,29516,24281
32,3,CurveVelB,119,29968,4891
32,3,CurveVelB,120,30241,28886
32,3,CurveVelB,121,31311,18556
32,3,CurveVelB,122,31362,3242
32,3,CurveVelB,123,31686,19142
32,3,CurveVelB,124,32433,28835
32,3,CurveVelB,125,32881,9876
32,3,CurveVelB,126,32940,16302
32,3,CurveVelB,127,33380,23266
33,3,CurveVelB,0,536,20315
33,3,CurveVelB,1,574,21319
33,3,CurveVelB,2,675,11234
33,3,CurveVelB,3,835,10821
33,3,CurveVelB,4,904,20731
33,3,CurveVelB,5,944,6687
33,3,CurveVelB,6,1736,14760
33,3,CurveVelB,7,1875,11158
33,3,CurveVelB,8,1941,8912
33,3,CurveVelB,9,2059,4156
33,3,CurveVelB,10,2125,19645
33,3,CurveVelB,11,2424,19912
33,3,CurveVelB,12,2524,6456
33,3,CurveVelB,13,3496,7388
33,3,CurveVelB,14,4368,7457
33,3,CurveVelB,15,4803,5864
33,3,CurveVelB,16,4819,26598
33,3,CurveVelB,17,4906,13672
33,3,CurveVelB,18,5351,9062
33,3,CurveVelB,19,5454,556
33,3,CurveVelB,20,5635,196
33,3,CurveVelB,21,5684,12444
33,3,CurveVelB,22,5858,11658
33,3,CurveVelB,23,5866,1110
33,3,CurveVelB,24,6152,28571
33,3,CurveVelB,25,6162,28078
33,3,CurveVelB,26,6609,7381
33,3,CurveVelB,27,7093,27755
33,3,CurveVelB,28,7695,7441
33,3,CurveVelB,29,7762,8715
33,3,CurveVelB,30,7827,4155
33,3,CurveVelB,31,8240,14160
33,3,CurveVelB,32,8594,126
33,3,CurveVelB,33,8852,1211
33,3,CurveVelB,34,8862,24275
33,3,CurveVelB,35,9002,21857
33,3,CurveVelB,36,9613,26111
33,3,CurveVelB,37,10082,18383
33,3,CurveVelB,38,10557,21753
33,3,CurveVelB,39,10618,9528
33,3,CurveVelB,40,10697,7097
33,3,CurveVelB,41,11030,9454
33,3,CurveVelB,42,11104,6577
33,3,CurveVelB,43,12117,12714
33,3,CurveVelB,44,12600,6666
33,3,CurveVelB,45,12907,19531
33,3,CurveVelB,46,13398,28514
33,3,CurveVelB,47,13665,3922
33,3,CurveVelB,48,13793,19582
33,3,CurveVelB,49,13881,21880
33,3,CurveVelB,50,13994,6248
33,3,CurveVelB,51,14668,15035
33,3,CurveVelB,52,14702,5310
33,3,CurveVelB,53,14793,616
33,3,CurveVelB,54,14814,9731
33,3,CurveVelB,55,14903,27196
33,3,CurveVelB,56,15175,11392
33,3,CurveVelB,57,15301,3833
33,3,CurveVelB,58,15645,19292
33,3,CurveVelB,59,15893,6410
33,3,CurveVelB,60,16497,17294
33,3,CurveVelB,61,16514,7769
33,3,CurveVelB,62,16545,20487
33,3,CurveVelB,63,16838,14507
33,3,CurveVelB,64,16841,8544
33,3,CurveVelB,65,16858,9087
33,3,CurveVelB,66,16881,21145
33,3,CurveVelB,67,17077,14899
33,3,CurveVelB,68,17240,7020
33,3,CurveVelB,69,17274,21346
33,3,CurveVelB,70,17570,18692
33,3,CurveVelB,71,17753,12108
33,3,CurveVelB,72,17813,18239
33,3,CurveVelB,73,17826,6299
33,3,CurveVelB,74,17893,27048
33,3,CurveVelB,75,18242,20761
33,3,CurveVelB,76,18781,2056
33,3,CurveVelB,77,18942,11983
33,3,CurveVelB,78,19299,18644
33,3,CurveVelB,79,19823,24226
33,3,CurveVelB,80,20296,26565
33,3,CurveVelB,81,20933,8369
33,3,CurveVelB,82,21276,24326
33,3,CurveVelB,83,21542,13532
33,3,CurveVelB,84,21922,13295
33,3,CurveVelB,85,22060,16310
33,3,CurveVelB,86,22070,25562
33,3,CurveVelB,87,22561,28130
33,3,CurveVelB,88,22679,29553
33,3,CurveVelB,89,22703,21658
33,3,CurveVelB,90,23288,13055
33,3,CurveVelB,91,23351,11616
33,3,CurveVelB,92,23415,8265
33,3,CurveVelB,93,23510,4069
33,3,CurveVelB,94,23915,7657
33,3,CurveVelB,95,23993,1213
33,3,CurveVelB,96,24106,1165
33,3,CurveVelB,97,24128,17994
33,3,CurveVelB,98,24986,5132
33,3,CurveVelB,99,25318,24615
33,3,CurveVelB,100,25526,26767
33,3,CurveVelB,101,26263,16611
33,3,CurveVelB,102,26362,29028
33,3,CurveVelB,103,26519,27687
33,3,CurveVelB,104,26529,26798
33,3,CurveVelB,105,27176,16768
33,3,CurveVelB,106,27316,11455
33,3,CurveVelB,107,27379,6887
33,3,CurveVelB,108,27895,14468
33,3,CurveVelB,109,27964,17038
33,3,CurveVelB,110,28091,1917
33,3,CurveVelB,111,28133,13032
33,3,CurveVelB,112,28238,5264
33,3,CurveVelB,113,28658,20232
33,3,CurveVelB,114,29685,16248
33,3,CurveVelB,115,30899,12961
33,3,CurveVelB,116,31041,29210
33,3,CurveVelB,117,31228,18637
33,3,CurveVelB,118,31318,25329
33,3,CurveVelB,119,31708,22898
33,3,CurveVelB,120,31797,5110
33,3,CurveVelB,121,32029,6233
33,3,CurveVelB,122,32179,17161
33,3,CurveVelB,123,32204,23465
33,3,CurveVelB,124,32812,19729
33,3,CurveVelB,125,33540,7740
33,3,CurveVelB,126,33545,23849
33,3,CurveVelB,127,33597,4500
34,3,CurveVelB,0,590,11734
34,3,CurveVelB,1,739,12240
34,3,CurveVelB,2,784,507
34,3,CurveVelB,3,1069,23159
34,3,CurveVelB,4,1441,23544
34,3,CurveVelB,5,1473,20793
34,3,CurveVelB,6,1999,19146
34,3,CurveVelB,7,2045,26967
34,3,CurveVelB,8,2459,7079
34,3,CurveVelB,9,2540,6960
34,3,CurveVelB,10,3375,1568
34,3,CurveVelB,11,3803,18437
34,3,CurveVelB,12,3847,28677
34,3,CurveVelB,13,3956,14471
34,3,CurveVelB,14,3988,29630
34,3,CurveVelB,15,4023,17026
34,3,CurveVelB,16,4670,5261
34,3,CurveVelB,17,4778,21449
34,3,CurveVelB,18,4951,16946
34,3,CurveVelB,19,5096,27619
34,3,CurveVelB,20,5241,2715
34,3,CurveVelB,21,5351,9062
34,3,CurveVelB,22,5652,14158
34,3,CurveVelB,23,5794,7116
34,3,CurveVelB,24,6152,28571
34,3,CurveVelB,25,6364,29924
34,3,CurveVelB,26,6515,17170
34,3,CurveVelB,27,6740,9814
34,3,CurveVelB,28,7015,25856
34,3,CurveVelB,29,7030,19786
34,3,CurveVelB,30,7033,25919
34,3,CurveVelB,31,7195,18356
34,3,CurveVelB,32,7351,11550
34,3,CurveVelB,33,7697,3677
34,3,CurveVelB,34,7762,8715
34,3,CurveVelB,35,8379,7958
34,3,CurveVelB,36,8892,2185
34,3,CurveVelB,37,9654,14488
34,3,CurveVelB,38,9834,26042
34,3,CurveVelB,39,9887,907
34,3,CurveVelB,40,10387,23035
34,3,CurveVelB,41,10867,26948
34,3,CurveVelB,42,11003,3114
34,3,CurveVelB,43,11697,7160
34,3,CurveVelB,44,12209,17646
34,3,CurveVelB,45,12939,24658
34,3,CurveVelB,46,13545,12829
34,3,CurveVelB,47,13634,2801
34,3,CurveVelB,48,13804,14995
34,3,CurveVelB,49,13897,1591
34,3,CurveVelB,50,14105,11985
34,3,CurveVelB,51,14333,27512
34,3,CurveVelB,52,14468,24626
34,3,CurveVelB,53,15241,263
34,3,CurveVelB,54,15436,18756
34,3,CurveVelB,55,15597,21698
34,3,CurveVelB,56,15716,15962
34,3,CurveVelB,57,16111,21166
34,3,CurveVelB,58,16545,20487
34,3,CurveVelB,59,16564,8573
34,3,CurveVelB,60,16565,8138
34,3,CurveVelB,61,16647,13673
34,3,CurveVelB,62,16801,14402
34,3,CurveVelB,63,16912,17105
34,3,CurveVelB,64,16975,2885
34,3,CurveVelB,65,17016,14677
34,3,CurveVelB,66,17077,14899
34,3,CurveVelB,67,17288,23307
34,3,CurveVelB,68,17662,859
34,3,CurveVelB,69,17664,20965
34,3,CurveVelB,70,17828,19867
34,3,CurveVelB,71,17928,21165
34,3,CurveVelB,72,18182,21134
34,3,CurveVelB,73,18534,6310
34,3,CurveVelB,74,18757,23997
34,3,CurveVelB,75,18881,19964
34,3,CurveVelB,76,18898,6200
34,3,CurveVelB,77,18942,11983
34,3,CurveVelB,78,19733,18151
34,3,CurveVelB,79,19876,23741
34,3,CurveVelB,80,20769,25217
34,3,CurveVelB,81,20958,2040
34,3,CurveVelB,82,21049,6953
34,3,CurveVelB,83,21404,19415
34,3,CurveVelB,84,21437,3671
34,3,CurveVelB,85,22060,16310
34,3,CurveVelB,86,22091,6792
34,3,CurveVelB,87,22350,26914
34,3,CurveVelB,88,22758,8016
34,3,CurveVelB,89,23133,29842
34,3,CurveVelB,90,23178,14063
34,3,CurveVelB,91,23721,8958
34,3,CurveVelB,92,23817,14020
34,3,CurveVelB,93,23877,8430
34,3,CurveVelB,94,23958,15019
34,3,CurveVelB,95,24128,17994
34,3,CurveVelB,96,24348,22231
34,3,CurveVelB,97,25243,1944
34,3,CurveVelB,98,25317,16411
34,3,CurveVelB,99,25318,24615
34,3,CurveVelB,100,25415,705
34,3,CurveVelB,101,25616,27813
34,3,CurveVelB,102,25839,16327
34,3,CurveVelB,103,26832,23904
34,3,CurveVelB,104,27510,4407
34,3,CurveVelB,105,27798,25526
34,3,CurveVelB,106,27895,14468
34,3,CurveVelB,107,28133,13032
34,3,CurveVelB,108,28450,7854
34,3,CurveVelB,109,28858,18789
34,3,CurveVelB,110,29126,381
34,3,CurveVelB,111,29696,15505
34,3,CurveVelB,112,30321,20419
34,3,CurveVelB,113,30428,16262
34,3,CurveVelB,114,30451,28442
34,3,CurveVelB,115,30458,28412
34,3,CurveVelB,116,30899,12961
34,3,CurveVelB,117,30952,23411
34,3,CurveVelB,118,31754,7504
34,3,CurveVelB,119,31840,5215
34,3,CurveVelB,120,31913,14940
34,3,CurveVelB,121,32011,10100
34,3,CurveVelB,122,32178,2047
34,3,CurveVelB,123,32267,24203
34,3,CurveVelB,124,32419,7526
34,3,CurveVelB,125,32514,11467
34,3,CurveVelB,126,32744,29707
34,3,CurveVelB,127,32919,1559
35,3,CurveVelB,0,309,6140
35,3,CurveVelB,1,366,8333
35,3,CurveVelB,2,574,21319
35,3,CurveVelB,3,630,4543
35,3,CurveVelB,4,735,26059
35,3,CurveVelB,5,912,26836
35,3,CurveVelB,6,1201,18292
35,3,CurveVelB,7,1394,29167
35,3,CurveVelB,8,2186,3148
35,3,CurveVelB,9,2631,1852
35,3,CurveVelB,10,2814,12009
35,3,CurveVelB,11,2819,11728
35,3,CurveVelB,12,3371,22737
35,3,CurveVelB,13,3471,9236
35,3,CurveVelB,14,3511,8260
35,3,CurveVelB,15,3642,4707
35,3,CurveVelB,16,3982,18368
35,3,CurveVelB,17,4027,11952
35,3,CurveVelB,18,4241,1412
35,3,CurveVelB,19,4711,18111
35,3,CurveVelB,20,5096,27619
35,3,CurveVelB,21,5346,627
35,3,CurveVelB,22,5608,10415
35,3,CurveVelB,23,5874,7144
35,3,CurveVelB,24,6344,11641
35,3,CurveVelB,25,6488,3407
35,3,CurveVelB,26,6736,12115
35,3,CurveVelB,27,7058,4594
35,3,CurveVelB,28,7114,19501
35,3,CurveVelB,29,7141,9468
35,3,CurveVelB,30,7253,26606
35,3,CurveVelB,31,7655,6400
35,3,CurveVelB,32,8422,27076
35,3,CurveVelB,33,8492,19724
35,3,CurveVelB,34,8604,11588
35,3,CurveVelB,35,8954,13080
35,3,CurveVelB,36,9733,22920
35,3,CurveVelB,37,9767,131
35,3,CurveVelB,38,10277,16557
35,3,CurveVelB,39,10403,23788
35,3,CurveVelB,40,10457,2413
35,3,CurveVelB,41,11234,7169
35,3,CurveVelB,42,11425,8205
35,3,CurveVelB,43,11575,10350
35,3,CurveVelB,44,12375,4601
35,3,CurveVelB,45,12600,6666
35,3,CurveVelB,46,12819,26108
35,3,CurveVelB,47,13237,20629
35,3,CurveVelB,48,13302,15115
35,3,CurveVelB,49,13378,1340
35,3,CurveVelB,50,13436,3417
35,3,CurveVelB,51,13897,1591
35,3,CurveVelB,52,13967,24548
35,3,CurveVelB,53,14213,8654
35,3,CurveVelB,54,14449,22614
35,3,CurveVelB,55,14555,12911
35,3,CurveVelB,56,14794,1434
35,3,CurveVelB,57,14821,16794
35,3,CurveVelB,58,15501,13590
35,3,CurveVelB,59,15684,28785
35,3,CurveVelB,60,16027,2489
35,3,CurveVelB,61,16873,28465
35,3,CurveVelB,62,16881,21145
35,3,CurveVelB,63,17011,4250
35,3,CurveVelB,64,17098,14050
35,3,CurveVelB,65,17828,19867
35,3,CurveVelB,66,18423,8368
35,3,CurveVelB,67,18534,6310
35,3,CurveVelB,68,18984,24183
35,3,CurveVelB,69,19125,9734
35,3,CurveVelB,70,19356,3275
35,3,CurveVelB,71,19722,17729
35,3,CurveVelB,72,19939,8691
35,3,CurveVelB,73,19980,14874
35,3,CurveVelB,74,20277,4236
35,3,CurveVelB,75,20376,1355
35,3,CurveVelB,76,20608,26175
35,3,CurveVelB,77,20625,27820
35,3,CurveVelB,78,20786,21305
35,3,CurveVelB,79,21023,23300
35,3,CurveVelB,80,21735,7859
35,3,CurveVelB,81,22706,12632
35,3,CurveVelB,82,24149,10456
35,3,CurveVelB,83,24266,4193
35,3,CurveVelB,84,24376,27649
35,3,CurveVelB,85,24605,3618
35,3,CurveVelB,86,24614,5011
35,3,CurveVelB,87,24714,8105
35,3,CurveVelB,88,24941,19073
35,3,CurveVelB,89,25016,16072
35,3,CurveVelB,90,25197,18369
35,3,CurveVelB,91,25317,16411
35,3,CurveVelB,92,25382,21114
35,3,CurveVelB,93,25442,6766
35,3,CurveVelB,94,25738,2805
35,3,CurveVelB,95,25862,9591
35,3,CurveVelB,96,25868,18804
35,3,CurveVelB,97,26158,15152
35,3,CurveVelB,98,26681,29016
35,3,CurveVelB,99,27591,4321
35,3,CurveVelB,100,27726,7198
35,3,CurveVelB,101,27958,9758
35,3,CurveVelB,102,28074,21377
35,3,CurveVelB,103,28197,2147
35,3,CurveVelB,104,28356,15502
35,3,CurveVelB,105,28446,27219
35,3,CurveVelB,106,28450,7854
35,3,CurveVelB,107,28497,3099
35,3,CurveVelB,108,28834,26424
35,3,CurveVelB,109,28918,15445
35,3,CurveVelB,110,29077,22357
35,3,CurveVelB,111,29206,25365
35,3,CurveVelB,112,29639,17330
35,3,CurveVelB,113,30166,29132
35,3,CurveVelB,114,30890,29251
35,3,CurveVelB,115,31098,22042
35,3,CurveVelB,116,31311,18556
35,3,CurveVelB,117,31743,16434
35,3,CurveVelB,118,31913,14940
35,3,CurveVelB,119,32169,8292
35,3,CurveVelB,120,32390,26377
35,3,CurveVelB,121,32459,254
35,3,CurveVelB,122,32514,11467
35,3,CurveVelB,123,32604,6213
35,3,CurveVelB,124,32717,3641
35,3,CurveVelB,125,32744,29707
35,3,CurveVelB,126,32797,16843
35,3,CurveVelB,127,33545,23849
36,3,CurveVelB,0,40,25430
36,3,CurveVelB,1,468,70
36,3,CurveVelB,2,574,21319
36,3,CurveVelB,3,968,7318
36,3,CurveVelB,4,1201,18292
36,3,CurveVelB,5,1527,994
36,3,CurveVelB,6,1941,8912
36,3,CurveVelB,7,2136,12567
36,3,CurveVelB,8,3310,27533
36,3,CurveVelB,9,3327,25644
36,3,CurveVelB,10,3449,26642
36,3,CurveVelB,11,4029,25560
36,3,CurveVelB,12,4071,6033
36,3,CurveVelB,13,4133,11562
36,3,CurveVelB,14,4151,18970
36,3,CurveVelB,15,4369,3039
36,3,CurveVelB,16,4814,11124
36,3,CurveVelB,17,4836,18090
36,3,CurveVelB,18,5447,28296
36,3,CurveVelB,19,5611,9516
36,3,CurveVelB,20,5624,26094
36,3,CurveVelB,21,5650,22710
36,3,CurveVelB,22,6135,7493
36,3,CurveVelB,23,6162,28078
36,3,CurveVelB,24,6328,11831
36,3,CurveVelB,25,6370,4310
36,3,CurveVelB,26,6373,21599
36,3,CurveVelB,27,6445,26670
36,3,CurveVelB,28,6603,15066
36,3,CurveVelB,29,6740,9814
36,3,CurveVelB,30,6931,21343
36,3,CurveVelB,31,7030,19786
36,3,CurveVelB,32,8275,13119
36,3,CurveVelB,33,8531,8103
36,3,CurveVelB,34,8550,2157
36,3,CurveVelB,35,8645,5112
36,3,CurveVelB,36,8820,21652
36,3,CurveVelB,37,8892,2185
36,3,CurveVelB,38,9576,26659
36,3,CurveVelB,39,10264,10901
36,3,CurveVelB,40,10275,22456
36,3,CurveVelB,41,10315,24112
36,3,CurveVelB,42,10403,23788
36,3,CurveVelB,43,10615,2991
36,3,CurveVelB,44,10719,12909
36,3,CurveVelB,45,10735,22584
36,3,CurveVelB,46,11036,20452
36,3,CurveVelB,47,11339,11643
36,3,CurveVelB,48,11472,8982
36,3,CurveVelB,49,11500,1342
36,3,CurveVelB,50,11697,7160
36,3,CurveVelB,51,12375,4601
36,3,CurveVelB,52,12523,20091
36,3,CurveVelB,53,13445,20766
36,3,CurveVelB,54,13479,28707
36,3,CurveVelB,55,13955,14587
36,3,CurveVelB,56,14065,17297
36,3,CurveVelB,57,14356,14562
36,3,CurveVelB,58,14814,9731
36,3,CurveVelB,59,14825,21782
36,3,CurveVelB,60,15203,23201
36,3,CurveVelB,61,15241,263
36,3,CurveVelB,62,15474,24477
36,3,CurveVelB,63,15596,6273
36,3,CurveVelB,64,15605,1832
36,3,CurveVelB,65,16453,23589
36,3,CurveVelB,66,16564,8573
36,3,CurveVelB,67,17279,6387
36,3,CurveVelB,68,17570,18692
36,3,CurveVelB,69,17654,25999
36,3,CurveVelB,70,17813,18239
36,3,CurveVelB,71,17828,19867
36,3,CurveVelB,72,18044,22866
36,3,CurveVelB,73,18539,2938
36,3,CurveVelB,74,18620,27623
36,3,CurveVelB,75,19367,29156
36,3,CurveVelB,76,19758,27838
36,3,CurveVelB,77,19962,26368
36,3,CurveVelB,78,20023,22095
36,3,CurveVelB,79,20327,6916
36,3,CurveVelB,80,20460,24702
36,3,CurveVelB,81,20522,21168
36,3,CurveVelB,82,20579,4664
36,3,CurveVelB,83,20769,25217
36,3,CurveVelB,84,20941,25371
36,3,CurveVelB,85,21473,12892
36,3,CurveVelB,86,22181,5843
36,3,CurveVelB,87,22499,3859
36,3,CurveVelB,88,22514,9969
36,3,CurveVelB,89,22759,16971
36,3,CurveVelB,90,22943,29915
36,3,CurveVelB,91,22967,26380
36,3,CurveVelB,92,22988,26207
36,3,CurveVelB,93,23133,29842
36,3,CurveVelB,94,23888,4968
36,3,CurveVelB,95,24403,16314
36,3,CurveVelB,96,24979,15623
36,3,CurveVelB,97,26236,702
36,3,CurveVelB,98,27009,14711
36,3,CurveVelB,99,27111,6548
36,3,CurveVelB,100,27680,16585
36,3,CurveVelB,101,27719,3744
36,3,CurveVelB,102,27771,16152
36,3,CurveVelB,103,27865,11885
36,3,CurveVelB,104,27895,14468
36,3,CurveVelB,105,28158,14005
36,3,CurveVelB,106,28204,13212
36,3,CurveVelB,107,28324,1561
36,3,CurveVelB,108,28462,21508
36,3,CurveVelB,109,28858,18789
36,3,CurveVelB,110,29362,10191
36,3,CurveVelB,111,29512,9387
36,3,CurveVelB,112,29736,14783
36,3,CurveVelB,113,30240,14522
36,3,CurveVelB,114,30274,16717
36,3,CurveVelB,115,30719,19721
36,3,CurveVelB,116,30936,905
36,3,CurveVelB,117,31262,20092
36,3,CurveVelB,118,31506,18228
36,3,CurveVelB,119,31749,23880
36,3,CurveVelB,120,31782,19035
36,3,CurveVelB,121,32514,11467
36,3,CurveVelB,122,32594,22266
36,3,CurveVelB,123,32626,19456
36,3,CurveVelB,124,33274,21380
36,3,CurveVelB,125,33439,12486
36,3,CurveVelB,126,33468,20925
36,3,CurveVelB,127,33474,16777
37,3,CurveVelB,0,246,10684
37,3,CurveVelB,1,309,6140
37,3,CurveVelB,2,582,10665
37,3,CurveVelB,3,590,11734
37,3,CurveVelB,4,881,19256
37,3,CurveVelB,5,1069,23159
37,3,CurveVelB,6,1285,6055
37,3,CurveVelB,7,1436,16814
37,3,CurveVelB,8,1580,27300
37,3,CurveVelB,9,1714,2422
37,3,CurveVelB,10,1916,24493
37,3,CurveVelB,11,2046,19303
37,3,CurveVelB,12,2091,4784
37,3,CurveVelB,13,2249,14450
37,3,CurveVelB,14,2524,6456
37,3,CurveVelB,15,2631,1852
37,3,CurveVelB,16,3487,16243
37,3,CurveVelB,17,3957,28934
37,3,CurveVelB,18,4151,18970
37,3,CurveVelB,19,4635,22213
37,3,CurveVelB,20,5000,6441
37,3,CurveVelB,21,5123,10768
37,3,CurveVelB,22,5710,16770
37,3,CurveVelB,23,5792,22158
37,3,CurveVelB,24,6072,11894
37,3,CurveVelB,25,6152,28571
37,3,CurveVelB,26,6415,24352
37,3,CurveVelB,27,6542,13541
37,3,CurveVelB,28,6716,11320
37,3,CurveVelB,29,6883,12368
37,3,CurveVelB,30,6931,21343
37,3,CurveVelB,31,7127,9211
37,3,CurveVelB,32,7503,8158
37,3,CurveVelB,33,7554,16660
37,3,CurveVelB,34,7827,4155
37,3,CurveVelB,35,8024,6227
37,3,CurveVelB,36,8240,14160
37,3,CurveVelB,37,8589,23278
37,3,CurveVelB,38,8820,21652
37,3,CurveVelB,39,8891,26522
37,3,CurveVelB,40,9006,21760
37,3,CurveVelB,41,9887,907
37,3,CurveVelB,42,10264,10901
37,3,CurveVelB,43,10457,2413
37,3,CurveVelB,44,10618,9528
37,3,CurveVelB,45,10867,26948
37,3,CurveVelB,46,10891,17605
37,3,CurveVelB,47,11030,9454
37,3,CurveVelB,48,11575,10350
37,3,CurveVelB,49,11612,26072
37,3,CurveVelB,50,11875,19218
37,3,CurveVelB,51,12582,13636
37,3,CurveVelB,52,12608,3674
37,3,CurveVelB,53,12831,9917
37,3,CurveVelB,54,12885,3898
37,3,CurveVelB,55,12930,2217
37,3,CurveVelB,56,12943,10868
37,3,CurveVelB,57,13274,29701
37,3,CurveVelB,58,13733,8193
37,3,CurveVelB,59,13926,8032
37,3,CurveVelB,60,13955,14587
37,3,CurveVelB,61,14043,18529
37,3,CurveVelB,62,14405,7412
37,3,CurveVelB,63,14507,14207
37,3,CurveVelB,64,15298,24367
37,3,CurveVelB,65,15474,24477
37,3,CurveVelB,66,15634,10224
37,3,CurveVelB,67,15684,28785
37,3,CurveVelB,68,15908,8970
37,3,CurveVelB,69,16188,9709
37,3,CurveVelB,70,16428,16773
37,3,CurveVelB,71,16495,23570
37,3,CurveVelB,72,16597,615
37,3,CurveVelB,73,16912,17105
37,3,CurveVelB,74,17051,12669
37,3,CurveVelB,75,17077,14899
37,3,CurveVelB,76,17519,2789
37,3,CurveVelB,77,17644,14807
37,3,CurveVelB,78,17662,859
37,3,CurveVelB,79,17875,25285
37,3,CurveVelB,80,18077,13195
37,3,CurveVelB,81,18423,8368
37,3,CurveVelB,82,18534,6310
37,3,CurveVelB,83,18606,14720
37,3,CurveVelB,84,18624,17391
37,3,CurveVelB,85,18894,6935
37,3,CurveVelB,86,18991,21180
37,3,CurveVelB,87,19499,28977
37,3,CurveVelB,88,19939,8691
37,3,CurveVelB,89,20034,24696
37,3,CurveVelB,90,20376,1355
37,3,CurveVelB,91,20956,27809
37,3,CurveVelB,92,21136,3944
37,3,CurveVelB,93,21437,3671
37,3,CurveVelB,94,21476,21954
37,3,CurveVelB,95,21617,4315
37,3,CurveVelB,96,21650,13539
37,3,CurveVelB,97,22091,6792
37,3,CurveVelB,98,22413,23178
37,3,CurveVelB,99,23322,5046
37,3,CurveVelB,100,23510,4069
37,3,CurveVelB,101,23958,15019
37,3,CurveVelB,102,24199,1154
37,3,CurveVelB,103,24254,5108
37,3,CurveVelB,104,24296,17515
37,3,CurveVelB,105,24453,19112
37,3,CurveVelB,106,24547,18963
37,3,CurveVelB,107,25100,17755
37,3,CurveVelB,108,25197,18369
37,3,CurveVelB,109,25698,3122
37,3,CurveVelB,110,25824,16873
37,3,CurveVelB,111,26314,8633
37,3,CurveVelB,112,26769,12436
37,3,CurveVelB,113,27481,28102
37,3,CurveVelB,114,28280,29353
37,3,CurveVelB,115,28424,356
37,3,CurveVelB,116,28446,27219
37,3,CurveVelB,117,29405,724
37,3,CurveVelB,118,29516,24281
37,3,CurveVelB,119,30126,20215
37,3,CurveVelB,120,30169,29783
37,3,CurveVelB,121,30247,19948
37,3,CurveVelB,122,30396,17554
37,3,CurveVelB,123,30517,335
37,3,CurveVelB,124,30806,29039
37,3,CurveVelB,125,30905,5819
37,3,CurveVelB,126,31759,5488
37,3,CurveVelB,127,32594,22266
38,3,CurveVelB,0,309,6140
38,3,CurveVelB,1,729,9595
38,3,CurveVelB,2,985,22498
38,3,CurveVelB,3,1714,2422
38,3,CurveVelB,4,2135,3208
38,3,CurveVelB,5,2588,28302
38,3,CurveVelB,6,3440,3622
38,3,CurveVelB,7,3471,9236
38,3,CurveVelB,8,3556,848
38,3,CurveVelB,9,3597,9517
38,3,CurveVelB,10,3957,28934
38,3,CurveVelB,11,3958,27353
38,3,CurveVelB,12,4023,17026
38,3,CurveVelB,13,4041,11403
38,3,CurveVelB,14,4111,4235
38,3,CurveVelB,15,4278,22414
38,3,CurveVelB,16,4321,24705
38,3,CurveVelB,17,4644,6499
38,3,CurveVelB,18,4778,21449
38,3,CurveVelB,19,5784,28558
38,3,CurveVelB,20,6152,28571
38,3,CurveVelB,21,6311,17922
38,3,CurveVelB,22,6839,5763
38,3,CurveVelB,23,6931,21343
38,3,CurveVelB,24,6997,21813
38,3,CurveVelB,25,7182,5740
38,3,CurveVelB,26,7390,23100
38,3,CurveVelB,27,7437,10505
38,3,CurveVelB,28,7888,14347
38,3,CurveVelB,29,8296,18106
38,3,CurveVelB,30,8480,15093
38,3,CurveVelB,31,8533,9801
38,3,CurveVelB,32,8701,27878
38,3,CurveVelB,33,8862,24275
38,3,CurveVelB,34,9083,20954
38,3,CurveVelB,35,9087,20717
38,3,CurveVelB,36,9126,13277
38,3,CurveVelB,37,9197,28179
38,3,CurveVelB,38,10008,28661
38,3,CurveVelB,39,10325,16195
38,3,CurveVelB,40,10488,27833
38,3,CurveVelB,41,10973,7533
38,3,CurveVelB,42,11091,7464
38,3,CurveVelB,43,11129,18058
38,3,CurveVelB,44,11421,22929
38,3,CurveVelB,45,11541,3366
38,3,CurveVelB,46,11596,12557
38,3,CurveVelB,47,12291,3918
38,3,CurveVelB,48,12600,6666
38,3,CurveVelB,49,12708,25289
38,3,CurveVelB,50,13264,21744
38,3,CurveVelB,51,13567,4447
38,3,CurveVelB,52,13894,17548
38,3,CurveVelB,53,14217,18414
38,3,CurveVelB,54,14487,27454
38,3,CurveVelB,55,15438,24749
38,3,CurveVelB,56,15734,9440
38,3,CurveVelB,57,16087,23956
38,3,CurveVelB,58,16495,23570
38,3,CurveVelB,59,16497,17294
38,3,CurveVelB,60,16653,3960
38,3,CurveVelB,61,16768,11814
38,3,CurveVelB,62,16785,7637
38,3,CurveVelB,63,16975,2885
38,3,CurveVelB,64,16981,2772
38,3,CurveVelB,65,17077,14899
38,3,CurveVelB,66,17463,25984
38,3,CurveVelB,67,17811,11798
38,3,CurveVelB,68,18438,18456
38,3,CurveVelB,69,18456,11659
38,3,CurveVelB,70,18612,4424
38,3,CurveVelB,71,18702,16220
38,3,CurveVelB,72,18894,6935
38,3,CurveVelB,73,19013,21079
38,3,CurveVelB,74,19046,5750
38,3,CurveVelB,75,19161,29207
38,3,CurveVelB,76,19248,10038
38,3,CurveVelB,77,19618,14058
38,3,CurveVelB,78,20014,1752
38,3,CurveVelB,79,20179,24348
38,3,CurveVelB,80,20460,24702
38,3,CurveVelB,81,20738,409
38,3,CurveVelB,82,20769,25217
38,3,CurveVelB,83,20921,4936
38,3,CurveVelB,84,21702,15046
38,3,CurveVelB,85,21912,1918
38,3,CurveVelB,86,22181,5843
38,3,CurveVelB,87,22342,1934
38,3,CurveVelB,88,22573,12128
38,3,CurveVelB,89,22662,22993
38,3,CurveVelB,90,22734,18993
38,3,CurveVelB,91,22759,16971
38,3,CurveVelB,92,23131,13761
38,3,CurveVelB,93,23453,9347
38,3,CurveVelB,94,23496,28685
38,3,CurveVelB,95,23510,4069
38,3,CurveVelB,96,23594,11119
38,3,CurveVelB,97,24458,6989
38,3,CurveVelB,98,24848,1375
38,3,CurveVelB,99,24941,19073
38,3,CurveVelB,100,25698,3122
38,3,CurveVelB,101,25858,12358
38,3,CurveVelB,102,25917,5734
38,3,CurveVelB,103,26367,28186
38,3,CurveVelB,104,27380,24033
38,3,CurveVelB,105,27687,5827
38,3,CurveVelB,106,27772,29168
38,3,CurveVelB,107,27806,17812
38,3,CurveVelB,108,27850,13579
38,3,CurveVelB,109,28203,21360
38,3,CurveVelB,110,28462,21508
38,3,CurveVelB,111,29166,11204
38,3,CurveVelB,112,29454,14504
38,3,CurveVelB,113,29512,9387
38,3,CurveVelB,114,29600,4117
38,3,CurveVelB,115,29683,3420
38,3,CurveVelB,116,29735,10918
38,3,CurveVelB,117,29904,14656
38,3,CurveVelB,118,29932,11515
38,3,CurveVelB,119,30284,13189
38,3,CurveVelB,120,30428,16262
38,3,CurveVelB,121,30458,28412
38,3,CurveVelB,122,32746,428
38,3,CurveVelB,123,32789,13930
38,3,CurveVelB,124,33054,15437
38,3,CurveVelB,125,33201,20190
38,3,CurveVelB,126,33274,21380
38,3,CurveVelB,127,33597,4500
39,3,CurveVelB,0,343,23394
39,3,CurveVelB,1,366,8333
39,3,CurveVelB,2,783,9490
39,3,CurveVelB,3,1279,8267
39,3,CurveVelB,4,1356,12033
39,3,CurveVelB,5,1714,2422
39,3,CurveVelB,6,1876,20517
39,3,CurveVelB,7,2059,4156
39,3,CurveVelB,8,2270,24957
39,3,CurveVelB,9,3203,15816
39,3,CurveVelB,10,3321,16844
39,3,CurveVelB,11,3540,20151
39,3,CurveVelB,12,4979,28871
39,3,CurveVelB,13,5241,2715
39,3,CurveVelB,14,5248,27861
39,3,CurveVelB,15,5829,1066
39,3,CurveVelB,16,6122,26762
39,3,CurveVelB,17,6195,12810
39,3,CurveVelB,18,6233,26746
39,3,CurveVelB,19,6307,1239
39,3,CurveVelB,20,6311,17922
39,3,CurveVelB,21,6370,4310
39,3,CurveVelB,22,6715,4608
39,3,CurveVelB,23,6726,28337
39,3,CurveVelB,24,6839,5763
39,3,CurveVelB,25,7183,9802
39,3,CurveVelB,26,7306,27281
39,3,CurveVelB,27,7391,5736
39,3,CurveVelB,28,7544,9892
39,3,CurveVelB,29,8024,6227
39,3,CurveVelB,30,8240,14160
39,3,CurveVelB,31,9188,24204
39,3,CurveVelB,32,9211,23710
39,3,CurveVelB,33,9587,5496
39,3,CurveVelB,34,9733,22920
39,3,CurveVelB,35,9803,22564
39,3,CurveVelB,36,10204,25739
39,3,CurveVelB,37,10264,10901
39,3,CurveVelB,38,10557,21753
39,3,CurveVelB,39,10612,8742
39,3,CurveVelB,40,10615,2991
39,3,CurveVelB,41,10719,12909
39,3,CurveVelB,42,10881,1372
39,3,CurveVelB,43,10898,2145
39,3,CurveVelB,44,11232,1702
39,3,CurveVelB,45,11233,16662
39,3,CurveVelB,46,11955,19349
39,3,CurveVelB,47,12771,23862
39,3,CurveVelB,48,12819,26108
39,3,CurveVelB,49,12881,3550
39,3,CurveVelB,50,13855,16198
39,3,CurveVelB,51,13912,25719
39,3,CurveVelB,52,13994,6248
39,3,CurveVelB,53,14213,8654
39,3,CurveVelB,54,14468,24626
39,3,CurveVelB,55,15028,9424
39,3,CurveVelB,56,15255,9497
39,3,CurveVelB,57,15645,19292
39,3,CurveVelB,58,15908,8970
39,3,CurveVelB,59,16047,5034
39,3,CurveVelB,60,16188,9709
39,3,CurveVelB,61,16571,814
39,3,CurveVelB,62,16785,7637
39,3,CurveVelB,63,17011,4250
39,3,CurveVelB,64,17200,15772
39,3,CurveVelB,65,17278,3545
39,3,CurveVelB,66,17476,27329
39,3,CurveVelB,67,17522,3214
39,3,CurveVelB,68,17972,9456
39,3,CurveVelB,69,18124,1223
39,3,CurveVelB,70,18781,2056
39,3,CurveVelB,71,18836,17920
39,3,CurveVelB,72,19184,197
39,3,CurveVelB,73,19203,506
39,3,CurveVelB,74,19299,18644
39,3,CurveVelB,75,19402,14840
39,3,CurveVelB,76,19496,15410
39,3,CurveVelB,77,19642,13208
39,3,CurveVelB,78,19733,18151
39,3,CurveVelB,79,20014,1752
39,3,CurveVelB,80,20376,1355
39,3,CurveVelB,81,20436,5072
39,3,CurveVelB,82,20501,23126
39,3,CurveVelB,83,20747,21564
39,3,CurveVelB,84,20853,11016
39,3,CurveVelB,85,20902,23067
39,3,CurveVelB,86,20921,4936
39,3,CurveVelB,87,20933,8369
39,3,CurveVelB,88,21136,3944
39,3,CurveVelB,89,21437,3671
39,3,CurveVelB,90,22171,14630
39,3,CurveVelB,91,22436,26449
39,3,CurveVelB,92,22683,22659
39,3,CurveVelB,93,23784,12664
39,3,CurveVelB,94,24172,13515
39,3,CurveVelB,95,24254,5108
39,3,CurveVelB,96,24348,22231
39,3,CurveVelB,97,24610,11157
39,3,CurveVelB,98,24941,19073
39,3,CurveVelB,99,25243,1944
39,3,CurveVelB,100,25574,5309
39,3,CurveVelB,101,25868,18804
39,3,CurveVelB,102,26087,26585
39,3,CurveVelB,103,26236,702
39,3,CurveVelB,104,26681,29016
39,3,CurveVelB,105,27623,24555
39,3,CurveVelB,106,27666,10381
39,3,CurveVelB,107,27771,16152
39,3,CurveVelB,108,27864,28883
39,3,CurveVelB,109,28204,13212
39,3,CurveVelB,110,28364,28472
39,3,CurveVelB,111,28429,16562
39,3,CurveVelB,112,29196,5831
39,3,CurveVelB,113,29268,3136
39,3,CurveVelB,114,29272,3412
39,3,CurveVelB,115,29736,14783
39,3,CurveVelB,116,29901,4550
39,3,CurveVelB,117,30517,335
39,3,CurveVelB,118,30719,19721
39,3,CurveVelB,119,31202,9259
39,3,CurveVelB,120,31782,19035
39,3,CurveVelB,121,31892,18442
39,3,CurveVelB,122,32057,4293
39,3,CurveVelB,123,32398,27221
39,3,CurveVelB,124,33054,15437
39,3,CurveVelB,125,33414,29140
39,3,CurveVelB,126,33596,27437
39,3,CurveVelB,127,33597,4500
40,4,FlatFaultA,0,147,50919
40,4,FlatFaultA,1,751,4149
40,4,FlatFaultA,2,803,31029
40,4,FlatFaultA,3,1248,16574
40,4,FlatFaultA,4,1307,50137
40,4,FlatFaultA,5,1354,47438
40,4,FlatFaultA,6,1613,9257
40,4,FlatFaultA,7,1680,6469
40,4,FlatFaultA,8,1778,19426
40,4,FlatFaultA,9,2002,18544
40,4,FlatFaultA,10,2519,4114
40,4,FlatFaultA,11,2537,19205
40,4,FlatFaultA,12,2608,24070
40,4,FlatFaultA,13,2804,44816
40,4,FlatFaultA,14,3305,38913
40,4,FlatFaultA,15,3392,29553
40,4,FlatFaultA,16,3662,10062
40,4,FlatFaultA,17,3969,2169
40,4,FlatFaultA,18,4103,40230
40,4,FlatFaultA,19,4688,6704
40,4,FlatFaultA,20,5329,40177
40,4,FlatFaultA,21,5641,14250
40,4,FlatFaultA,22,5791,2331
40,4,FlatFaultA,23,5904,14049
40,4,FlatFaultA,24,5941,2721
40,4,FlatFaultA,25,7217,11362
40,4,FlatFaultA,26,7275,13976
40,4,FlatFaultA,27,7402,49882
40,4,FlatFaultA,28,7668,30135
40,4,FlatFaultA,29,7683,36755
40,4,FlatFaultA,30,7922,32361
40,4,FlatFaultA,31,8555,27673
40,4,FlatFaultA,32,8595,52666
40,4,FlatFaultA,33,9230,39070
40,4,FlatFaultA,34,9379,52004
40,4,FlatFaultA,35,9565,52594
40,4,FlatFaultA,36,9802,5205
40,4,FlatFaultA,37,9955,53433
40,4,FlatFaultA,38,9974,49426
40,4,FlatFaultA,39,10260,25791
40,4,FlatFaultA,40,10512,9544
40,4,FlatFaultA,41,10629,10007
40,4,FlatFaultA,42,10785,34433
40,4,FlatFaultA,43,10872,33503
40,4,FlatFaultA,44,10915,51690
40,4,FlatFaultA,45,11008,19470
40,4,FlatFaultA,46,11128,19622
40,4,FlatFaultA,47,11208,33870
40,4,FlatFaultA,48,11658,52259
40,4,FlatFaultA,49,11730,45446
40,4,FlatFaultA,50,13108,7838
40,4,FlatFaultA,51,13590,11848
40,4,FlatFaultA,52,13662,9922
40,4,FlatFaultA,53,13774,12775
40,4,FlatFaultA,54,13911,3050
40,4,FlatFaultA,55,14137,30975
40,4,FlatFaultA,56,14277,9590
40,4,FlatFaultA,57,14860,29128
40,4,FlatFaultA,58,15480,26434
40,4,FlatFaultA,59,15504,41671
40,4,FlatFaultA,60,15808,21189
40,4,FlatFaultA,61,15922,26313
40,4,FlatFaultA,62,16178,38436
40,4,FlatFaultA,63,16278,6443
40,4,FlatFaultA,64,16324,14702
40,4,FlatFaultA,65,16473,43440
40,4,FlatFaultA,66,16539,9561
40,4,FlatFaultA,67,17099,48028
40,4,FlatFaultA,68,17330,23555
40,4,FlatFaultA,69,17994,830
40,4,FlatFaultA,70,18054,15455
40,4,FlatFaultA,71,18149,33991
40,4,FlatFaultA,72,18223,39909
40,4,FlatFaultA,73,18389,17829
40,4,FlatFaultA,74,18498,13154
40,4,FlatFaultA,75,18588,32112
40,4,FlatFaultA,76,19042,41863
40,4,FlatFaultA,77,19267,8613
40,4,FlatFaultA,78,19591,16958
40,4,FlatFaultA,79,19986,42068
40,4,FlatFaultA,80,19995,23766
40,4,FlatFaultA,81,20429,41596
40,4,FlatFaultA,82,20584,28705
40,4,FlatFaultA,83,21180,45488
40,4,FlatFaultA,84,21701,34387
40,4,FlatFaultA,85,21758,33769
40,4,FlatFaultA,86,21908,20301
40,4,FlatFaultA,87,21931,8880
40,4,FlatFaultA,88,22393,13801
40,4,FlatFaultA,89,22835,41384
40,4,FlatFaultA,90,23588,27602
40,4,FlatFaultA,91,24146,45837
40,4,FlatFaultA,92,24509,18151
40,4,FlatFaultA,93,24680,32787
40,4,FlatFaultA,94,24780,51939
40,4,FlatFaultA,95,25116,50487
40,4,FlatFaultA,96,25626,2596
40,4,FlatFaultA,97,25686,35475
40,4,FlatFaultA,98,25739,17080
40,4,FlatFaultA,99,26168,26076
40,4,FlatFaultA,100,26484,14489
40,4,FlatFaultA,101,26496,50348
40,4,FlatFaultA,102,26710,29828
40,4,FlatFaultA,103,26786,48317
40,4,FlatFaultA,104,27265,11656
40,4,FlatFaultA,105,27813,26861
40,4,FlatFaultA,106,28005,11421
40,4,FlatFaultA,107,28046,32853
40,4,FlatFaultA,108,28537,41986
40,4,FlatFaultA,109,28767,5024
40,4,FlatFaultA,110,29041,28124
40,4,FlatFaultA,111,29189,5386
40,4,FlatFaultA,112,29900,12032
40,4,FlatFaultA,113,29922,14122
40,4,FlatFaultA,114,30234,33458
40,4,FlatFaultA,115,30357,9119
40,4,FlatFaultA,116,30653,301
40,4,FlatFaultA,117,30756,12236
40,4,FlatFaultA,118,30965,16932
40,4,FlatFaultA,119,31181,33905
40,4,FlatFaultA,120,31505,5263
40,4,FlatFaultA,121,32181,36134
40,4,FlatFaultA,122,32248,21382
40,4,FlatFaultA,123,32834,20408
40,4,FlatFaultA,124,32843,39956
40,4,FlatFaultA,125,33298,21866
40,4,FlatFaultA,126,33499,41736
40,4,FlatFaultA,127,33526,25688
41,4,FlatFaultA,0,155,4064
41,4,FlatFaultA,1,593,29599
41,4,FlatFaultA,2,1269,40193
41,4,FlatFaultA,3,1437,11770
41,4,FlatFaultA,4,1593,33171
41,4,FlatFaultA,5,1952,43413
41,4,FlatFaultA,6,2844,179
41,4,FlatFaultA,7,2885,53561
41,4,FlatFaultA,8,3302,19921
41,4,FlatFaultA,9,3394,3134
41,4,FlatFaultA,10,3456,36682
41,4,FlatFaultA,11,3599,34333
41,4,FlatFaultA,12,4150,46204
41,4,FlatFaultA,13,4375,33158
41,4,FlatFaultA,14,4469,21860
41,4,FlatFaultA,15,4997,11095
41,4,FlatFaultA,16,5930,35649
41,4,FlatFaultA,17,5955,22868
41,4,FlatFaultA,18,6004,27902
41,4,FlatFaultA,19,6264,25747
41,4,FlatFaultA,20,6413,26801
41,4,FlatFaultA,21,6657,25822
41,4,FlatFaultA,22,6742,51913
41,4,FlatFaultA,23,6744,6016
41,4,FlatFaultA,24,7866,15937
41,4,FlatFaultA,25,8510,6926
41,4,FlatFaultA,26,8564,34284
41,4,FlatFaultA,27,9001,45450
41,4,FlatFaultA,28,9591,7855
41,4,FlatFaultA,29,9893,31014
41,4,FlatFaultA,30,9974,49426
41,4,FlatFaultA,31,10194,15692
41,4,FlatFaultA,32,10590,22570
41,4,FlatFaultA,33,10790,31329
41,4,FlatFaultA,34,10820,14652
41,4,FlatFaultA,35,11009,16000
41,4,FlatFaultA,36,11376,41835
41,4,FlatFaultA,37,11405,20566
41,4,FlatFaultA,38,11974,45566
41,4,FlatFaultA,39,12397,7254
41,4,FlatFaultA,40,12447,3531
41,4,FlatFaultA,41,12565,14975
41,4,FlatFaultA,42,12660,35988
41,4,FlatFaultA,43,12967,53645
41,4,FlatFaultA,44,12997,52522
41,4,FlatFaultA,45,13018,39308
41,4,FlatFaultA,46,13418,8020
41,4,FlatFaultA,47,13424,25061
41,4,FlatFaultA,48,13698,41566
41,4,FlatFaultA,49,13841,51994
41,4,FlatFaultA,50,14001,23218
41,4,FlatFaultA,51,14256,14973
41,4,FlatFaultA,52,14713,9850
41,4,FlatFaultA,53,15407,32475
41,4,FlatFaultA,54,15439,8137
41,4,FlatFaultA,55,15922,26313
41,4,FlatFaultA,56,16456,4453
41,4,FlatFaultA,57,16586,28406
41,4,FlatFaultA,58,16862,35883
41,4,FlatFaultA,59,17842,32098
41,4,FlatFaultA,60,18274,44441
41,4,FlatFaultA,61,18372,22841
41,4,FlatFaultA,62,18714,30608
41,4,FlatFaultA,63,19069,27747
41,4,FlatFaultA,64,19188,32617
41,4,FlatFaultA,65,19210,7099
41,4,FlatFaultA,66,19676,37389
41,4,FlatFaultA,67,19736,24159
41,4,FlatFaultA,68,20314,43997
41,4,FlatFaultA,69,20387,44215
41,4,FlatFaultA,70,20430,17566
41,4,FlatFaultA,71,20832,14874
41,4,FlatFaultA,72,21192,52549
41,4,FlatFaultA,73,21393,15565
41,4,FlatFaultA,74,21507,34117
41,4,FlatFaultA,75,21557,12754
41,4,FlatFaultA,76,21805,45709
41,4,FlatFaultA,77,22895,23289
41,4,FlatFaultA,78,22968,25220
41,4,FlatFaultA,79,23192,52256
41,4,FlatFaultA,80,23667,6903
41,4,FlatFaultA,81,23963,23608
41,4,FlatFaultA,82,24196,37111
41,4,FlatFaultA,83,24349,5722
41,4,FlatFaultA,84,24786,52099
41,4,FlatFaultA,85,24788,33081
41,4,FlatFaultA,86,24821,42403
41,4,FlatFaultA,87,25142,44332
41,4,FlatFaultA,88,25371,16705
41,4,FlatFaultA,89,25994,10546
41,4,FlatFaultA,90,26155,52643
41,4,FlatFaultA,91,26215,44995
41,4,FlatFaultA,92,26357,33384
41,4,FlatFaultA,93,26922,45059
41,4,FlatFaultA,94,27211,22821
41,4,FlatFaultA,95,27417,28838
41,4,FlatFaultA,96,27674,23684
41,4,FlatFaultA,97,28411,1336
41,4,FlatFaultA,98,28504,4576
41,4,FlatFaultA,99,28785,46832
41,4,FlatFaultA,100,28842,3567
41,4,FlatFaultA,101,28987,16817
41,4,FlatFaultA,102,29015,28348
41,4,FlatFaultA,103,29053,39537
41,4,FlatFaultA,104,29178,21758
41,4,FlatFaultA,105,29367,16748
41,4,FlatFaultA,106,29633,26590
41,4,FlatFaultA,107,29636,25653
41,4,FlatFaultA,108,29928,35974
41,4,FlatFaultA,109,30438,30954
41,4,FlatFaultA,110,30560,22327
41,4,FlatFaultA,111,31028,10439
41,4,FlatFaultA,112,31727,39657
41,4,FlatFaultA,113,31757,40782
41,4,FlatFaultA,114,31842,13206
41,4,FlatFaultA,115,31910,6027
41,4,FlatFaultA,116,31992,28181
41,4,FlatFaultA,117,32401,16296
41,4,FlatFaultA,118,32440,4777
41,4,FlatFaultA,119,32772,38086
41,4,FlatFaultA,120,32845,39647
41,4,FlatFaultA,121,32912,26549
41,4,FlatFaultA,122,32987,17295
41,4,FlatFaultA,123,33109,35655
41,4,FlatFaultA,124,33207,21721
41,4,FlatFaultA,125,33499,41736
41,4,FlatFaultA,126,33510,27542
41,4,FlatFaultA,127,33573,9567
42,4,FlatFaultA,0,232,26079
42,4,FlatFaultA,1,767,38931
42,4,FlatFaultA,2,1008,2583
42,4,FlatFaultA,3,1020,18429
42,4,FlatFaultA,4,1045,34806
42,4,FlatFaultA,5,1338,29492
42,4,FlatFaultA,6,1424,4889
42,4,FlatFaultA,7,1764,1398
42,4,FlatFaultA,8,2139,52201
42,4,FlatFaultA,9,2472,46698
42,4,FlatFaultA,10,2717,50910
42,4,FlatFaultA,11,3003,17383
42,4,FlatFaultA,12,3521,50382
42,4,FlatFaultA,13,3823,7120
42,4,FlatFaultA,14,3945,7708
42,4,FlatFaultA,15,4164,43716
42,4,FlatFaultA,16,4464,51844
42,4,FlatFaultA,17,4566,10238
42,4,FlatFaultA,18,4718,29163
42,4,FlatFaultA,19,4807,53999
42,4,FlatFaultA,20,5196,13835
42,4,FlatFaultA,21,5231,33379
42,4,FlatFaultA,22,5460,6633
42,4,FlatFaultA,23,6207,37514
42,4,FlatFaultA,24,6300,9811
42,4,FlatFaultA,25,6320,51490
42,4,FlatFaultA,26,6583,4754
42,4,FlatFaultA,27,6669,44421
42,4,FlatFaultA,28,6750,11066
42,4,FlatFaultA,29,7208,8789
42,4,FlatFaultA,30,7265,44204
42,4,FlatFaultA,31,7363,38849
42,4,FlatFaultA,32,7698,14623
42,4,FlatFaultA,33,7917,269
42,4,FlatFaultA,34,7996,46889
42,4,FlatFaultA,35,8399,29649
42,4,FlatFaultA,36,8592,15879
42,4,FlatFaultA,37,8982,19220
42,4,FlatFaultA,38,9024,14515
42,4,FlatFaultA,39,9354,26290
42,4,FlatFaultA,40,9519,12274
42,4,FlatFaultA,41,9603,13373
42,4,FlatFaultA,42,9704,46185
42,4,FlatFaultA,43,9856,13399
42,4,FlatFaultA,44,9896,11214
42,4,FlatFaultA,45,10167,46948
42,4,FlatFaultA,46,10287,34878
42,4,FlatFaultA,47,10319,40182
42,4,FlatFaultA,48,10552,39038
42,4,FlatFaultA,49,10733,22467
42,4,FlatFaultA,50,10969,35362
42,4,FlatFaultA,51,11068,28601
42,4,FlatFaultA,52,11644,50252
42,4,FlatFaultA,53,11658,52259
42,4,FlatFaultA,54,12127,30832
42,4,FlatFaultA,55,12469,2282
42,4,FlatFaultA,56,12519,35555
42,4,FlatFaultA,57,12586,7925
42,4,FlatFaultA,58,12810,22829
42,4,FlatFaultA,59,13082,32963
42,4,FlatFaultA,60,13285,28083
42,4,FlatFaultA,61,13295,53901
42,4,FlatFaultA,62,13382,7713
42,4,FlatFaultA,63,13698,41566
42,4,FlatFaultA,64,13731,23694
42,4,FlatFaultA,65,14064,9889
42,4,FlatFaultA,66,14143,41083
42,4,FlatFaultA,67,14674,10138
42,4,FlatFaultA,68,14886,3030
42,4,FlatFaultA,69,14961,35999
42,4,FlatFaultA,70,15349,24904
42,4,FlatFaultA,71,15371,22272
42,4,FlatFaultA,72,15792,43060
42,4,FlatFaultA,73,16505,53111
42,4,FlatFaultA,74,16587,29406
42,4,FlatFaultA,75,16803,40451
42,4,FlatFaultA,76,16876,34071
42,4,FlatFaultA,77,18248,18914
42,4,FlatFaultA,78,18373,24245
42,4,FlatFaultA,79,19128,18436
42,4,FlatFaultA,80,19209,11946
42,4,FlatFaultA,81,19237,20865
42,4,FlatFaultA,82,19398,42115
42,4,FlatFaultA,83,19449,48838
42,4,FlatFaultA,84,19736,24159
42,4,FlatFaultA,85,20395,31218
42,4,FlatFaultA,86,20435,53651
42,4,FlatFaultA,87,20787,13482
42,4,FlatFaultA,88,20963,46416
42,4,FlatFaultA,89,21147,33951
42,4,FlatFaultA,90,21309,5969
42,4,FlatFaultA,91,21812,6217
42,4,FlatFaultA,92,22365,22427
42,4,FlatFaultA,93,22660,6667
42,4,FlatFaultA,94,22831,47397
42,4,FlatFaultA,95,22895,23289
42,4,FlatFaultA,96,22918,51653
42,4,FlatFaultA,97,23425,47989
42,4,FlatFaultA,98,23635,12123
42,4,FlatFaultA,99,24133,37917
42,4,FlatFaultA,100,24264,12431
42,4,FlatFaultA,101,24304,2071
42,4,FlatFaultA,102,24485,40970
42,4,FlatFaultA,103,25198,48896
42,4,FlatFaultA,104,25626,2596
42,4,FlatFaultA,105,25679,4971
42,4,FlatFaultA,106,25778,7958
42,4,FlatFaultA,107,25876,10629
42,4,FlatFaultA,108,25937,18657
42,4,FlatFaultA,109,26458,41455
42,4,FlatFaultA,110,26543,48692
42,4,FlatFaultA,111,26886,20726
42,4,FlatFaultA,112,26995,35415
42,4,FlatFaultA,113,27226,48492
42,4,FlatFaultA,114,27263,370
42,4,FlatFaultA,115,27281,22347
42,4,FlatFaultA,116,27706,7605
42,4,FlatFaultA,117,29019,42634
42,4,FlatFaultA,118,29463,21336
42,4,FlatFaultA,119,29867,48542
42,4,FlatFaultA,120,30078,35864
42,4,FlatFaultA,121,30218,36183
42,4,FlatFaultA,122,30840,4632
42,4,FlatFaultA,123,31169,33415
42,4,FlatFaultA,124,31462,30047
42,4,FlatFaultA,125,32201,13353
42,4,FlatFaultA,126,32470,20430
42,4,FlatFaultA,127,32738,50951
43,4,FlatFaultA,0,62,41403
43,4,FlatFaultA,1,477,29313
43,4,FlatFaultA,2,767,38931
43,4,FlatFaultA,3,1010,19768
43,4,FlatFaultA,4,1020,18429
43,4,FlatFaultA,5,1354,47438
43,4,FlatFaultA,6,1662,20672
43,4,FlatFaultA,7,1764,1398
43,4,FlatFaultA,8,2774,31183
43,4,FlatFaultA,9,2919,5973
43,4,FlatFaultA,10,3243,37497
43,4,FlatFaultA,11,3507,45495
43,4,FlatFaultA,12,3558,27829
43,4,FlatFaultA,13,4244,45048
43,4,FlatFaultA,14,4382,5114
43,4,FlatFaultA,15,4474,28145
43,4,FlatFaultA,16,4648,45960
43,4,FlatFaultA,17,5119,53904
43,4,FlatFaultA,18,5576,36432
43,4,FlatFaultA,19,5656,12737
43,4,FlatFaultA,20,5835,13351
43,4,FlatFaultA,21,6389,26379
43,4,FlatFaultA,22,6634,34790
43,4,FlatFaultA,23,6850,42505
43,4,FlatFaultA,24,7275,13976
43,4,FlatFaultA,25,7454,21834
43,4,FlatFaultA,26,7608,12686
43,4,FlatFaultA,27,7917,269
43,4,FlatFaultA,28,8242,52848
43,4,FlatFaultA,29,8321,47967
43,4,FlatFaultA,30,8357,29589
43,4,FlatFaultA,31,8494,4204
43,4,FlatFaultA,32,9350,11265
43,4,FlatFaultA,33,9456,44265
43,4,FlatFaultA,34,9685,44200
43,4,FlatFaultA,35,9831,42968
43,4,FlatFaultA,36,9901,49080
43,4,FlatFaultA,37,10055,32523
43,4,FlatFaultA,38,10063,46049
43,4,FlatFaultA,39,10102,53097
43,4,FlatFaultA,40,10476,38147
43,4,FlatFaultA,41,10712,28802
43,4,FlatFaultA,42,11077,51888
43,4,FlatFaultA,43,11205,50235
43,4,FlatFaultA,44,11222,41729
43,4,FlatFaultA,45,11360,12404
43,4,FlatFaultA,46,11401,11085
43,4,FlatFaultA,47,11570,23856
43,4,FlatFaultA,48,11739,43976
43,4,FlatFaultA,49,11752,34160
43,4,FlatFaultA,50,12078,18678
43,4,FlatFaultA,51,12290,26591
43,4,FlatFaultA,52,12934,35963
43,4,FlatFaultA,53,13198,31262
43,4,FlatFaultA,54,13559,42033
43,4,FlatFaultA,55,13972,32230
43,4,FlatFaultA,56,14200,18392
43,4,FlatFaultA,57,14261,35203
43,4,FlatFaultA,58,14283,48742
43,4,FlatFaultA,59,14588,49811
43,4,FlatFaultA,60,14674,10138
43,4,FlatFaultA,61,14737,12815
43,4,FlatFaultA,62,14906,51332
43,4,FlatFaultA,63,15042,7385
43,4,FlatFaultA,64,15332,51934
43,4,FlatFaultA,65,15550,50629
43,4,FlatFaultA,66,15654,14488
43,4,FlatFaultA,67,15755,6396
43,4,FlatFaultA,68,15967,39451
43,4,FlatFaultA,69,16288,27845
43,4,FlatFaultA,70,17023,38489
43,4,FlatFaultA,71,17121,33268
43,4,FlatFaultA,72,17422,43786
43,4,FlatFaultA,73,17922,4864
43,4,FlatFaultA,74,18235,22626
43,4,FlatFaultA,75,18269,14239
43,4,FlatFaultA,76,18697,1429
43,4,FlatFaultA,77,19210,7099
43,4,FlatFaultA,78,19365,17399
43,4,FlatFaultA,79,20035,20543
43,4,FlatFaultA,80,20099,34043
43,4,FlatFaultA,81,20126,49614
43,4,FlatFaultA,82,20272,49027
43,4,FlatFaultA,83,20394,20839
43,4,FlatFaultA,84,20445,31542
43,4,FlatFaultA,85,20455,53258
43,4,FlatFaultA,86,20471,17294
43,4,FlatFaultA,87,20545,31571
43,4,FlatFaultA,88,20836,31057
43,4,FlatFaultA,89,20948,5099
43,4,FlatFaultA,90,21656,3380
43,4,FlatFaultA,91,21923,45585
43,4,FlatFaultA,92,22134,12527
43,4,FlatFaultA,93,22309,45457
43,4,FlatFaultA,94,24084,34887
43,4,FlatFaultA,95,24245,23142
43,4,FlatFaultA,96,24285,13172
43,4,FlatFaultA,97,24872,9254
43,4,FlatFaultA,98,25103,34262
43,4,FlatFaultA,99,25189,15974
43,4,FlatFaultA,100,25867,29785
43,4,FlatFaultA,101,26573,32601
43,4,FlatFaultA,102,26884,31409
43,4,FlatFaultA,103,27051,4490
43,4,FlatFaultA,104,27355,12966
43,4,FlatFaultA,105,27930,16494
43,4,FlatFaultA,106,27989,27330
43,4,FlatFaultA,107,28052,28676
43,4,FlatFaultA,108,28060,36795
43,4,FlatFaultA,109,28192,1701
43,4,FlatFaultA,110,28484,23956
43,4,FlatFaultA,111,28830,42162
43,4,FlatFaultA,112,28842,3567
43,4,FlatFaultA,113,28904,26681
43,4,FlatFaultA,114,28915,25200
43,4,FlatFaultA,115,29041,28124
43,4,FlatFaultA,116,29464,52678
43,4,FlatFaultA,117,29836,15274
43,4,FlatFaultA,118,30025,3657
43,4,FlatFaultA,119,30051,1930
43,4,FlatFaultA,120,30360,47819
43,4,FlatFaultA,121,30393,32980
43,4,FlatFaultA,122,31008,36079
43,4,FlatFaultA,123,31591,44405
43,4,FlatFaultA,124,31837,15645
43,4,FlatFaultA,125,32181,36134
43,4,FlatFaultA,126,32479,29021
43,4,FlatFaultA,127,33275,10429
44,4,FlatFaultA,0,321,50677
44,4,FlatFaultA,1,492,49801
44,4,FlatFaultA,2,1494,35899
44,4,FlatFaultA,3,1511,10884
44,4,FlatFaultA,4,1538,26018
44,4,FlatFaultA,5,1660,27384
44,4,FlatFaultA,6,1871,50199
44,4,FlatFaultA,7,2161,24402
44,4,FlatFaultA,8,2311,22666
44,4,FlatFaultA,9,2586,29899
44,4,FlatFaultA,10,2600,13855
44,4,FlatFaultA,11,2627,33994
44,4,FlatFaultA,12,3447,30067
44,4,FlatFaultA,13,3574,20448
44,4,FlatFaultA,14,4002,367
44,4,FlatFaultA,15,4089,28065
44,4,FlatFaultA,16,4208,33531
44,4,FlatFaultA,17,4211,6993
44,4,FlatFaultA,18,4323,4791
44,4,FlatFaultA,19,4739,45513
44,4,FlatFaultA,20,4807,53999
44,4,FlatFaultA,21,5151,50510
44,4,FlatFaultA,22,5306,20863
44,4,FlatFaultA,23,5580,39807
44,4,FlatFaultA,24,5920,42888
44,4,FlatFaultA,25,5967,3054
44,4,FlatFaultA,26,6030,42364
44,4,FlatFaultA,27,6264,25747
44,4,FlatFaultA,28,6831,18873
44,4,FlatFaultA,29,7164,41220
44,4,FlatFaultA,30,7534,32733
44,4,FlatFaultA,31,7668,30135
44,4,FlatFaultA,32,7980,32462
44,4,FlatFaultA,33,8590,19687
44,4,FlatFaultA,34,8665,38303
44,4,FlatFaultA,35,8853,27359
44,4,FlatFaultA,36,9098,8319
44,4,FlatFaultA,37,9290,13762
44,4,FlatFaultA,38,9334,30203
44,4,FlatFaultA,39,9591,7855
44,4,FlatFaultA,40,9677,28833
44,4,FlatFaultA,41,9864,32577
44,4,FlatFaultA,42,10063,46049
44,4,FlatFaultA,43,11085,33922
44,4,FlatFaultA,44,11568,29169
44,4,FlatFaultA,45,11828,16115
44,4,FlatFaultA,46,11937,35890
44,4,FlatFaultA,47,11989,44790
44,4,FlatFaultA,48,12127,30832
44,4,FlatFaultA,49,12660,35988
44,4,FlatFaultA,50,13559,42033
44,4,FlatFaultA,51,13591,53174
44,4,FlatFaultA,52,13698,41566
44,4,FlatFaultA,53,13975,11552
44,4,FlatFaultA,54,14058,30
44,4,FlatFaultA,55,14082,127
44,4,FlatFaultA,56,14128,15921
44,4,FlatFaultA,57,14295,37267
44,4,FlatFaultA,58,14412,17575
44,4,FlatFaultA,59,15842,34461
44,4,FlatFaultA,60,16613,52351
44,4,FlatFaultA,61,17163,35629
44,4,FlatFaultA,62,17341,35964
44,4,FlatFaultA,63,17571,15490
44,4,FlatFaultA,64,18250,31031
44,4,FlatFaultA,65,18369,22995
44,4,FlatFaultA,66,19053,20137
44,4,FlatFaultA,67,19398,42115
44,4,FlatFaultA,68,19494,16515
44,4,FlatFaultA,69,19533,48528
44,4,FlatFaultA,70,19654,45567
44,4,FlatFaultA,71,19854,19626
44,4,FlatFaultA,72,20007,7970
44,4,FlatFaultA,73,20130,34492
44,4,FlatFaultA,74,20268,3631
44,4,FlatFaultA,75,20412,53979
44,4,FlatFaultA,76,20571,8409
44,4,FlatFaultA,77,20573,43080
44,4,FlatFaultA,78,20614,49293
44,4,FlatFaultA,79,20820,46923
44,4,FlatFaultA,80,20951,37074
44,4,FlatFaultA,81,21012,25509
44,4,FlatFaultA,82,21080,44216
44,4,FlatFaultA,83,21168,13175
44,4,FlatFaultA,84,21966,40741
44,4,FlatFaultA,85,21980,52409
44,4,FlatFaultA,86,22895,23289
44,4,FlatFaultA,87,23062,33161
44,4,FlatFaultA,88,23162,50754
44,4,FlatFaultA,89,23196,49864
44,4,FlatFaultA,90,23422,45788
44,4,FlatFaultA,91,23446,26372
44,4,FlatFaultA,92,23710,37570
44,4,FlatFaultA,93,24053,31591
44,4,FlatFaultA,94,24304,2071
44,4,FlatFaultA,95,24772,35380
44,4,FlatFaultA,96,24898,22201
44,4,FlatFaultA,97,25161,34938
44,4,FlatFaultA,98,25430,22038
44,4,FlatFaultA,99,25475,32471
44,4,FlatFaultA,100,25876,10629
44,4,FlatFaultA,101,26028,31809
44,4,FlatFaultA,102,26237,35490
44,4,FlatFaultA,103,26339,15045
44,4,FlatFaultA,104,26478,23865
44,4,FlatFaultA,105,27120,46772
44,4,FlatFaultA,106,27215,43293
44,4,FlatFaultA,107,27240,42320
44,4,FlatFaultA,108,27942,24492
44,4,FlatFaultA,109,28317,48201
44,4,FlatFaultA,110,28583,46659
44,4,FlatFaultA,111,28929,11549
44,4,FlatFaultA,112,29195,46029
44,4,FlatFaultA,113,29360,17781
44,4,FlatFaultA,114,29945,24397
44,4,FlatFaultA,115,30151,21377
44,4,FlatFaultA,116,30339,1652
44,4,FlatFaultA,117,30345,39525
44,4,FlatFaultA,118,31685,16761
44,4,FlatFaultA,119,31727,39657
44,4,FlatFaultA,120,31980,17866
44,4,FlatFaultA,121,32010,20147
44,4,FlatFaultA,122,32016,30498
44,4,FlatFaultA,123,32511,18374
44,4,FlatFaultA,124,32732,39808
44,4,FlatFaultA,125,32875,1023
44,4,FlatFaultA,126,32912,26549
44,4,FlatFaultA,127,33278,6471
45,4,FlatFaultA,0,116,23353
45,4,FlatFaultA,1,570,42916
45,4,FlatFaultA,2,995,16830
45,4,FlatFaultA,3,1203,44352
45,4,FlatFaultA,4,1226,10519
45,4,FlatFaultA,5,1567,49579
45,4,FlatFaultA,6,1663,36345
45,4,FlatFaultA,7,2003,10681
45,4,FlatFaultA,8,2094,21527
45,4,FlatFaultA,9,2568,46234
45,4,FlatFaultA,10,2695,6033
45,4,FlatFaultA,11,2785,37937
45,4,FlatFaultA,12,2858,36464
45,4,FlatFaultA,13,3333,18216
45,4,FlatFaultA,14,3662,10062
45,4,FlatFaultA,15,3742,24172
45,4,FlatFaultA,16,4190,31091
45,4,FlatFaultA,17,4317,1438
45,4,FlatFaultA,18,4492,24230
45,4,FlatFaultA,19,5097,3109
45,4,FlatFaultA,20,5473,11040
45,4,FlatFaultA,21,5707,50201
45,4,FlatFaultA,22,5974,6511
45,4,FlatFaultA,23,6056,8039
45,4,FlatFaultA,24,6401,36966
45,4,FlatFaultA,25,7514,29615
45,4,FlatFaultA,26,7539,1419
45,4,FlatFaultA,27,7689,27663
45,4,FlatFaultA,28,7917,269
45,4,FlatFaultA,29,8006,1272
45,4,FlatFaultA,30,8135,42295
45,4,FlatFaultA,31,8195,27408
45,4,FlatFaultA,32,8199,53055
45,4,FlatFaultA,33,9548,53968
45,4,FlatFaultA,34,9891,24379
45,4,FlatFaultA,35,10547,27366
45,4,FlatFaultA,36,10820,14652
45,4,FlatFaultA,37,11145,3312
45,4,FlatFaultA,38,11165,2512
45,4,FlatFaultA,39,11401,11085
45,4,FlatFaultA,40,11616,14570
45,4,FlatFaultA,41,11632,11423
45,4,FlatFaultA,42,11854,7573
45,4,FlatFaultA,43,11893,46561
45,4,FlatFaultA,44,12109,18246
45,4,FlatFaultA,45,12231,10330
45,4,FlatFaultA,46,12464,43665
45,4,FlatFaultA,47,13047,32789
45,4,FlatFaultA,48,13164,50455
45,4,FlatFaultA,49,13342,9111
45,4,FlatFaultA,50,13640,100
45,4,FlatFaultA,51,13892,51548
45,4,FlatFaultA,52,15042,7385
45,4,FlatFaultA,53,15103,51714
45,4,FlatFaultA,54,15128,2479
45,4,FlatFaultA,55,15855,5135
45,4,FlatFaultA,56,16167,34918
45,4,FlatFaultA,57,16964,49360
45,4,FlatFaultA,58,17099,48028
45,4,FlatFaultA,59,17153,13051
45,4,FlatFaultA,60,18030,43520
45,4,FlatFaultA,61,18971,4726
45,4,FlatFaultA,62,19961,37262
45,4,FlatFaultA,63,20285,21531
45,4,FlatFaultA,64,20299,13952
45,4,FlatFaultA,65,20846,24945
45,4,FlatFaultA,66,20905,10550
45,4,FlatFaultA,67,21188,48062
45,4,FlatFaultA,68,21700,45315
45,4,FlatFaultA,69,22055,48693
45,4,FlatFaultA,70,22081,2610
45,4,FlatFaultA,71,22109,27343
45,4,FlatFaultA,72,22391,37883
45,4,FlatFaultA,73,22568,49271
45,4,FlatFaultA,74,22859,49979
45,4,FlatFaultA,75,23012,49657
45,4,FlatFaultA,76,23374,7538
45,4,FlatFaultA,77,23425,47989
45,4,FlatFaultA,78,23975,22135
45,4,FlatFaultA,79,24485,40970
45,4,FlatFaultA,80,24548,27721
45,4,FlatFaultA,81,24593,13586
45,4,FlatFaultA,82,24696,24548
45,4,FlatFaultA,83,24716,41508
45,4,FlatFaultA,84,24821,42403
45,4,FlatFaultA,85,24898,22201
45,4,FlatFaultA,86,25305,48770
45,4,FlatFaultA,87,25640,49918
45,4,FlatFaultA,88,25778,7958
45,4,FlatFaultA,89,26159,22288
45,4,FlatFaultA,90,26359,11342
45,4,FlatFaultA,91,26714,30040
45,4,FlatFaultA,92,26857,22247
45,4,FlatFaultA,93,26938,38542
45,4,FlatFaultA,94,26960,8425
45,4,FlatFaultA,95,26963,25202
45,4,FlatFaultA,96,27079,33189
45,4,FlatFaultA,97,27300,27712
45,4,FlatFaultA,98,27500,12764
45,4,FlatFaultA,99,27611,45984
45,4,FlatFaultA,100,27930,16494
45,4,FlatFaultA,101,28224,16683
45,4,FlatFaultA,102,28814,43621
45,4,FlatFaultA,103,28955,39245
45,4,FlatFaultA,104,29034,20064
45,4,FlatFaultA,105,29058,38289
45,4,FlatFaultA,106,29317,1112
45,4,FlatFaultA,107,29344,43249
45,4,FlatFaultA,108,29867,48542
45,4,FlatFaultA,109,29962,12585
45,4,FlatFaultA,110,30065,28138
45,4,FlatFaultA,111,30094,43915
45,4,FlatFaultA,112,30384,53476
45,4,FlatFaultA,113,30521,6707
45,4,FlatFaultA,114,30713,375
45,4,FlatFaultA,115,31193,49060
45,4,FlatFaultA,116,31221,48034
45,4,FlatFaultA,117,31649,39926
45,4,FlatFaultA,118,31682,30126
45,4,FlatFaultA,119,32409,44941
45,4,FlatFaultA,120,32522,35422
45,4,FlatFaultA,121,33103,24760
45,4,FlatFaultA,122,33109,35655
45,4,FlatFaultA,123,33168,52925
45,4,FlatFaultA,124,33401,35120
45,4,FlatFaultA,125,33504,30010
45,4,FlatFaultA,126,33566,53669
45,4,FlatFaultA,127,33569,49789
46,4,FlatFaultA,0,303,42458
46,4,FlatFaultA,1,691,22764
46,4,FlatFaultA,2,930,48745
46,4,FlatFaultA,3,940,26978
46,4,FlatFaultA,4,1354,47438
46,4,FlatFaultA,5,1932,1340
46,4,FlatFaultA,6,2462,15189
46,4,FlatFaultA,7,2668,36560
46,4,FlatFaultA,8,3388,24180
46,4,FlatFaultA,9,3494,43354
46,4,FlatFaultA,10,3691,19244
46,4,FlatFaultA,11,3720,43656
46,4,FlatFaultA,12,3765,29923
46,4,FlatFaultA,13,3950,7074
46,4,FlatFaultA,14,4065,19566
46,4,FlatFaultA,15,4326,26997
46,4,FlatFaultA,16,4372,7936
46,4,FlatFaultA,17,4409,42204
46,4,FlatFaultA,18,4466,50750
46,4,FlatFaultA,19,4505,23554
46,4,FlatFaultA,20,4924,31956
46,4,FlatFaultA,21,5094,33784
46,4,FlatFaultA,22,5363,2079
46,4,FlatFaultA,23,5686,30547
46,4,FlatFaultA,24,5786,44755
46,4,FlatFaultA,25,6372,38416
46,4,FlatFaultA,26,6761,8064
46,4,FlatFaultA,27,6880,2958
46,4,FlatFaultA,28,7173,9936
46,4,FlatFaultA,29,7176,4105
46,4,FlatFaultA,30,7471,1956
46,4,FlatFaultA,31,8193,13169
46,4,FlatFaultA,32,8564,34284
46,4,FlatFaultA,33,8822,14595
46,4,FlatFaultA,34,8890,4496
46,4,FlatFaultA,35,9108,48264
46,4,FlatFaultA,36,9223,30401
46,4,FlatFaultA,37,9432,40390
46,4,FlatFaultA,38,9677,28833
46,4,FlatFaultA,39,9711,1551
46,4,FlatFaultA,40,9742,18048
46,4,FlatFaultA,41,9977,46968
46,4,FlatFaultA,42,10102,53097
46,4,FlatFaultA,43,10363,24318
46,4,FlatFaultA,44,10512,9544
46,4,FlatFaultA,45,10712,28802
46,4,FlatFaultA,46,11525,18376
46,4,FlatFaultA,47,11861,6644
46,4,FlatFaultA,48,12190,42697
46,4,FlatFaultA,49,12511,6059
46,4,FlatFaultA,50,14064,9889
46,4,FlatFaultA,51,14431,53283
46,4,FlatFaultA,52,14870,31166
46,4,FlatFaultA,53,14990,31340
46,4,FlatFaultA,54,15021,27570
46,4,FlatFaultA,55,15252,27495
46,4,FlatFaultA,56,15302,18407
46,4,FlatFaultA,57,15375,34855
46,4,FlatFaultA,58,15657,6681
46,4,FlatFaultA,59,15842,34461
46,4,FlatFaultA,60,15871,13877
46,4,FlatFaultA,61,16494,20643
46,4,FlatFaultA,62,16789,50123
46,4,FlatFaultA,63,17163,35629
46,4,FlatFaultA,64,17183,32275
46,4,FlatFaultA,65,17299,53592
46,4,FlatFaultA,66,17362,20165
46,4,FlatFaultA,67,17536,45005
46,4,FlatFaultA,68,17581,45673
46,4,FlatFaultA,69,17613,48668
46,4,FlatFaultA,70,18015,13983
46,4,FlatFaultA,71,18211,35328
46,4,FlatFaultA,72,18245,5091
46,4,FlatFaultA,73,18337,36130
46,4,FlatFaultA,74,18373,24245
46,4,FlatFaultA,75,18627,36741
46,4,FlatFaultA,76,18645,19904
46,4,FlatFaultA,77,18665,3488
46,4,FlatFaultA,78,18690,38957
46,4,FlatFaultA,79,19110,15942
46,4,FlatFaultA,80,19217,47293
46,4,FlatFaultA,81,19668,46479
46,4,FlatFaultA,82,19689,14519
46,4,FlatFaultA,83,19736,24159
46,4,FlatFaultA,84,20685,3767
46,4,FlatFaultA,85,20776,28227
46,4,FlatFaultA,86,20842,31376
46,4,FlatFaultA,87,21065,24542
46,4,FlatFaultA,88,21515,43514
46,4,FlatFaultA,89,21606,8919
46,4,FlatFaultA,90,23049,48548
46,4,FlatFaultA,91,23232,30619
46,4,FlatFaultA,92,23242,64
46,4,FlatFaultA,93,23256,35011
46,4,FlatFaultA,94,23325,21481
46,4,FlatFaultA,95,23429,18320
46,4,FlatFaultA,96,23894,925
46,4,FlatFaultA,97,24347,9874
46,4,FlatFaultA,98,24428,29056
46,4,FlatFaultA,99,24974,26584
46,4,FlatFaultA,100,25440,26455
46,4,FlatFaultA,101,25629,52369
46,4,FlatFaultA,102,25696,34820
46,4,FlatFaultA,103,25880,19256
46,4,FlatFaultA,104,25895,2333
46,4,FlatFaultA,105,26338,52043
46,4,FlatFaultA,106,26440,45908
46,4,FlatFaultA,107,26478,23865
46,4,FlatFaultA,108,26751,52853
46,4,FlatFaultA,109,27265,11656
46,4,FlatFaultA,110,27370,52541
46,4,FlatFaultA,111,27458,19371
46,4,FlatFaultA,112,27500,12764
46,4,FlatFaultA,113,27594,9260
46,4,FlatFaultA,114,27750,9881
46,4,FlatFaultA,115,27840,37843
46,4,FlatFaultA,116,28001,17696
46,4,FlatFaultA,117,28005,11421
46,4,FlatFaultA,118,29118,45214
46,4,FlatFaultA,119,29311,35794
46,4,FlatFaultA,120,29528,53853
46,4,FlatFaultA,121,29533,33640
46,4,FlatFaultA,122,31505,5263
46,4,FlatFaultA,123,31621,34693
46,4,FlatFaultA,124,31842,13206
46,4,FlatFaultA,125,31904,7428
46,4,FlatFaultA,126,31992,28181
46,4,FlatFaultA,127,32180,11779
47,4,FlatFaultA,0,225,41274
47,4,FlatFaultA,1,313,40031
47,4,FlatFaultA,2,691,22764
47,4,FlatFaultA,3,961,6939
47,4,FlatFaultA,4,1248,16574
47,4,FlatFaultA,5,1566,19813
47,4,FlatFaultA,6,1764,1398
47,4,FlatFaultA,7,1860,4412
47,4,FlatFaultA,8,1926,36078
47,4,FlatFaultA,9,1974,23040
47,4,FlatFaultA,10,2335,16387
47,4,FlatFaultA,11,2844,179
47,4,FlatFaultA,12,2956,53565
47,4,FlatFaultA,13,3042,9453
47,4,FlatFaultA,14,3383,16896
47,4,FlatFaultA,15,3709,32201
47,4,FlatFaultA,16,3742,24172
47,4,FlatFaultA,17,3825,20809
47,4,FlatFaultA,18,4017,12272
47,4,FlatFaultA,19,4130,4375
47,4,FlatFaultA,20,4244,45048
47,4,FlatFaultA,21,4515,3780
47,4,FlatFaultA,22,4901,20287
47,4,FlatFaultA,23,4907,31463
47,4,FlatFaultA,24,4986,37342
47,4,FlatFaultA,25,5042,22699
47,4,FlatFaultA,26,5637,52401
47,4,FlatFaultA,27,5776,30713
47,4,FlatFaultA,28,5777,53116
47,4,FlatFaultA,29,6908,7411
47,4,FlatFaultA,30,7468,18560
47,4,FlatFaultA,31,7689,27663
47,4,FlatFaultA,32,8592,15879
47,4,FlatFaultA,33,8832,51903
47,4,FlatFaultA,34,8933,35798
47,4,FlatFaultA,35,9179,14487
47,4,FlatFaultA,36,9446,24243
47,4,FlatFaultA,37,10519,17222
47,4,FlatFaultA,38,11432,45331
47,4,FlatFaultA,39,11974,45566
47,4,FlatFaultA,40,11975,20364
47,4,FlatFaultA,41,11980,23103
47,4,FlatFaultA,42,12018,28246
47,4,FlatFaultA,43,12154,16682
47,4,FlatFaultA,44,12414,23853
47,4,FlatFaultA,45,12700,53693
47,4,FlatFaultA,46,12864,19649
47,4,FlatFaultA,47,13200,34846
47,4,FlatFaultA,48,13737,7475
47,4,FlatFaultA,49,13892,51548
47,4,FlatFaultA,50,14119,16673
47,4,FlatFaultA,51,14187,16415
47,4,FlatFaultA,52,14263,51093
47,4,FlatFaultA,53,14493,10195
47,4,FlatFaultA,54,14704,34030
47,4,FlatFaultA,55,14716,48706
47,4,FlatFaultA,56,14759,28843
47,4,FlatFaultA,57,14883,26378
47,4,FlatFaultA,58,14911,44344
47,4,FlatFaultA,59,15245,38793
47,4,FlatFaultA,60,15952,39533
47,4,FlatFaultA,61,16212,20545
47,4,FlatFaultA,62,16354,29735
47,4,FlatFaultA,63,16521,22221
47,4,FlatFaultA,64,16640,35718
47,4,FlatFaultA,65,16775,3628
47,4,FlatFaultA,66,17344,10756
47,4,FlatFaultA,67,17499,42143
47,4,FlatFaultA,68,17943,42775
47,4,FlatFaultA,69,18082,7328
47,4,FlatFaultA,70,18373,24245
47,4,FlatFaultA,71,18382,48708
47,4,FlatFaultA,72,18627,36741
47,4,FlatFaultA,73,18738,5454
47,4,FlatFaultA,74,18953,17319
47,4,FlatFaultA,75,19282,42229
47,4,FlatFaultA,76,20178,27079
47,4,FlatFaultA,77,20545,31571
47,4,FlatFaultA,78,21188,48062
47,4,FlatFaultA,79,21450,13634
47,4,FlatFaultA,80,23026,53062
47,4,FlatFaultA,81,23138,36539
47,4,FlatFaultA,82,23543,29004
47,4,FlatFaultA,83,23949,40119
47,4,FlatFaultA,84,23987,298
47,4,FlatFaultA,85,24094,33706
47,4,FlatFaultA,86,24461,24411
47,4,FlatFaultA,87,24611,32869
47,4,FlatFaultA,88,24917,27926
47,4,FlatFaultA,89,24948,637
47,4,FlatFaultA,90,25003,37841
47,4,FlatFaultA,91,25629,52369
47,4,FlatFaultA,92,25778,7958
47,4,FlatFaultA,93,25937,18657
47,4,FlatFaultA,94,26028,31809
47,4,FlatFaultA,95,26037,2311
47,4,FlatFaultA,96,26449,48007
47,4,FlatFaultA,97,26455,12223
47,4,FlatFaultA,98,26574,48678
47,4,FlatFaultA,99,26985,53822
47,4,FlatFaultA,100,27300,27712
47,4,FlatFaultA,101,27355,12966
47,4,FlatFaultA,102,27657,28625
47,4,FlatFaultA,103,27729,907
47,4,FlatFaultA,104,28023,51182
47,4,FlatFaultA,105,28112,8615
47,4,FlatFaultA,106,28170,36552
47,4,FlatFaultA,107,28633,9350
47,4,FlatFaultA,108,28941,52551
47,4,FlatFaultA,109,29112,2632
47,4,FlatFaultA,110,29189,5386
47,4,FlatFaultA,111,29544,20598
47,4,FlatFaultA,112,29606,39140
47,4,FlatFaultA,113,30231,48056
47,4,FlatFaultA,114,30332,13590
47,4,FlatFaultA,115,30377,37224
47,4,FlatFaultA,116,30501,53501
47,4,FlatFaultA,117,30590,37525
47,4,FlatFaultA,118,31317,36573
47,4,FlatFaultA,119,31356,48382
47,4,FlatFaultA,120,31460,52958
47,4,FlatFaultA,121,31908,40744
47,4,FlatFaultA,122,31910,6027
47,4,FlatFaultA,123,32176,35908
47,4,FlatFaultA,124,32317,12469
47,4,FlatFaultA,125,32672,17376
47,4,FlatFaultA,126,33058,31739
47,4,FlatFaultA,127,33328,6927
48,4,FlatFaultA,0,147,50919
48,4,FlatFaultA,1,218,2320
48,4,FlatFaultA,2,232,26079
48,4,FlatFaultA,3,295,24880
48,4,FlatFaultA,4,759,485
48,4,FlatFaultA,5,1215,27582
48,4,FlatFaultA,6,1227,20264
48,4,FlatFaultA,7,1424,4889
48,4,FlatFaultA,8,1760,44594
48,4,FlatFaultA,9,2042,8973
48,4,FlatFaultA,10,2970,13309
48,4,FlatFaultA,11,3042,9453
48,4,FlatFaultA,12,3258,4850
48,4,FlatFaultA,13,3648,18132
48,4,FlatFaultA,14,4183,16036
48,4,FlatFaultA,15,4919,41487
48,4,FlatFaultA,16,5043,44426
48,4,FlatFaultA,17,5231,33379
48,4,FlatFaultA,18,5776,30713
48,4,FlatFaultA,19,6004,27902
48,4,FlatFaultA,20,6203,7736
48,4,FlatFaultA,21,6217,19675
48,4,FlatFaultA,22,6583,4754
48,4,FlatFaultA,23,6634,34790
48,4,FlatFaultA,24,7086,46278
48,4,FlatFaultA,25,7662,17159
48,4,FlatFaultA,26,7667,40402
48,4,FlatFaultA,27,8092,43316
48,4,FlatFaultA,28,8164,47162
48,4,FlatFaultA,29,8185,16315
48,4,FlatFaultA,30,8612,43459
48,4,FlatFaultA,31,8771,26304
48,4,FlatFaultA,32,8890,4496
48,4,FlatFaultA,33,9010,22939
48,4,FlatFaultA,34,9045,35026
48,4,FlatFaultA,35,9281,20162
48,4,FlatFaultA,36,9354,26290
48,4,FlatFaultA,37,9374,47869
48,4,FlatFaultA,38,9516,6664
48,4,FlatFaultA,39,9603,13373
48,4,FlatFaultA,40,9896,11214
48,4,FlatFaultA,41,10046,40892
48,4,FlatFaultA,42,10319,40182
48,4,FlatFaultA,43,10689,41550
48,4,FlatFaultA,44,10704,41813
48,4,FlatFaultA,45,10802,43882
48,4,FlatFaultA,46,11008,19470
48,4,FlatFaultA,47,11168,38705
48,4,FlatFaultA,48,11310,18473
48,4,FlatFaultA,49,11658,52259
48,4,FlatFaultA,50,11668,48414
48,4,FlatFaultA,51,11847,8089
48,4,FlatFaultA,52,12145,32743
48,4,FlatFaultA,53,12730,37754
48,4,FlatFaultA,54,12802,44978
48,4,FlatFaultA,55,12810,22829
48,4,FlatFaultA,56,12959,7747
48,4,FlatFaultA,57,13712,42416
48,4,FlatFaultA,58,13892,51548
48,4,FlatFaultA,59,13931,3456
48,4,FlatFaultA,60,13998,48160
48,4,FlatFaultA,61,14097,45087
48,4,FlatFaultA,62,14235,10862
48,4,FlatFaultA,63,14573,34831
48,4,FlatFaultA,64,14878,19848
48,4,FlatFaultA,65,14906,51332
48,4,FlatFaultA,66,15907,39393
48,4,FlatFaultA,67,16231,5758
48,4,FlatFaultA,68,16644,25078
48,4,FlatFaultA,69,17163,35629
48,4,FlatFaultA,70,17287,9405
48,4,FlatFaultA,71,17398,18945
48,4,FlatFaultA,72,17967,21829
48,4,FlatFaultA,73,18431,47130
48,4,FlatFaultA,74,18560,52509
48,4,FlatFaultA,75,18752,26778
48,4,FlatFaultA,76,19662,31863
48,4,FlatFaultA,77,20035,20543
48,4,FlatFaultA,78,20149,52951
48,4,FlatFaultA,79,20672,50959
48,4,FlatFaultA,80,20940,24765
48,4,FlatFaultA,81,20996,20953
48,4,FlatFaultA,82,21192,52549
48,4,FlatFaultA,83,21378,19570
48,4,FlatFaultA,84,21446,16794
48,4,FlatFaultA,85,21667,47541
48,4,FlatFaultA,86,22027,12455
48,4,FlatFaultA,87,22084,31913
48,4,FlatFaultA,88,22315,8309
48,4,FlatFaultA,89,22660,6667
48,4,FlatFaultA,90,22709,8311
48,4,FlatFaultA,91,22844,51319
48,4,FlatFaultA,92,23232,30619
48,4,FlatFaultA,93,23575,28920
48,4,FlatFaultA,94,23635,12123
48,4,FlatFaultA,95,23709,9945
48,4,FlatFaultA,96,24060,108
48,4,FlatFaultA,97,24127,21797
48,4,FlatFaultA,98,24133,37917
48,4,FlatFaultA,99,24442,25490
48,4,FlatFaultA,100,24785,51864
48,4,FlatFaultA,101,25289,38225
48,4,FlatFaultA,102,25430,22038
48,4,FlatFaultA,103,25650,35162
48,4,FlatFaultA,104,26150,36733
48,4,FlatFaultA,105,26155,52643
48,4,FlatFaultA,106,26437,19525
48,4,FlatFaultA,107,26857,22247
48,4,FlatFaultA,108,27159,8139
48,4,FlatFaultA,109,27417,28838
48,4,FlatFaultA,110,27967,51190
48,4,FlatFaultA,111,28343,45177
48,4,FlatFaultA,112,28667,7857
48,4,FlatFaultA,113,29686,28471
48,4,FlatFaultA,114,30295,44100
48,4,FlatFaultA,115,30573,2207
48,4,FlatFaultA,116,30967,36734
48,4,FlatFaultA,117,31018,20243
48,4,FlatFaultA,118,31414,10821
48,4,FlatFaultA,119,31657,25946
48,4,FlatFaultA,120,32180,11779
48,4,FlatFaultA,121,32359,39419
48,4,FlatFaultA,122,32567,441
48,4,FlatFaultA,123,32700,52939
48,4,FlatFaultA,124,32748,9273
48,4,FlatFaultA,125,33168,52925
48,4,FlatFaultA,126,33266,27316
48,4,FlatFaultA,127,33331,27281
49,4,FlatFaultA,0,864,51409
49,4,FlatFaultA,1,961,6939
49,4,FlatFaultA,2,1172,14931
49,4,FlatFaultA,3,1192,11795
49,4,FlatFaultA,4,1215,27582
49,4,FlatFaultA,5,1719,10050
49,4,FlatFaultA,6,1891,49290
49,4,FlatFaultA,7,2139,52201
49,4,FlatFaultA,8,2222,53863
49,4,FlatFaultA,9,2246,36570
49,4,FlatFaultA,10,2397,14435
49,4,FlatFaultA,11,2500,52968
49,4,FlatFaultA,12,2764,34843
49,4,FlatFaultA,13,2833,40349
49,4,FlatFaultA,14,2932,18143
49,4,FlatFaultA,15,3483,25008
49,4,FlatFaultA,16,3600,11384
49,4,FlatFaultA,17,4244,45048
49,4,FlatFaultA,18,4372,7936
49,4,FlatFaultA,19,5043,44426
49,4,FlatFaultA,20,5130,16578
49,4,FlatFaultA,21,5363,2079
49,4,FlatFaultA,22,5576,36432
49,4,FlatFaultA,23,5700,19002
49,4,FlatFaultA,24,5988,42009
49,4,FlatFaultA,25,6031,2651
49,4,FlatFaultA,26,6320,51490
49,4,FlatFaultA,27,6478,1133
49,4,FlatFaultA,28,6717,25116
49,4,FlatFaultA,29,6908,7411
49,4,FlatFaultA,30,7081,23762
49,4,FlatFaultA,31,7148,31830
49,4,FlatFaultA,32,7413,30661
49,4,FlatFaultA,33,7922,32361
49,4,FlatFaultA,34,8117,19522
49,4,FlatFaultA,35,8871,53367
49,4,FlatFaultA,36,8940,36744
49,4,FlatFaultA,37,9296,42734
49,4,FlatFaultA,38,9604,5852
49,4,FlatFaultA,39,10130,35213
49,4,FlatFaultA,40,10451,19754
49,4,FlatFaultA,41,10790,31329
49,4,FlatFaultA,42,10983,16271
49,4,FlatFaultA,43,11168,38705
49,4,FlatFaultA,44,11320,42854
49,4,FlatFaultA,45,11415,22580
49,4,FlatFaultA,46,11520,17893
49,4,FlatFaultA,47,11937,35890
49,4,FlatFaultA,48,12051,11932
49,4,FlatFaultA,49,12062,24686
49,4,FlatFaultA,50,12638,4294
49,4,FlatFaultA,51,12657,38790
49,4,FlatFaultA,52,12727,28979
49,4,FlatFaultA,53,13680,18350
49,4,FlatFaultA,54,13735,6874
49,4,FlatFaultA,55,14141,6974
49,4,FlatFaultA,56,14295,37267
49,4,FlatFaultA,57,14362,53502
49,4,FlatFaultA,58,14482,19732
49,4,FlatFaultA,59,14588,49811
49,4,FlatFaultA,60,14716,48706
49,4,FlatFaultA,61,14774,6790
49,4,FlatFaultA,62,14850,2875
49,4,FlatFaultA,63,15021,27570
49,4,FlatFaultA,64,15439,8137
49,4,FlatFaultA,65,16247,49366
49,4,FlatFaultA,66,16370,21297
49,4,FlatFaultA,67,16463,50085
49,4,FlatFaultA,68,17138,31680
49,4,FlatFaultA,69,18370,50639
49,4,FlatFaultA,70,18748,38878
49,4,FlatFaultA,71,19413,38757
49,4,FlatFaultA,72,20015,26925
49,4,FlatFaultA,73,20166,43330
49,4,FlatFaultA,74,20284,49235
49,4,FlatFaultA,75,21192,52549
49,4,FlatFaultA,76,21363,52910
49,4,FlatFaultA,77,21486,47330
49,4,FlatFaultA,78,21574,22565
49,4,FlatFaultA,79,21656,3380
49,4,FlatFaultA,80,21666,6005
49,4,FlatFaultA,81,21841,38934
49,4,FlatFaultA,82,22968,25220
49,4,FlatFaultA,83,23026,53062
49,4,FlatFaultA,84,23169,8925
49,4,FlatFaultA,85,23261,22010
49,4,FlatFaultA,86,23543,29004
49,4,FlatFaultA,87,23692,38653
49,4,FlatFaultA,88,23881,3904
49,4,FlatFaultA,89,23949,40119
49,4,FlatFaultA,90,24090,29645
49,4,FlatFaultA,91,24786,52099
49,4,FlatFaultA,92,25038,22483
49,4,FlatFaultA,93,25404,34074
49,4,FlatFaultA,94,25440,26455
49,4,FlatFaultA,95,25837,42703
49,4,FlatFaultA,96,26230,36129
49,4,FlatFaultA,97,26369,22604
49,4,FlatFaultA,98,26630,50450
49,4,FlatFaultA,99,26646,3945
49,4,FlatFaultA,100,26879,5217
49,4,FlatFaultA,101,26884,31409
49,4,FlatFaultA,102,27021,34027
49,4,FlatFaultA,103,27214,33232
49,4,FlatFaultA,104,27500,12764
49,4,FlatFaultA,105,27825,3323
49,4,FlatFaultA,106,28275,27801
49,4,FlatFaultA,107,28279,7407
49,4,FlatFaultA,108,28626,48843
49,4,FlatFaultA,109,28659,36174
49,4,FlatFaultA,110,28929,11549
49,4,FlatFaultA,111,29056,45675
49,4,FlatFaultA,112,29633,26590
49,4,FlatFaultA,113,29899,43764
49,4,FlatFaultA,114,30041,13891
49,4,FlatFaultA,115,30094,43915
49,4,FlatFaultA,116,30218,36183
49,4,FlatFaultA,117,30949,26040
49,4,FlatFaultA,118,31130,35264
49,4,FlatFaultA,119,31193,49060
49,4,FlatFaultA,120,31317,36573
49,4,FlatFaultA,121,31356,48382
49,4,FlatFaultA,122,31575,13863
49,4,FlatFaultA,123,32159,46805
49,4,FlatFaultA,124,32203,8687
49,4,FlatFaultA,125,32243,47048
49,4,FlatFaultA,126,33007,41393
49,4,FlatFaultA,127,33062,35841
50,5,FlatFaultB,0,72,25996
50,5,FlatFaultB,1,571,11085
50,5,FlatFaultB,2,734,33741
50,5,FlatFaultB,3,770,9832
50,5,FlatFaultB,4,2219,27790
50,5,FlatFaultB,5,2736,44020
50,5,FlatFaultB,6,2784,20950
50,5,FlatFaultB,7,3272,41733
50,5,FlatFaultB,8,3676,6242
50,5,FlatFaultB,9,3743,38778
50,5,FlatFaultB,10,3758,36223
50,5,FlatFaultB,11,3901,29682
50,5,FlatFaultB,12,3948,49065
50,5,FlatFaultB,13,3968,41664
50,5,FlatFaultB,14,4009,41699
50,5,FlatFaultB,15,4066,5229
50,5,FlatFaultB,16,4204,22733
50,5,FlatFaultB,17,4320,50776
50,5,FlatFaultB,18,4389,7347
50,5,FlatFaultB,19,4461,30426
50,5,FlatFaultB,20,4572,3833
50,5,FlatFaultB,21,4602,23610
50,5,FlatFaultB,22,4698,5459
50,5,FlatFaultB,23,4805,41334
50,5,FlatFaultB,24,5108,18351
50,5,FlatFaultB,25,5197,51194
50,5,FlatFaultB,26,5275,34426
50,5,FlatFaultB,27,5345,42874
50,5,FlatFaultB,28,5766,10311
50,5,FlatFaultB,29,6277,12592
50,5,FlatFaultB,30,6581,50051
50,5,FlatFaultB,31,6644,38353
50,5,FlatFaultB,32,6745,7053
50,5,FlatFaultB,33,6792,16307
50,5,FlatFaultB,34,6852,9506
50,5,FlatFaultB,35,6953,21975
50,5,FlatFaultB,36,6996,10299
50,5,FlatFaultB,37,7116,45028
50,5,FlatFaultB,38,7843,28426
50,5,FlatFaultB,39,8283,33914
50,5,FlatFaultB,40,8746,32125
50,5,FlatFaultB,41,9109,12079
50,5,FlatFaultB,42,9651,18408
50,5,FlatFaultB,43,9691,34187
50,5,FlatFaultB,44,9832,19524
50,5,FlatFaultB,45,10497,43672
50,5,FlatFaultB,46,10596,45947
50,5,FlatFaultB,47,10670,2210
50,5,FlatFaultB,48,10699,10853
50,5,FlatFaultB,49,10706,30536
50,5,FlatFaultB,50,11462,17249
50,5,FlatFaultB,51,11973,49767
50,5,FlatFaultB,52,12118,29619
50,5,FlatFaultB,53,12544,37640
50,5,FlatFaultB,54,13049,20211
50,5,FlatFaultB,55,13187,7948
50,5,FlatFaultB,56,13300,10569
50,5,FlatFaultB,57,13380,10802
50,5,FlatFaultB,58,13990,3022
50,5,FlatFaultB,59,14017,2894
50,5,FlatFaultB,60,14027,34734
50,5,FlatFaultB,61,14202,51811
50,5,FlatFaultB,62,14394,12903
50,5,FlatFaultB,63,14738,29333
50,5,FlatFaultB,64,15133,17107
50,5,FlatFaultB,65,15272,35840
50,5,FlatFaultB,66,15383,35000
50,5,FlatFaultB,67,15409,1209
50,5,FlatFaultB,68,15445,26854
50,5,FlatFaultB,69,15536,49691
50,5,FlatFaultB,70,15833,26212
50,5,FlatFaultB,71,16313,18178
50,5,FlatFaultB,72,16800,20338
50,5,FlatFaultB,73,17102,21184
50,5,FlatFaultB,74,17116,13546
50,5,FlatFaultB,75,17392,38687
50,5,FlatFaultB,76,17436,41356
50,5,FlatFaultB,77,17567,20960
50,5,FlatFaultB,78,17647,45322
50,5,FlatFaultB,79,17794,11225
50,5,FlatFaultB,80,17837,10011
50,5,FlatFaultB,81,18075,53440
50,5,FlatFaultB,82,18329,29243
50,5,FlatFaultB,83,19688,39209
50,5,FlatFaultB,84,19749,28827
50,5,FlatFaultB,85,19795,1557
50,5,FlatFaultB,86,19898,31332
50,5,FlatFaultB,87,19982,52547
50,5,FlatFaultB,88,20391,46422
50,5,FlatFaultB,89,20526,49427
50,5,FlatFaultB,90,20648,25925
50,5,FlatFaultB,91,20923,32001
50,5,FlatFaultB,92,21076,38684
50,5,FlatFaultB,93,21479,32367
50,5,FlatFaultB,94,21516,16230
50,5,FlatFaultB,95,21586,12462
50,5,FlatFaultB,96,21925,46326
50,5,FlatFaultB,97,22272,19351
50,5,FlatFaultB,98,22978,27571
50,5,FlatFaultB,99,22998,52394
50,5,FlatFaultB,100,23141,51555
50,5,FlatFaultB,101,23874,47094
50,5,FlatFaultB,102,24542,34522
50,5,FlatFaultB,103,24861,52544
50,5,FlatFaultB,104,25104,21450
50,5,FlatFaultB,105,25894,45606
50,5,FlatFaultB,106,25899,27545
50,5,FlatFaultB,107,26693,48127
50,5,FlatFaultB,108,26759,36947
50,5,FlatFaultB,109,28460,44727
50,5,FlatFaultB,110,28528,12161
50,5,FlatFaultB,111,28639,24010
50,5,FlatFaultB,112,28643,25469
50,5,FlatFaultB,113,28775,8203
50,5,FlatFaultB,114,29137,49529
50,5,FlatFaultB,115,29165,21129
50,5,FlatFaultB,116,29255,33791
50,5,FlatFaultB,117,30070,30920
50,5,FlatFaultB,118,30448,27719
50,5,FlatFaultB,119,30689,51922
50,5,FlatFaultB,120,30847,3779
50,5,FlatFaultB,121,30960,19390
50,5,FlatFaultB,122,30972,29407
50,5,FlatFaultB,123,31415,24786
50,5,FlatFaultB,124,31802,20282
50,5,FlatFaultB,125,31953,37768
50,5,FlatFaultB,126,32296,41158
50,5,FlatFaultB,127,33501,3052
51,5,FlatFaultB,0,317,30666
51,5,FlatFaultB,1,404,35287
51,5,FlatFaultB,2,417,8127
51,5,FlatFaultB,3,861,24848
51,5,FlatFaultB,4,1245,41828
51,5,FlatFaultB,5,1263,39199
51,5,FlatFaultB,6,1384,10709
51,5,FlatFaultB,7,1458,13742
51,5,FlatFaultB,8,1483,4224
51,5,FlatFaultB,9,1556,27415
51,5,FlatFaultB,10,1689,28096
51,5,FlatFaultB,11,1746,21332
51,5,FlatFaultB,12,2169,50948
51,5,FlatFaultB,13,2329,6352
51,5,FlatFaultB,14,2661,35903
51,5,FlatFaultB,15,2815,18421
51,5,FlatFaultB,16,2865,22097
51,5,FlatFaultB,17,3399,25764
51,5,FlatFaultB,18,3750,354
51,5,FlatFaultB,19,3997,19471
51,5,FlatFaultB,20,4085,23340
51,5,FlatFaultB,21,4371,31178
51,5,FlatFaultB,22,4770,17264
51,5,FlatFaultB,23,4833,2652
51,5,FlatFaultB,24,4921,11958
51,5,FlatFaultB,25,4952,45927
51,5,FlatFaultB,26,4973,32060
51,5,FlatFaultB,27,5213,12319
51,5,FlatFaultB,28,5392,6078
51,5,FlatFaultB,29,5771,47447
51,5,FlatFaultB,30,5984,24014
51,5,FlatFaultB,31,6296,21618
51,5,FlatFaultB,32,6371,7237
51,5,FlatFaultB,33,6629,46711
51,5,FlatFaultB,34,6820,6526
51,5,FlatFaultB,35,6852,9506
51,5,FlatFaultB,36,6996,10299
51,5,FlatFaultB,37,7348,39281
51,5,FlatFaultB,38,7770,18655
51,5,FlatFaultB,39,7813,12883
51,5,FlatFaultB,40,7971,14389
51,5,FlatFaultB,41,8051,28044
51,5,FlatFaultB,42,8222,48152
51,5,FlatFaultB,43,8244,32926
51,5,FlatFaultB,44,8691,20160
51,5,FlatFaultB,45,9014,32072
51,5,FlatFaultB,46,9217,6145
51,5,FlatFaultB,47,9471,7542
51,5,FlatFaultB,48,9813,25777
51,5,FlatFaultB,49,10010,13524
51,5,FlatFaultB,50,10124,47858
51,5,FlatFaultB,51,10299,52430
51,5,FlatFaultB,52,11227,8917
51,5,FlatFaultB,53,11352,12368
51,5,FlatFaultB,54,11920,20028
51,5,FlatFaultB,55,11993,280
51,5,FlatFaultB,56,12041,49
51,5,FlatFaultB,57,12838,38092
51,5,FlatFaultB,58,14247,5176
51,5,FlatFaultB,59,14916,23390
51,5,FlatFaultB,60,15051,26791
51,5,FlatFaultB,61,15077,12090
51,5,FlatFaultB,62,15160,46686
51,5,FlatFaultB,63,15464,47610
51,5,FlatFaultB,64,15660,33562
51,5,FlatFaultB,65,15663,22071
51,5,FlatFaultB,66,16051,44047
51,5,FlatFaultB,67,16688,17018
51,5,FlatFaultB,68,16821,30020
51,5,FlatFaultB,69,16874,24988
51,5,FlatFaultB,70,17042,53049
51,5,FlatFaultB,71,17326,36245
51,5,FlatFaultB,72,17461,15729
51,5,FlatFaultB,73,17814,38894
51,5,FlatFaultB,74,18607,36574
51,5,FlatFaultB,75,18792,8413
51,5,FlatFaultB,76,18890,12036
51,5,FlatFaultB,77,19213,8195
51,5,FlatFaultB,78,19424,40120
51,5,FlatFaultB,79,19504,45963
51,5,FlatFaultB,80,19965,39114
51,5,FlatFaultB,81,20888,26482
51,5,FlatFaultB,82,21348,34614
51,5,FlatFaultB,83,22147,38845
51,5,FlatFaultB,84,22178,45925
51,5,FlatFaultB,85,22191,46009
51,5,FlatFaultB,86,23179,53276
51,5,FlatFaultB,87,23270,4700
51,5,FlatFaultB,88,23371,28012
51,5,FlatFaultB,89,23753,31735
51,5,FlatFaultB,90,23916,43968
51,5,FlatFaultB,91,23997,13114
51,5,FlatFaultB,92,24065,48939
51,5,FlatFaultB,93,24537,22491
51,5,FlatFaultB,94,24544,25351
51,5,FlatFaultB,95,24692,6624
51,5,FlatFaultB,96,24741,52269
51,5,FlatFaultB,97,25152,31414
51,5,FlatFaultB,98,25263,23813
51,5,FlatFaultB,99,25376,35904
51,5,FlatFaultB,100,25530,33410
51,5,FlatFaultB,101,26763,35212
51,5,FlatFaultB,102,28030,49054
51,5,FlatFaultB,103,28115,42396
51,5,FlatFaultB,104,28546,53796
51,5,FlatFaultB,105,28548,2854
51,5,FlatFaultB,106,28725,41336
51,5,FlatFaultB,107,28920,4364
51,5,FlatFaultB,108,29285,8259
51,5,FlatFaultB,109,29289,3214
51,5,FlatFaultB,110,29594,31541
51,5,FlatFaultB,111,29693,12032
51,5,FlatFaultB,112,29697,29913
51,5,FlatFaultB,113,29878,39219
51,5,FlatFaultB,114,30583,42626
51,5,FlatFaultB,115,30688,38571
51,5,FlatFaultB,116,30717,10845
51,5,FlatFaultB,117,30847,3779
51,5,FlatFaultB,118,31236,27041
51,5,FlatFaultB,119,31322,33555
51,5,FlatFaultB,120,31491,32784
51,5,FlatFaultB,121,31705,30776
51,5,FlatFaultB,122,31809,28810
51,5,FlatFaultB,123,32046,34230
51,5,FlatFaultB,124,32836,42695
51,5,FlatFaultB,125,32966,43310
51,5,FlatFaultB,126,32982,22368
51,5,FlatFaultB,127,33208,49158
52,5,FlatFaultB,0,375,15672
52,5,FlatFaultB,1,491,19789
52,5,FlatFaultB,2,794,13430
52,5,FlatFaultB,3,852,21795
52,5,FlatFaultB,4,888,8661
52,5,FlatFaultB,5,1272,22586
52,5,FlatFaultB,6,1381,28991
52,5,FlatFaultB,7,1474,17137
52,5,FlatFaultB,8,1805,18006
52,5,FlatFaultB,9,1997,48677
52,5,FlatFaultB,10,2344,41724
52,5,FlatFaultB,11,2496,41225
52,5,FlatFaultB,12,3092,49734
52,5,FlatFaultB,13,3377,39098
52,5,FlatFaultB,14,3470,49397
52,5,FlatFaultB,15,4010,30094
52,5,FlatFaultB,16,4473,50640
52,5,FlatFaultB,17,4602,23610
52,5,FlatFaultB,18,4699,21839
52,5,FlatFaultB,19,4844,8631
52,5,FlatFaultB,20,5766,10311
52,5,FlatFaultB,21,6548,14572
52,5,FlatFaultB,22,6618,39563
52,5,FlatFaultB,23,6853,25702
52,5,FlatFaultB,24,7430,53838
52,5,FlatFaultB,25,7568,52436
52,5,FlatFaultB,26,8192,21343
52,5,FlatFaultB,27,8366,42153
52,5,FlatFaultB,28,8581,14880
52,5,FlatFaultB,29,8676,32744
52,5,FlatFaultB,30,9786,40643
52,5,FlatFaultB,31,10027,33300
52,5,FlatFaultB,32,10398,32466
52,5,FlatFaultB,33,10743,51456
52,5,FlatFaultB,34,10745,1834
52,5,FlatFaultB,35,10845,45836
52,5,FlatFaultB,36,11046,11883
52,5,FlatFaultB,37,11164,28256
52,5,FlatFaultB,38,11462,17249
52,5,FlatFaultB,39,11978,28191
52,5,FlatFaultB,40,12015,29284
52,5,FlatFaultB,41,12365,35934
52,5,FlatFaultB,42,12552,37080
52,5,FlatFaultB,43,12724,23979
52,5,FlatFaultB,44,14091,6411
52,5,FlatFaultB,45,14252,13389
52,5,FlatFaultB,46,14783,33966
52,5,FlatFaultB,47,14835,24240
52,5,FlatFaultB,48,15058,40610
52,5,FlatFaultB,49,15441,39538
52,5,FlatFaultB,50,15536,49691
52,5,FlatFaultB,51,15627,15671
52,5,FlatFaultB,52,16051,44047
52,5,FlatFaultB,53,16130,26993
52,5,FlatFaultB,54,16159,38161
52,5,FlatFaultB,55,16161,24289
52,5,FlatFaultB,56,16584,21242
52,5,FlatFaultB,57,16643,35177
52,5,FlatFaultB,58,17071,49873
52,5,FlatFaultB,59,17266,694
52,5,FlatFaultB,60,17406,44205
52,5,FlatFaultB,61,17976,37242
52,5,FlatFaultB,62,18196,21319
52,5,FlatFaultB,63,18688,3916
52,5,FlatFaultB,64,18918,18148
52,5,FlatFaultB,65,19124,32024
52,5,FlatFaultB,66,19426,17273
52,5,FlatFaultB,67,19528,22297
52,5,FlatFaultB,68,19688,39209
52,5,FlatFaultB,69,19712,34524
52,5,FlatFaultB,70,19743,45172
52,5,FlatFaultB,71,19751,36869
52,5,FlatFaultB,72,20330,21934
52,5,FlatFaultB,73,20540,6849
52,5,FlatFaultB,74,20684,3503
52,5,FlatFaultB,75,21226,11753
52,5,FlatFaultB,76,21266,52352
52,5,FlatFaultB,77,21311,39581
52,5,FlatFaultB,78,21341,2985
52,5,FlatFaultB,79,21568,47255
52,5,FlatFaultB,80,21654,35160
52,5,FlatFaultB,81,21779,42881
52,5,FlatFaultB,82,22054,53154
52,5,FlatFaultB,83,22066,2558
52,5,FlatFaultB,84,22673,27745
52,5,FlatFaultB,85,22937,42850
52,5,FlatFaultB,86,23201,48988
52,5,FlatFaultB,87,23632,34883
52,5,FlatFaultB,88,23652,24193
52,5,FlatFaultB,89,23759,25341
52,5,FlatFaultB,90,24069,43579
52,5,FlatFaultB,91,24308,10358
52,5,FlatFaultB,92,24421,1963
52,5,FlatFaultB,93,25678,19889
52,5,FlatFaultB,94,25717,18098
52,5,FlatFaultB,95,25757,41371
52,5,FlatFaultB,96,25761,1448
52,5,FlatFaultB,97,25813,14390
52,5,FlatFaultB,98,26021,6113
52,5,FlatFaultB,99,26655,2749
52,5,FlatFaultB,100,26704,16373
52,5,FlatFaultB,101,26820,42240
52,5,FlatFaultB,102,27308,53430
52,5,FlatFaultB,103,27430,36127
52,5,FlatFaultB,104,27512,19887
52,5,FlatFaultB,105,28036,12442
52,5,FlatFaultB,106,28114,40289
52,5,FlatFaultB,107,28639,24010
52,5,FlatFaultB,108,29190,44478
52,5,FlatFaultB,109,29436,23790
52,5,FlatFaultB,110,29614,23862
52,5,FlatFaultB,111,29618,26373
52,5,FlatFaultB,112,29670,8894
52,5,FlatFaultB,113,29700,22018
52,5,FlatFaultB,114,29924,5152
52,5,FlatFaultB,115,30054,12865
52,5,FlatFaultB,116,30189,32904
52,5,FlatFaultB,117,30206,46771
52,5,FlatFaultB,118,30782,41515
52,5,FlatFaultB,119,30916,10368
52,5,FlatFaultB,120,31533,10118
52,5,FlatFaultB,121,31554,34580
52,5,FlatFaultB,122,31663,21783
52,5,FlatFaultB,123,32576,10564
52,5,FlatFaultB,124,33231,32515
52,5,FlatFaultB,125,33373,11474
52,5,FlatFaultB,126,33443,27400
52,5,FlatFaultB,127,33548,28504
53,5,FlatFaultB,0,734,33741
53,5,FlatFaultB,1,809,30589
53,5,FlatFaultB,2,848,17717
53,5,FlatFaultB,3,1346,676
53,5,FlatFaultB,4,1458,13742
53,5,FlatFaultB,5,1792,27150
53,5,FlatFaultB,6,1867,41853
53,5,FlatFaultB,7,2017,48724
53,5,FlatFaultB,8,2252,3699
53,5,FlatFaultB,9,2469,36364
53,5,FlatFaultB,10,2661,35903
53,5,FlatFaultB,11,2865,22097
53,5,FlatFaultB,12,2933,27890
53,5,FlatFaultB,13,2959,38457
53,5,FlatFaultB,14,3191,13539
53,5,FlatFaultB,15,3630,9933
53,5,FlatFaultB,16,3680,47090
53,5,FlatFaultB,17,3887,49681
53,5,FlatFaultB,18,4136,25760
53,5,FlatFaultB,19,4849,20857
53,5,FlatFaultB,20,5284,32630
53,5,FlatFaultB,21,5733,9133
53,5,FlatFaultB,22,6477,42718
53,5,FlatFaultB,23,6547,52207
53,5,FlatFaultB,24,6592,45130
53,5,FlatFaultB,25,6728,9176
53,5,FlatFaultB,26,6770,13171
53,5,FlatFaultB,27,7971,14389
53,5,FlatFaultB,28,8009,4276
53,5,FlatFaultB,29,8752,18232
53,5,FlatFaultB,30,8824,41581
53,5,FlatFaultB,31,9303,46631
53,5,FlatFaultB,32,9304,13527
53,5,FlatFaultB,33,9408,8100
53,5,FlatFaultB,34,9751,51762
53,5,FlatFaultB,35,9849,28495
53,5,FlatFaultB,36,10027,33300
53,5,FlatFaultB,37,10473,29876
53,5,FlatFaultB,38,10690,51461
53,5,FlatFaultB,39,10854,17644
53,5,FlatFaultB,40,11414,53606
53,5,FlatFaultB,41,11587,33049
53,5,FlatFaultB,42,11746,18848
53,5,FlatFaultB,43,11884,38176
53,5,FlatFaultB,44,11933,42710
53,5,FlatFaultB,45,12522,22136
53,5,FlatFaultB,46,12547,49972
53,5,FlatFaultB,47,12647,326
53,5,FlatFaultB,48,12728,52607
53,5,FlatFaultB,49,12753,23288
53,5,FlatFaultB,50,12953,11876
53,5,FlatFaultB,51,13153,52332
53,5,FlatFaultB,52,13504,340
53,5,FlatFaultB,53,13718,49031
53,5,FlatFaultB,54,13809,36825
53,5,FlatFaultB,55,14454,12081
53,5,FlatFaultB,56,15287,31375
53,5,FlatFaultB,57,15509,53175
53,5,FlatFaultB,58,15798,50005
53,5,FlatFaultB,59,16105,6442
53,5,FlatFaultB,60,16323,47741
53,5,FlatFaultB,61,16536,17588
53,5,FlatFaultB,62,16638,40293
53,5,FlatFaultB,63,16733,27102
53,5,FlatFaultB,64,16903,16558
53,5,FlatFaultB,65,16980,19712
53,5,FlatFaultB,66,17071,49873
53,5,FlatFaultB,67,17444,18989
53,5,FlatFaultB,68,17624,40307
53,5,FlatFaultB,69,18064,27156
53,5,FlatFaultB,70,18416,26024
53,5,FlatFaultB,71,18491,34096
53,5,FlatFaultB,72,19035,23353
53,5,FlatFaultB,73,19102,49035
53,5,FlatFaultB,74,19104,29768
53,5,FlatFaultB,75,19273,27647
53,5,FlatFaultB,76,19279,44558
53,5,FlatFaultB,77,19389,972
53,5,FlatFaultB,78,19547,35617
53,5,FlatFaultB,79,20230,26236
53,5,FlatFaultB,80,20987,17254
53,5,FlatFaultB,81,21047,29203
53,5,FlatFaultB,82,21228,14560
53,5,FlatFaultB,83,21229,36986
53,5,FlatFaultB,84,21293,41319
53,5,FlatFaultB,85,21544,51459
53,5,FlatFaultB,86,21614,42250
53,5,FlatFaultB,87,21976,12665
53,5,FlatFaultB,88,22100,49643
53,5,FlatFaultB,89,22106,23494
53,5,FlatFaultB,90,22115,25156
53,5,FlatFaultB,91,22656,12198
53,5,FlatFaultB,92,23562,37618
53,5,FlatFaultB,93,23625,50888
53,5,FlatFaultB,94,23708,48290
53,5,FlatFaultB,95,23730,39987
53,5,FlatFaultB,96,24256,44657
53,5,FlatFaultB,97,25046,3297
53,5,FlatFaultB,98,25279,29400
53,5,FlatFaultB,99,25312,42640
53,5,FlatFaultB,100,25500,6321
53,5,FlatFaultB,101,25580,2550
53,5,FlatFaultB,102,25660,18533
53,5,FlatFaultB,103,25871,17819
53,5,FlatFaultB,104,26208,42202
53,5,FlatFaultB,105,26767,29878
53,5,FlatFaultB,106,27202,580
53,5,FlatFaultB,107,27268,1162
53,5,FlatFaultB,108,27990,39397
53,5,FlatFaultB,109,28119,9925
53,5,FlatFaultB,110,28503,11150
53,5,FlatFaultB,111,28729,12561
53,5,FlatFaultB,112,29209,34144
53,5,FlatFaultB,113,29267,47423
53,5,FlatFaultB,114,29502,45074
53,5,FlatFaultB,115,29681,4760
53,5,FlatFaultB,116,29866,2653
53,5,FlatFaultB,117,31326,12942
53,5,FlatFaultB,118,31537,23760
53,5,FlatFaultB,119,31655,40800
53,5,FlatFaultB,120,31714,36205
53,5,FlatFaultB,121,32045,11892
53,5,FlatFaultB,122,32361,42162
53,5,FlatFaultB,123,32531,1101
53,5,FlatFaultB,124,32982,22368
53,5,FlatFaultB,125,33053,19692
53,5,FlatFaultB,126,33382,23774
53,5,FlatFaultB,127,33544,36568
54,5,FlatFaultB,0,431,17870
54,5,FlatFaultB,1,684,49759
54,5,FlatFaultB,2,1560,36623
54,5,FlatFaultB,3,1655,42209
54,5,FlatFaultB,4,2100,50747
54,5,FlatFaultB,5,2261,35497
54,5,FlatFaultB,6,2343,39910
54,5,FlatFaultB,7,2344,41724
54,5,FlatFaultB,8,3017,4970
54,5,FlatFaultB,9,3446,27176
54,5,FlatFaultB,10,3700,1212
54,5,FlatFaultB,11,4067,27217
54,5,FlatFaultB,12,5144,4450
54,5,FlatFaultB,13,5558,14936
54,5,FlatFaultB,14,5733,9133
54,5,FlatFaultB,15,6956,3150
54,5,FlatFaultB,16,7404,5140
54,5,FlatFaultB,17,7525,47846
54,5,FlatFaultB,18,7893,8322
54,5,FlatFaultB,19,8095,42552
54,5,FlatFaultB,20,8694,19612
54,5,FlatFaultB,21,8746,32125
54,5,FlatFaultB,22,8824,41581
54,5,FlatFaultB,23,8839,19853
54,5,FlatFaultB,24,9166,50901
54,5,FlatFaultB,25,9199,41803
54,5,FlatFaultB,26,9220,29029
54,5,FlatFaultB,27,9424,35957
54,5,FlatFaultB,28,9960,44081
54,5,FlatFaultB,29,10422,26527
54,5,FlatFaultB,30,10571,2794
54,5,FlatFaultB,31,10628,26538
54,5,FlatFaultB,32,11160,48954
54,5,FlatFaultB,33,11420,2633
54,5,FlatFaultB,34,11703,43627
54,5,FlatFaultB,35,11978,28191
54,5,FlatFaultB,36,12365,35934
54,5,FlatFaultB,37,12953,11876
54,5,FlatFaultB,38,13696,50609
54,5,FlatFaultB,39,14037,37939
54,5,FlatFaultB,40,14109,7032
54,5,FlatFaultB,41,14133,45361
54,5,FlatFaultB,42,14162,34477
54,5,FlatFaultB,43,14696,49405
54,5,FlatFaultB,44,14736,29863
54,5,FlatFaultB,45,15661,34712
54,5,FlatFaultB,46,15745,6110
54,5,FlatFaultB,47,15959,25121
54,5,FlatFaultB,48,16675,30908
54,5,FlatFaultB,49,16992,32618
54,5,FlatFaultB,50,17101,4955
54,5,FlatFaultB,51,17165,3493
54,5,FlatFaultB,52,17257,443
54,5,FlatFaultB,53,17412,51226
54,5,FlatFaultB,54,18287,31902
54,5,FlatFaultB,55,18381,15622
54,5,FlatFaultB,56,18868,27073
54,5,FlatFaultB,57,18919,969
54,5,FlatFaultB,58,19112,46468
54,5,FlatFaultB,59,19143,9566
54,5,FlatFaultB,60,19424,40120
54,5,FlatFaultB,61,19611,29873
54,5,FlatFaultB,62,19634,39608
54,5,FlatFaultB,63,19764,482
54,5,FlatFaultB,64,19795,1557
54,5,FlatFaultB,65,19898,31332
54,5,FlatFaultB,66,19996,53058
54,5,FlatFaultB,67,20215,5480
54,5,FlatFaultB,68,20488,4340
54,5,FlatFaultB,69,21304,29505
54,5,FlatFaultB,70,21479,32367
54,5,FlatFaultB,71,21586,12462
54,5,FlatFaultB,72,21614,42250
54,5,FlatFaultB,73,21822,10711
54,5,FlatFaultB,74,22022,53817
54,5,FlatFaultB,75,22837,53410
54,5,FlatFaultB,76,22862,17389
54,5,FlatFaultB,77,22927,44919
54,5,FlatFaultB,78,23253,43650
54,5,FlatFaultB,79,23266,5832
54,5,FlatFaultB,80,23329,35438
54,5,FlatFaultB,81,23505,45810
54,5,FlatFaultB,82,23562,37618
54,5,FlatFaultB,83,23649,48871
54,5,FlatFaultB,84,23708,48290
54,5,FlatFaultB,85,23916,43968
54,5,FlatFaultB,86,23997,13114
54,5,FlatFaultB,87,24033,25458
54,5,FlatFaultB,88,24179,50079
54,5,FlatFaultB,89,24321,4998
54,5,FlatFaultB,90,24414,1920
54,5,FlatFaultB,91,24544,25351
54,5,FlatFaultB,92,24667,14609
54,5,FlatFaultB,93,24668,13644
54,5,FlatFaultB,94,24775,40416
54,5,FlatFaultB,95,25445,21754
54,5,FlatFaultB,96,25727,27136
54,5,FlatFaultB,97,25740,40100
54,5,FlatFaultB,98,25765,9105
54,5,FlatFaultB,99,26072,47817
54,5,FlatFaultB,100,26550,34685
54,5,FlatFaultB,101,26566,3799
54,5,FlatFaultB,102,26767,29878
54,5,FlatFaultB,103,26796,45252
54,5,FlatFaultB,104,27250,29423
54,5,FlatFaultB,105,27369,36815
54,5,FlatFaultB,106,27517,29268
54,5,FlatFaultB,107,28307,28116
54,5,FlatFaultB,108,28543,46881
54,5,FlatFaultB,109,28755,20993
54,5,FlatFaultB,110,29230,27327
54,5,FlatFaultB,111,29255,33791
54,5,FlatFaultB,112,29494,18393
54,5,FlatFaultB,113,30178,42849
54,5,FlatFaultB,114,30257,21134
54,5,FlatFaultB,115,30259,21787
54,5,FlatFaultB,116,30467,42261
54,5,FlatFaultB,117,30884,8334
54,5,FlatFaultB,118,31015,15830
54,5,FlatFaultB,119,31080,37915
54,5,FlatFaultB,120,31419,39077
54,5,FlatFaultB,121,31843,53988
54,5,FlatFaultB,122,31866,46018
54,5,FlatFaultB,123,32198,10580
54,5,FlatFaultB,124,32403,4978
54,5,FlatFaultB,125,32513,35472
54,5,FlatFaultB,126,32854,43950
54,5,FlatFaultB,127,33371,30660
55,5,FlatFaultB,0,16,13185
55,5,FlatFaultB,1,157,42621
55,5,FlatFaultB,2,395,32807
55,5,FlatFaultB,3,493,7278
55,5,FlatFaultB,4,649,9339
55,5,FlatFaultB,5,869,10918
55,5,FlatFaultB,6,880,45691
55,5,FlatFaultB,7,1242,30367
55,5,FlatFaultB,8,1384,10709
55,5,FlatFaultB,9,2065,41825
55,5,FlatFaultB,10,2304,4935
55,5,FlatFaultB,11,2469,36364
55,5,FlatFaultB,12,2661,35903
55,5,FlatFaultB,13,2888,268
55,5,FlatFaultB,14,3117,45942
55,5,FlatFaultB,15,3377,39098
55,5,FlatFaultB,16,3386,45063
55,5,FlatFaultB,17,3508,43152
55,5,FlatFaultB,18,3807,50549
55,5,FlatFaultB,19,4088,45725
55,5,FlatFaultB,20,4191,3841
55,5,FlatFaultB,21,4197,32297
55,5,FlatFaultB,22,4784,49997
55,5,FlatFaultB,23,4897,10099
55,5,FlatFaultB,24,5183,22268
55,5,FlatFaultB,25,5565,23323
55,5,FlatFaultB,26,5775,33905
55,5,FlatFaultB,27,6044,37893
55,5,FlatFaultB,28,6667,4603
55,5,FlatFaultB,29,6992,21175
55,5,FlatFaultB,30,7062,30346
55,5,FlatFaultB,31,7404,5140
55,5,FlatFaultB,32,7424,46280
55,5,FlatFaultB,33,7465,37967
55,5,FlatFaultB,34,7625,53167
55,5,FlatFaultB,35,7760,213
55,5,FlatFaultB,36,7971,14389
55,5,FlatFaultB,37,8292,2779
55,5,FlatFaultB,38,8505,33477
55,5,FlatFaultB,39,8709,5774
55,5,FlatFaultB,40,8828,1434
55,5,FlatFaultB,41,8968,38417
55,5,FlatFaultB,42,9275,15055
55,5,FlatFaultB,43,9849,28495
55,5,FlatFaultB,44,10353,30595
55,5,FlatFaultB,45,10389,24039
55,5,FlatFaultB,46,10642,44846
55,5,FlatFaultB,47,10844,12498
55,5,FlatFaultB,48,10877,53859
55,5,FlatFaultB,49,11046,11883
55,5,FlatFaultB,50,11083,27948
55,5,FlatFaultB,51,11916,16583
55,5,FlatFaultB,52,12436,14807
55,5,FlatFaultB,53,12571,11141
55,5,FlatFaultB,54,12667,52949
55,5,FlatFaultB,55,12728,52607
55,5,FlatFaultB,56,12838,38092
55,5,FlatFaultB,57,12926,26596
55,5,FlatFaultB,58,13042,12299
55,5,FlatFaultB,59,13413,1611
55,5,FlatFaultB,60,13552,32642
55,5,FlatFaultB,61,13594,1642
55,5,FlatFaultB,62,13810,28544
55,5,FlatFaultB,63,14037,37939
55,5,FlatFaultB,64,14598,14309
55,5,FlatFaultB,65,14628,27291
55,5,FlatFaultB,66,15051,26791
55,5,FlatFaultB,67,15342,40194
55,5,FlatFaultB,68,15416,3844
55,5,FlatFaultB,69,15749,52752
55,5,FlatFaultB,70,16033,27962
55,5,FlatFaultB,71,16223,21852
55,5,FlatFaultB,72,16584,21242
55,5,FlatFaultB,73,16695,30009
55,5,FlatFaultB,74,16697,49323
55,5,FlatFaultB,75,16744,12972
55,5,FlatFaultB,76,17035,40409
55,5,FlatFaultB,77,17180,26526
55,5,FlatFaultB,78,17218,44772
55,5,FlatFaultB,79,17266,694
55,5,FlatFaultB,80,17568,44000
55,5,FlatFaultB,81,17595,844
55,5,FlatFaultB,82,17718,19128
55,5,FlatFaultB,83,17845,42730
55,5,FlatFaultB,84,18105,20738
55,5,FlatFaultB,85,19424,40120
55,5,FlatFaultB,86,19434,15161
55,5,FlatFaultB,87,19575,51124
55,5,FlatFaultB,88,19731,28195
55,5,FlatFaultB,89,19982,52547
55,5,FlatFaultB,90,20505,48668
55,5,FlatFaultB,91,20554,6167
55,5,FlatFaultB,92,21840,50987
55,5,FlatFaultB,93,21860,37388
55,5,FlatFaultB,94,22263,23207
55,5,FlatFaultB,95,23346,49826
55,5,FlatFaultB,96,23651,13463
55,5,FlatFaultB,97,24008,50908
55,5,FlatFaultB,98,24256,44657
55,5,FlatFaultB,99,24306,19383
55,5,FlatFaultB,100,26072,47817
55,5,FlatFaultB,101,26349,3168
55,5,FlatFaultB,102,26514,27246
55,5,FlatFaultB,103,26575,52453
55,5,FlatFaultB,104,26666,36420
55,5,FlatFaultB,105,26759,36947
55,5,FlatFaultB,106,27023,34122
55,5,FlatFaultB,107,27361,12709
55,5,FlatFaultB,108,28481,24795
55,5,FlatFaultB,109,28777,7868
55,5,FlatFaultB,110,29234,3338
55,5,FlatFaultB,111,29509,36826
55,5,FlatFaultB,112,29535,26984
55,5,FlatFaultB,113,29616,6687
55,5,FlatFaultB,114,30236,32849
55,5,FlatFaultB,115,30511,51276
55,5,FlatFaultB,116,31449,36584
55,5,FlatFaultB,117,31527,31935
55,5,FlatFaultB,118,31707,50671
55,5,FlatFaultB,119,31802,20282
55,5,FlatFaultB,120,31822,20350
55,5,FlatFaultB,121,31998,35650
55,5,FlatFaultB,122,32228,18372
55,5,FlatFaultB,123,32258,12520
55,5,FlatFaultB,124,32473,12597
55,5,FlatFaultB,125,32501,36785
55,5,FlatFaultB,126,32854,43950
55,5,FlatFaultB,127,33211,8557
56,5,FlatFaultB,0,160,6641
56,5,FlatFaultB,1,724,46046
56,5,FlatFaultB,2,754,5584
56,5,FlatFaultB,3,964,49817
56,5,FlatFaultB,4,1330,46622
56,5,FlatFaultB,5,2017,48724
56,5,FlatFaultB,6,2233,20250
56,5,FlatFaultB,7,2254,50352
56,5,FlatFaultB,8,2689,42005
56,5,FlatFaultB,9,3045,27982
56,5,FlatFaultB,10,3116,18705
56,5,FlatFaultB,11,3907,31773
56,5,FlatFaultB,12,4123,16251
56,5,FlatFaultB,13,4460,34897
56,5,FlatFaultB,14,4748,30329
56,5,FlatFaultB,15,4799,48835
56,5,FlatFaultB,16,4917,32070
56,5,FlatFaultB,17,5492,28846
56,5,FlatFaultB,18,5518,12792
56,5,FlatFaultB,19,5540,52528
56,5,FlatFaultB,20,5775,33905
56,5,FlatFaultB,21,5995,27181
56,5,FlatFaultB,22,6387,24329
56,5,FlatFaultB,23,6527,17666
56,5,FlatFaultB,24,6644,38353
56,5,FlatFaultB,25,6956,3150
56,5,FlatFaultB,26,7672,52924
56,5,FlatFaultB,27,8151,42127
56,5,FlatFaultB,28,8647,18942
56,5,FlatFaultB,29,8683,1865
56,5,FlatFaultB,30,8694,19612
56,5,FlatFaultB,31,8755,11495
56,5,FlatFaultB,32,9217,6145
56,5,FlatFaultB,33,10202,52537
56,5,FlatFaultB,34,10228,33120
56,5,FlatFaultB,35,10418,16416
56,5,FlatFaultB,36,10844,12498
56,5,FlatFaultB,37,10856,44660
56,5,FlatFaultB,38,11028,24461
56,5,FlatFaultB,39,11160,48954
56,5,FlatFaultB,40,11308,26044
56,5,FlatFaultB,41,11594,6433
56,5,FlatFaultB,42,11655,29680
56,5,FlatFaultB,43,11694,30485
56,5,FlatFaultB,44,11746,18848
56,5,FlatFaultB,45,11886,39960
56,5,FlatFaultB,46,12037,19235
56,5,FlatFaultB,47,12138,16923
56,5,FlatFaultB,48,12536,11373
56,5,FlatFaultB,49,12552,37080
56,5,FlatFaultB,50,12653,3706
56,5,FlatFaultB,51,12902,28427
56,5,FlatFaultB,52,13183,11898
56,5,FlatFaultB,53,13215,50003
56,5,FlatFaultB,54,13627,31515
56,5,FlatFaultB,55,13760,11798
56,5,FlatFaultB,56,13992,32835
56,5,FlatFaultB,57,14017,2894
56,5,FlatFaultB,58,14252,13389
56,5,FlatFaultB,59,14808,46493
56,5,FlatFaultB,60,15133,17107
56,5,FlatFaultB,61,15148,41038
56,5,FlatFaultB,62,15159,4575
56,5,FlatFaultB,63,15578,14243
56,5,FlatFaultB,64,16094,48748
56,5,FlatFaultB,65,16319,18526
56,5,FlatFaultB,66,16583,1853
56,5,FlatFaultB,67,16727,29575
56,5,FlatFaultB,68,17647,45322
56,5,FlatFaultB,69,17699,19511
56,5,FlatFaultB,70,18070,22954
56,5,FlatFaultB,71,18143,24665
56,5,FlatFaultB,72,18298,31534
56,5,FlatFaultB,73,18381,15622
56,5,FlatFaultB,74,18538,17702
56,5,FlatFaultB,75,18792,8413
56,5,FlatFaultB,76,18803,25807
56,5,FlatFaultB,77,18965,32648
56,5,FlatFaultB,78,19279,44558
56,5,FlatFaultB,79,19434,15161
56,5,FlatFaultB,80,19540,26096
56,5,FlatFaultB,81,19558,38398
56,5,FlatFaultB,82,20538,25049
56,5,FlatFaultB,83,21349,28618
56,5,FlatFaultB,84,21481,14317
56,5,FlatFaultB,85,21766,5895
56,5,FlatFaultB,86,22012,31011
56,5,FlatFaultB,87,22935,38983
56,5,FlatFaultB,88,23092,42529
56,5,FlatFaultB,89,23240,28106
56,5,FlatFaultB,90,23250,48381
56,5,FlatFaultB,91,23592,35660
56,5,FlatFaultB,92,23593,13891
56,5,FlatFaultB,93,23632,34883
56,5,FlatFaultB,94,23751,8501
56,5,FlatFaultB,95,24003,229
56,5,FlatFaultB,96,24244,52906
56,5,FlatFaultB,97,24314,2343
56,5,FlatFaultB,98,24854,29626
56,5,FlatFaultB,99,24860,13692
56,5,FlatFaultB,100,25660,18533
56,5,FlatFaultB,101,26127,31671
56,5,FlatFaultB,102,26154,21165
56,5,FlatFaultB,103,26439,23978
56,5,FlatFaultB,104,26575,52453
56,5,FlatFaultB,105,27430,36127
56,5,FlatFaultB,106,27660,50626
56,5,FlatFaultB,107,27787,35658
56,5,FlatFaultB,108,27906,39837
56,5,FlatFaultB,109,28076,36596
56,5,FlatFaultB,110,28326,5356
56,5,FlatFaultB,111,29230,27327
56,5,FlatFaultB,112,29514,46522
56,5,FlatFaultB,113,29596,20024
56,5,FlatFaultB,114,29778,32039
56,5,FlatFaultB,115,30543,27232
56,5,FlatFaultB,116,30680,21278
56,5,FlatFaultB,117,31335,34778
56,5,FlatFaultB,118,31953,37768
56,5,FlatFaultB,119,32255,6973
56,5,FlatFaultB,120,32531,1101
56,5,FlatFaultB,121,32631,45116
56,5,FlatFaultB,122,32800,23322
56,5,FlatFaultB,123,33053,19692
56,5,FlatFaultB,124,33194,50185
56,5,FlatFaultB,125,33282,28523
56,5,FlatFaultB,126,33544,36568
56,5,FlatFaultB,127,33576,43772
57,5,FlatFaultB,0,715,29952
57,5,FlatFaultB,1,801,1366
57,5,FlatFaultB,2,852,21795
57,5,FlatFaultB,3,1080,52464
57,5,FlatFaultB,4,1206,51859
57,5,FlatFaultB,5,1306,51282
57,5,FlatFaultB,6,1632,53384
57,5,FlatFaultB,7,1667,9097
57,5,FlatFaultB,8,2387,41794
57,5,FlatFaultB,9,2659,17509
57,5,FlatFaultB,10,2728,22933
57,5,FlatFaultB,11,2815,18421
57,5,FlatFaultB,12,2865,22097
57,5,FlatFaultB,13,3841,26179
57,5,FlatFaultB,14,3908,29042
57,5,FlatFaultB,15,4123,16251
57,5,FlatFaultB,16,4202,28258
57,5,FlatFaultB,17,4291,48700
57,5,FlatFaultB,18,4423,47578
57,5,FlatFaultB,19,4844,8631
57,5,FlatFaultB,20,4869,18742
57,5,FlatFaultB,21,4916,26966
57,5,FlatFaultB,22,5244,43037
57,5,FlatFaultB,23,5278,38939
57,5,FlatFaultB,24,5718,36019
57,5,FlatFaultB,25,5766,10311
57,5,FlatFaultB,26,5883,20291
57,5,FlatFaultB,27,5919,32527
57,5,FlatFaultB,28,6279,35471
57,5,FlatFaultB,29,6296,21618
57,5,FlatFaultB,30,6842,47287
57,5,FlatFaultB,31,6888,13006
57,5,FlatFaultB,32,7054,36580
57,5,FlatFaultB,33,7201,45974
57,5,FlatFaultB,34,7676,22059
57,5,FlatFaultB,35,7770,18655
57,5,FlatFaultB,36,7911,1394
57,5,FlatFaultB,37,8764,47698
57,5,FlatFaultB,38,8854,5169
57,5,FlatFaultB,39,9425,47413
57,5,FlatFaultB,40,9449,52326
57,5,FlatFaultB,41,10497,43672
57,5,FlatFaultB,42,10771,49613
57,5,FlatFaultB,43,10906,27052
57,5,FlatFaultB,44,10941,3922
57,5,FlatFaultB,45,11323,38648
57,5,FlatFaultB,46,11392,10122
57,5,FlatFaultB,47,11603,17062
57,5,FlatFaultB,48,11880,29521
57,5,FlatFaultB,49,11903,19059
57,5,FlatFaultB,50,12037,19235
57,5,FlatFaultB,51,12302,43656
57,5,FlatFaultB,52,12953,11876
57,5,FlatFaultB,53,13017,45712
57,5,FlatFaultB,54,13057,26073
57,5,FlatFaultB,55,13317,15855
57,5,FlatFaultB,56,13339,36434
57,5,FlatFaultB,57,13380,10802
57,5,FlatFaultB,58,13626,9875
57,5,FlatFaultB,59,14637,6640
57,5,FlatFaultB,60,14733,26415
57,5,FlatFaultB,61,15352,8859
57,5,FlatFaultB,62,15409,1209
57,5,FlatFaultB,63,15575,39791
57,5,FlatFaultB,64,15816,5119
57,5,FlatFaultB,65,16044,7606
57,5,FlatFaultB,66,16319,18526
57,5,FlatFaultB,67,17584,53750
57,5,FlatFaultB,68,17676,35244
57,5,FlatFaultB,69,17759,52606
57,5,FlatFaultB,70,18214,46885
57,5,FlatFaultB,71,18577,38792
57,5,FlatFaultB,72,18918,18148
57,5,FlatFaultB,73,19291,19800
57,5,FlatFaultB,74,19426,17273
57,5,FlatFaultB,75,19605,16167
57,5,FlatFaultB,76,19938,45457
57,5,FlatFaultB,77,20408,36520
57,5,FlatFaultB,78,20426,42698
57,5,FlatFaultB,79,20538,25049
57,5,FlatFaultB,80,20669,3000
57,5,FlatFaultB,81,21232,17284
57,5,FlatFaultB,82,21298,45177
57,5,FlatFaultB,83,21307,41432
57,5,FlatFaultB,84,21314,52653
57,5,FlatFaultB,85,21479,32367
57,5,FlatFaultB,86,21900,37493
57,5,FlatFaultB,87,22159,8099
57,5,FlatFaultB,88,22261,14047
57,5,FlatFaultB,89,22628,47937
57,5,FlatFaultB,90,23179,53276
57,5,FlatFaultB,91,23528,49331
57,5,FlatFaultB,92,23660,3038
57,5,FlatFaultB,93,24004,5756
57,5,FlatFaultB,94,24117,36203
57,5,FlatFaultB,95,24236,31431
57,5,FlatFaultB,96,24369,24456
57,5,FlatFaultB,97,24657,39245
57,5,FlatFaultB,98,24754,35867
57,5,FlatFaultB,99,25195,11953
57,5,FlatFaultB,100,25500,6321
57,5,FlatFaultB,101,25941,4884
57,5,FlatFaultB,102,26044,4897
57,5,FlatFaultB,103,26141,26087
57,5,FlatFaultB,104,26531,11066
57,5,FlatFaultB,105,26847,21686
57,5,FlatFaultB,106,27323,32344
57,5,FlatFaultB,107,27361,12709
57,5,FlatFaultB,108,27571,28249
57,5,FlatFaultB,109,27792,9913
57,5,FlatFaultB,110,28030,49054
57,5,FlatFaultB,111,28461,24222
57,5,FlatFaultB,112,28888,11019
57,5,FlatFaultB,113,29075,1525
57,5,FlatFaultB,114,29319,8710
57,5,FlatFaultB,115,29700,22018
57,5,FlatFaultB,116,29909,46742
57,5,FlatFaultB,117,29948,31682
57,5,FlatFaultB,118,29954,25292
57,5,FlatFaultB,119,30543,27232
57,5,FlatFaultB,120,30689,51922
57,5,FlatFaultB,121,30816,20927
57,5,FlatFaultB,122,31048,42833
57,5,FlatFaultB,123,32341,48252
57,5,FlatFaultB,124,32351,13626
57,5,FlatFaultB,125,32404,43478
57,5,FlatFaultB,126,32457,38640
57,5,FlatFaultB,127,32769,27672
58,5,FlatFaultB,0,317,30666
58,5,FlatFaultB,1,431,17870
58,5,FlatFaultB,2,704,40583
58,5,FlatFaultB,3,1649,53677
58,5,FlatFaultB,4,3002,36008
58,5,FlatFaultB,5,3167,14621
58,5,FlatFaultB,6,3272,41733
58,5,FlatFaultB,7,3346,19743
58,5,FlatFaultB,8,3607,41379
58,5,FlatFaultB,9,3630,9933
58,5,FlatFaultB,10,3854,2477
58,5,FlatFaultB,11,3887,49681
58,5,FlatFaultB,12,4218,35108
58,5,FlatFaultB,13,4517,32498
58,5,FlatFaultB,14,5111,44159
58,5,FlatFaultB,15,5165,7437
58,5,FlatFaultB,16,5199,48493
58,5,FlatFaultB,17,5291,45554
58,5,FlatFaultB,18,5392,6078
58,5,FlatFaultB,19,5572,4687
58,5,FlatFaultB,20,6314,27520
58,5,FlatFaultB,21,6618,39563
58,5,FlatFaultB,22,6667,4603
58,5,FlatFaultB,23,6861,38663
58,5,FlatFaultB,24,6990,12996
58,5,FlatFaultB,25,7019,52801
58,5,FlatFaultB,26,7364,46738
58,5,FlatFaultB,27,7568,52436
58,5,FlatFaultB,28,8072,20800
58,5,FlatFaultB,29,8464,30166
58,5,FlatFaultB,30,9044,20858
58,5,FlatFaultB,31,9471,7542
58,5,FlatFaultB,32,9706,40981
58,5,FlatFaultB,33,9895,9365
58,5,FlatFaultB,34,10412,27502
58,5,FlatFaultB,35,10567,40709
58,5,FlatFaultB,36,10608,528
58,5,FlatFaultB,37,10640,19636
58,5,FlatFaultB,38,11499,44504
58,5,FlatFaultB,39,11849,37807
58,5,FlatFaultB,40,12069,40613
58,5,FlatFaultB,41,12461,25591
58,5,FlatFaultB,42,12495,26290
58,5,FlatFaultB,43,12522,22136
58,5,FlatFaultB,44,12815,25246
58,5,FlatFaultB,45,13075,41322
58,5,FlatFaultB,46,14252,13389
58,5,FlatFaultB,47,14300,45996
58,5,FlatFaultB,48,14420,9116
58,5,FlatFaultB,49,14756,42494
58,5,FlatFaultB,50,14991,49219
58,5,FlatFaultB,51,15159,4575
58,5,FlatFaultB,52,15491,29323
58,5,FlatFaultB,53,16033,27962
58,5,FlatFaultB,54,16044,7606
58,5,FlatFaultB,55,16303,5058
58,5,FlatFaultB,56,16443,28175
58,5,FlatFaultB,57,16524,3300
58,5,FlatFaultB,58,16971,30116
58,5,FlatFaultB,59,17031,43645
58,5,FlatFaultB,60,17165,3493
58,5,FlatFaultB,61,17567,20960
58,5,FlatFaultB,62,17616,33312
58,5,FlatFaultB,63,17773,46170
58,5,FlatFaultB,64,17970,21292
58,5,FlatFaultB,65,18021,26401
58,5,FlatFaultB,66,18092,16522
58,5,FlatFaultB,67,18890,12036
58,5,FlatFaultB,68,19051,14788
58,5,FlatFaultB,69,19303,39426
58,5,FlatFaultB,70,19504,45963
58,5,FlatFaultB,71,19610,19595
58,5,FlatFaultB,72,19751,36869
58,5,FlatFaultB,73,19842,6663
58,5,FlatFaultB,74,20124,5810
58,5,FlatFaultB,75,20488,4340
58,5,FlatFaultB,76,21006,41262
58,5,FlatFaultB,77,21226,11753
58,5,FlatFaultB,78,21237,7338
58,5,FlatFaultB,79,21349,28618
58,5,FlatFaultB,80,21447,20645
58,5,FlatFaultB,81,21464,15906
58,5,FlatFaultB,82,21654,35160
58,5,FlatFaultB,83,21869,41878
58,5,FlatFaultB,84,22838,4361
58,5,FlatFaultB,85,23046,16638
58,5,FlatFaultB,86,23270,4700
58,5,FlatFaultB,87,23660,3038
58,5,FlatFaultB,88,23730,39987
58,5,FlatFaultB,89,23818,3129
58,5,FlatFaultB,90,23868,8202
58,5,FlatFaultB,91,24099,40134
58,5,FlatFaultB,92,24256,44657
58,5,FlatFaultB,93,24308,10358
58,5,FlatFaultB,94,24331,9764
58,5,FlatFaultB,95,24337,13853
58,5,FlatFaultB,96,24404,45888
58,5,FlatFaultB,97,24421,1963
58,5,FlatFaultB,98,24521,50653
58,5,FlatFaultB,99,24537,22491
58,5,FlatFaultB,100,24657,39245
58,5,FlatFaultB,101,25061,36842
58,5,FlatFaultB,102,25063,33083
58,5,FlatFaultB,103,25202,41538
58,5,FlatFaultB,104,26387,13419
58,5,FlatFaultB,105,26542,23175
58,5,FlatFaultB,106,27055,35011
58,5,FlatFaultB,107,27268,1162
58,5,FlatFaultB,108,27424,32683
58,5,FlatFaultB,109,27556,52498
58,5,FlatFaultB,110,28437,20552
58,5,FlatFaultB,111,28548,2854
58,5,FlatFaultB,112,28763,32182
58,5,FlatFaultB,113,29156,13637
58,5,FlatFaultB,114,29230,27327
58,5,FlatFaultB,115,29285,8259
58,5,FlatFaultB,116,29681,4760
58,5,FlatFaultB,117,30461,19213
58,5,FlatFaultB,118,30476,31313
58,5,FlatFaultB,119,30729,13468
58,5,FlatFaultB,120,30848,53664
58,5,FlatFaultB,121,31045,51254
58,5,FlatFaultB,122,31403,19356
58,5,FlatFaultB,123,32008,49231
58,5,FlatFaultB,124,32625,38592
58,5,FlatFaultB,125,32885,36417
58,5,FlatFaultB,126,33159,50230
58,5,FlatFaultB,127,33163,16077
59,5,FlatFaultB,0,200,11198
59,5,FlatFaultB,1,261,8454
59,5,FlatFaultB,2,404,35287
59,5,FlatFaultB,3,606,53810
59,5,FlatFaultB,4,813,26865
59,5,FlatFaultB,5,860,45394
59,5,FlatFaultB,6,927,15676
59,5,FlatFaultB,7,1303,22894
59,5,FlatFaultB,8,1525,4114
59,5,FlatFaultB,9,1792,27150
59,5,FlatFaultB,10,1847,1037
59,5,FlatFaultB,11,2428,37145
59,5,FlatFaultB,12,2504,44509
59,5,FlatFaultB,13,2903,35764
59,5,FlatFaultB,14,2933,27890
59,5,FlatFaultB,15,3667,24585
59,5,FlatFaultB,16,3708,45785
59,5,FlatFaultB,17,3776,11192
59,5,FlatFaultB,18,3872,28597
59,5,FlatFaultB,19,4015,29859
59,5,FlatFaultB,20,4088,45725
59,5,FlatFaultB,21,4128,24100
59,5,FlatFaultB,22,4258,9002
59,5,FlatFaultB,23,4423,47578
59,5,FlatFaultB,24,4499,53732
59,5,FlatFaultB,25,4833,2652
59,5,FlatFaultB,26,5430,9821
59,5,FlatFaultB,27,5518,12792
59,5,FlatFaultB,28,5741,50141
59,5,FlatFaultB,29,6304,12499
59,5,FlatFaultB,30,6737,28154
59,5,FlatFaultB,31,7054,36580
59,5,FlatFaultB,32,7167,51060
59,5,FlatFaultB,33,7280,29145
59,5,FlatFaultB,34,7431,30713
59,5,FlatFaultB,35,7601,40149
59,5,FlatFaultB,36,8464,30166
59,5,FlatFaultB,37,8570,38105
59,5,FlatFaultB,38,8670,11982
59,5,FlatFaultB,39,8746,32125
59,5,FlatFaultB,40,8854,5169
59,5,FlatFaultB,41,9014,32072
59,5,FlatFaultB,42,9498,5121
59,5,FlatFaultB,43,9707,37616
59,5,FlatFaultB,44,9949,26083
59,5,FlatFaultB,45,10027,33300
59,5,FlatFaultB,46,10040,30378
59,5,FlatFaultB,47,10060,12804
59,5,FlatFaultB,48,10208,14670
59,5,FlatFaultB,49,10583,40236
59,5,FlatFaultB,50,10738,1129
59,5,FlatFaultB,51,10941,3922
59,5,FlatFaultB,52,11082,20425
59,5,FlatFaultB,53,12193,44339
59,5,FlatFaultB,54,12475,18042
59,5,FlatFaultB,55,12619,8339
59,5,FlatFaultB,56,12684,45514
59,5,FlatFaultB,57,12777,7429
59,5,FlatFaultB,58,12902,28427
59,5,FlatFaultB,59,13718,49031
59,5,FlatFaultB,60,14017,2894
59,5,FlatFaultB,61,14929,17013
59,5,FlatFaultB,62,15359,38089
59,5,FlatFaultB,63,15459,49309
59,5,FlatFaultB,64,15777,27410
59,5,FlatFaultB,65,15985,11868
59,5,FlatFaultB,66,16720,49170
59,5,FlatFaultB,67,17605,43274
59,5,FlatFaultB,68,17988,9820
59,5,FlatFaultB,69,18159,29113
59,5,FlatFaultB,70,18160,18223
59,5,FlatFaultB,71,18604,50927
59,5,FlatFaultB,72,18663,5509
59,5,FlatFaultB,73,18772,45456
59,5,FlatFaultB,74,19124,32024
59,5,FlatFaultB,75,20041,28099
59,5,FlatFaultB,76,20167,25890
59,5,FlatFaultB,77,20495,14004
59,5,FlatFaultB,78,20915,26261
59,5,FlatFaultB,79,21047,29203
59,5,FlatFaultB,80,21161,44285
59,5,FlatFaultB,81,21314,52653
59,5,FlatFaultB,82,21349,28618
59,5,FlatFaultB,83,21722,22833
59,5,FlatFaultB,84,21959,21896
59,5,FlatFaultB,85,22016,9049
59,5,FlatFaultB,86,22096,35172
59,5,FlatFaultB,87,22147,38845
59,5,FlatFaultB,88,22261,14047
59,5,FlatFaultB,89,22454,18914
59,5,FlatFaultB,90,22552,42871
59,5,FlatFaultB,91,22650,27090
59,5,FlatFaultB,92,22851,25848
59,5,FlatFaultB,93,22890,24757
59,5,FlatFaultB,94,23336,9523
59,5,FlatFaultB,95,23866,14085
59,5,FlatFaultB,96,23879,35362
59,5,FlatFaultB,97,24969,40506
59,5,FlatFaultB,98,25124,46021
59,5,FlatFaultB,99,25327,8657
59,5,FlatFaultB,100,26457,18201
59,5,FlatFaultB,101,26904,43279
59,5,FlatFaultB,102,27347,15724
59,5,FlatFaultB,103,28303,12564
59,5,FlatFaultB,104,28351,22130
59,5,FlatFaultB,105,28851,9127
59,5,FlatFaultB,106,29154,32777
59,5,FlatFaultB,107,29236,13303
59,5,FlatFaultB,108,29413,2385
59,5,FlatFaultB,109,29603,12758
59,5,FlatFaultB,110,29709,20485
59,5,FlatFaultB,111,30119,31928
59,5,FlatFaultB,112,30125,30379
59,5,FlatFaultB,113,30128,25722
59,5,FlatFaultB,114,30257,21134
59,5,FlatFaultB,115,30390,42894
59,5,FlatFaultB,116,30427,47327
59,5,FlatFaultB,117,30871,8494
59,5,FlatFaultB,118,31021,28028
59,5,FlatFaultB,119,31107,4792
59,5,FlatFaultB,120,31498,48208
59,5,FlatFaultB,121,31705,30776
59,5,FlatFaultB,122,32077,22451
59,5,FlatFaultB,123,32332,7740
59,5,FlatFaultB,124,32559,52965
59,5,FlatFaultB,125,32650,47054
59,5,FlatFaultB,126,32854,43950
59,5,FlatFaultB,127,33276,51581
60,6,CurveFaultA,0,247,1329
60,6,CurveFaultA,1,821,19468
60,6,CurveFaultA,2,1115,16660
60,6,CurveFaultA,3,1126,18858
60,6,CurveFaultA,4,1482,30911
60,6,CurveFaultA,5,1624,46423
60,6,CurveFaultA,6,1727,18149
60,6,CurveFaultA,7,1982,33761
60,6,CurveFaultA,8,3139,16419
60,6,CurveFaultA,9,4175,16392
60,6,CurveFaultA,10,5134,46221
60,6,CurveFaultA,11,5222,5035
60,6,CurveFaultA,12,5825,40555
60,6,CurveFaultA,13,5978,30270
60,6,CurveFaultA,14,6038,19273
60,6,CurveFaultA,15,6196,39044
60,6,CurveFaultA,16,6489,35046
60,6,CurveFaultA,17,6897,8148
60,6,CurveFaultA,18,6986,33033
60,6,CurveFaultA,19,7145,9230
60,6,CurveFaultA,20,7177,46229
60,6,CurveFaultA,21,7395,13264
60,6,CurveFaultA,22,7546,28419
60,6,CurveFaultA,23,7711,10028
60,6,CurveFaultA,24,8033,28843
60,6,CurveFaultA,25,8574,34065
60,6,CurveFaultA,26,8630,38320
60,6,CurveFaultA,27,8872,4132
60,6,CurveFaultA,28,8978,34826
60,6,CurveFaultA,29,9353,31515
60,6,CurveFaultA,30,9403,53258
60,6,CurveFaultA,31,9476,24677
60,6,CurveFaultA,32,10492,33152
60,6,CurveFaultA,33,10950,27257
60,6,CurveFaultA,34,11220,45124
60,6,CurveFaultA,35,11809,15528
60,6,CurveFaultA,36,12124,13579
60,6,CurveFaultA,37,12228,22053
60,6,CurveFaultA,38,12888,27149
60,6,CurveFaultA,39,13039,44218
60,6,CurveFaultA,40,13265,22740
60,6,CurveFaultA,41,13277,17972
60,6,CurveFaultA,42,13329,45204
60,6,CurveFaultA,43,13506,51177
60,6,CurveFaultA,44,13890,4880
60,6,CurveFaultA,45,14005,16866
60,6,CurveFaultA,46,14324,19241
60,6,CurveFaultA,47,14384,16799
60,6,CurveFaultA,48,14530,6377
60,6,CurveFaultA,49,14644,24752
60,6,CurveFaultA,50,14680,52408
60,6,CurveFaultA,51,14919,36104
60,6,CurveFaultA,52,15113,18514
60,6,CurveFaultA,53,15168,6321
60,6,CurveFaultA,54,15170,30965
60,6,CurveFaultA,55,15401,7286
60,6,CurveFaultA,56,15598,26017
60,6,CurveFaultA,57,15778,39980
60,6,CurveFaultA,58,16242,2234
60,6,CurveFaultA,59,16277,27790
60,6,CurveFaultA,60,16326,9468
60,6,CurveFaultA,61,16365,36596
60,6,CurveFaultA,62,16397,5883
60,6,CurveFaultA,63,17247,16796
60,6,CurveFaultA,64,17618,33636
60,6,CurveFaultA,65,17733,14228
60,6,CurveFaultA,66,17820,2160
60,6,CurveFaultA,67,17932,3007
60,6,CurveFaultA,68,17987,29697
60,6,CurveFaultA,69,18107,1284
60,6,CurveFaultA,70,18165,31106
60,6,CurveFaultA,71,18205,611
60,6,CurveFaultA,72,18361,19884
60,6,CurveFaultA,73,18640,51473
60,6,CurveFaultA,74,19117,43420
60,6,CurveFaultA,75,19166,26953
60,6,CurveFaultA,76,19304,6635
60,6,CurveFaultA,77,19868,36412
60,6,CurveFaultA,78,19914,52893
60,6,CurveFaultA,79,20087,32372
60,6,CurveFaultA,80,20462,53975
60,6,CurveFaultA,81,20618,39486
60,6,CurveFaultA,82,21364,49719
60,6,CurveFaultA,83,21532,22175
60,6,CurveFaultA,84,21951,15272
60,6,CurveFaultA,85,21995,16483
60,6,CurveFaultA,86,22318,23173
60,6,CurveFaultA,87,22482,32137
60,6,CurveFaultA,88,22595,17361
60,6,CurveFaultA,89,22647,50880
60,6,CurveFaultA,90,22746,36873
60,6,CurveFaultA,91,22749,26655
60,6,CurveFaultA,92,22775,31566
60,6,CurveFaultA,93,22934,40471
60,6,CurveFaultA,94,23150,19307
60,6,CurveFaultA,95,23305,1696
60,6,CurveFaultA,96,24727,50027
60,6,CurveFaultA,97,24909,6035
60,6,CurveFaultA,98,25109,31042
60,6,CurveFaultA,99,25519,40610
60,6,CurveFaultA,100,25555,52461
60,6,CurveFaultA,101,25647,27475
60,6,CurveFaultA,102,25931,20352
60,6,CurveFaultA,103,26063,29278
60,6,CurveFaultA,104,26331,32788
60,6,CurveFaultA,105,26413,10123
60,6,CurveFaultA,106,26418,28944
60,6,CurveFaultA,107,26468,26
60,6,CurveFaultA,108,26811,34122
60,6,CurveFaultA,109,27455,46594
60,6,CurveFaultA,110,27648,40250
60,6,CurveFaultA,111,27661,39900
60,6,CurveFaultA,112,28208,51308
60,6,CurveFaultA,113,29673,1717
60,6,CurveFaultA,114,30053,48101
60,6,CurveFaultA,115,30693,6994
60,6,CurveFaultA,116,30803,36725
60,6,CurveFaultA,117,30900,16949
60,6,CurveFaultA,118,31713,43404
60,6,CurveFaultA,119,31769,36160
60,6,CurveFaultA,120,31823,13281
60,6,CurveFaultA,121,32028,17576
60,6,CurveFaultA,122,32164,24974
60,6,CurveFaultA,123,32450,32050
60,6,CurveFaultA,124,32455,6346
60,6,CurveFaultA,125,32579,46828
60,6,CurveFaultA,126,32879,31970
60,6,CurveFaultA,127,33067,35016
61,6,CurveFaultA,0,289,8863
61,6,CurveFaultA,1,721,27532
61,6,CurveFaultA,2,1061,17387
61,6,CurveFaultA,3,1788,11769
61,6,CurveFaultA,4,2120,27235
61,6,CurveFaultA,5,2899,42784
61,6,CurveFaultA,6,3429,50016
61,6,CurveFaultA,7,3499,2863
61,6,CurveFaultA,8,4016,51053
61,6,CurveFaultA,9,4862,36720
61,6,CurveFaultA,10,5376,16700
61,6,CurveFaultA,11,5665,3432
61,6,CurveFaultA,12,5804,26399
61,6,CurveFaultA,13,6268,32304
61,6,CurveFaultA,14,6625,37039
61,6,CurveFaultA,15,6788,35678
61,6,CurveFaultA,16,6942,50915
61,6,CurveFaultA,17,7309,12635
61,6,CurveFaultA,18,7779,26484
61,6,CurveFaultA,19,7868,52167
61,6,CurveFaultA,20,8462,14681
61,6,CurveFaultA,21,8630,38320
61,6,CurveFaultA,22,8949,11249
61,6,CurveFaultA,23,8987,43006
61,6,CurveFaultA,24,9077,53462
61,6,CurveFaultA,25,9174,32183
61,6,CurveFaultA,26,9185,30177
61,6,CurveFaultA,27,9343,6012
61,6,CurveFaultA,28,9502,14136
61,6,CurveFaultA,29,10114,24061
61,6,CurveFaultA,30,10177,12395
61,6,CurveFaultA,31,11079,35090
61,6,CurveFaultA,32,11191,11391
61,6,CurveFaultA,33,11209,33129
61,6,CurveFaultA,34,11651,32471
61,6,CurveFaultA,35,11851,43359
61,6,CurveFaultA,36,11891,9440
61,6,CurveFaultA,37,12048,27268
61,6,CurveFaultA,38,12066,4772
61,6,CurveFaultA,39,12206,52772
61,6,CurveFaultA,40,12486,12108
61,6,CurveFaultA,41,12690,28978
61,6,CurveFaultA,42,12886,30289
61,6,CurveFaultA,43,12908,13591
61,6,CurveFaultA,44,13251,14513
61,6,CurveFaultA,45,13309,2904
61,6,CurveFaultA,46,14289,28811
61,6,CurveFaultA,47,14312,29696
61,6,CurveFaultA,48,14364,25476
61,6,CurveFaultA,49,14384,16799
61,6,CurveFaultA,50,14607,53933
61,6,CurveFaultA,51,15262,35009
61,6,CurveFaultA,52,15496,12791
61,6,CurveFaultA,53,15522,23262
61,6,CurveFaultA,54,15704,45433
61,6,CurveFaultA,55,15783,6615
61,6,CurveFaultA,56,15973,51098
61,6,CurveFaultA,57,16673,9015
61,6,CurveFaultA,58,17158,48328
61,6,CurveFaultA,59,17244,24653
61,6,CurveFaultA,60,17930,46533
61,6,CurveFaultA,61,17969,627
61,6,CurveFaultA,62,18403,35379
61,6,CurveFaultA,63,18717,22658
61,6,CurveFaultA,64,18997,50113
61,6,CurveFaultA,65,19016,2617
61,6,CurveFaultA,66,19658,50503
61,6,CurveFaultA,67,19868,36412
61,6,CurveFaultA,68,19931,2260
61,6,CurveFaultA,69,20134,1429
61,6,CurveFaultA,70,20618,39486
61,6,CurveFaultA,71,20768,13183
61,6,CurveFaultA,72,20818,47562
61,6,CurveFaultA,73,21223,19818
61,6,CurveFaultA,74,21431,35185
61,6,CurveFaultA,75,21646,29684
61,6,CurveFaultA,76,22082,25386
61,6,CurveFaultA,77,22108,4874
61,6,CurveFaultA,78,22375,23556
61,6,CurveFaultA,79,22733,50603
61,6,CurveFaultA,80,23038,1833
61,6,CurveFaultA,81,23043,2901
61,6,CurveFaultA,82,23055,12754
61,6,CurveFaultA,83,23150,19307
61,6,CurveFaultA,84,23188,32205
61,6,CurveFaultA,85,23224,47672
61,6,CurveFaultA,86,23247,48722
61,6,CurveFaultA,87,23311,13044
61,6,CurveFaultA,88,23536,33273
61,6,CurveFaultA,89,23565,27369
61,6,CurveFaultA,90,23662,24852
61,6,CurveFaultA,91,23832,19528
61,6,CurveFaultA,92,24368,21493
61,6,CurveFaultA,93,24392,23804
61,6,CurveFaultA,94,24918,10835
61,6,CurveFaultA,95,25130,41375
61,6,CurveFaultA,96,25959,16875
61,6,CurveFaultA,97,26331,32788
61,6,CurveFaultA,98,26503,36581
61,6,CurveFaultA,99,26521,36251
61,6,CurveFaultA,100,26643,46816
61,6,CurveFaultA,101,26870,25487
61,6,CurveFaultA,102,26993,43069
61,6,CurveFaultA,103,27673,18854
61,6,CurveFaultA,104,28054,40803
61,6,CurveFaultA,105,28059,19475
61,6,CurveFaultA,106,28276,44970
61,6,CurveFaultA,107,28438,51922
61,6,CurveFaultA,108,28514,7559
61,6,CurveFaultA,109,28849,26371
61,6,CurveFaultA,110,29044,811
61,6,CurveFaultA,111,29265,43217
61,6,CurveFaultA,112,29480,39632
61,6,CurveFaultA,113,29905,40342
61,6,CurveFaultA,114,29992,53608
61,6,CurveFaultA,115,30764,13907
61,6,CurveFaultA,116,31030,20087
61,6,CurveFaultA,117,31056,26933
61,6,CurveFaultA,118,31242,3889
61,6,CurveFaultA,119,31520,48968
61,6,CurveFaultA,120,31841,43916
61,6,CurveFaultA,121,32164,24974
61,6,CurveFaultA,122,32269,33270
61,6,CurveFaultA,123,32343,10987
61,6,CurveFaultA,124,32358,34906
61,6,CurveFaultA,125,32574,26094
61,6,CurveFaultA,126,32857,28513
61,6,CurveFaultA,127,33539,29503
62,6,CurveFaultA,0,144,33077
62,6,CurveFaultA,1,363,9646
62,6,CurveFaultA,2,616,22338
62,6,CurveFaultA,3,1197,28284
62,6,CurveFaultA,4,1650,4559
62,6,CurveFaultA,5,1908,27080
62,6,CurveFaultA,6,1965,49687
62,6,CurveFaultA,7,2220,42672
62,6,CurveFaultA,8,2591,48622
62,6,CurveFaultA,9,2715,3566
62,6,CurveFaultA,10,2732,45861
62,6,CurveFaultA,11,2910,12720
62,6,CurveFaultA,12,2991,10745
62,6,CurveFaultA,13,3277,37992
62,6,CurveFaultA,14,3335,35646
62,6,CurveFaultA,15,3981,45110
62,6,CurveFaultA,16,4944,48519
62,6,CurveFaultA,17,5037,28963
62,6,CurveFaultA,18,5049,46759
62,6,CurveFaultA,19,5207,1097
62,6,CurveFaultA,20,5257,2408
62,6,CurveFaultA,21,5520,9561
62,6,CurveFaultA,22,5682,24719
62,6,CurveFaultA,23,5873,28210
62,6,CurveFaultA,24,6038,19273
62,6,CurveFaultA,25,6099,27737
62,6,CurveFaultA,26,6494,22198
62,6,CurveFaultA,27,6500,38293
62,6,CurveFaultA,28,6772,36946
62,6,CurveFaultA,29,7379,24720
62,6,CurveFaultA,30,7573,10279
62,6,CurveFaultA,31,7576,23874
62,6,CurveFaultA,32,7590,9866
62,6,CurveFaultA,33,7692,24400
62,6,CurveFaultA,34,8116,13121
62,6,CurveFaultA,35,8966,851
62,6,CurveFaultA,36,9135,14296
62,6,CurveFaultA,37,9182,29198
62,6,CurveFaultA,38,9316,33386
62,6,CurveFaultA,39,9903,43880
62,6,CurveFaultA,40,9936,26179
62,6,CurveFaultA,41,9959,8780
62,6,CurveFaultA,42,10051,39847
62,6,CurveFaultA,43,10083,21172
62,6,CurveFaultA,44,10247,11784
62,6,CurveFaultA,45,10649,24563
62,6,CurveFaultA,46,10858,12970
62,6,CurveFaultA,47,11365,47633
62,6,CurveFaultA,48,12277,36595
62,6,CurveFaultA,49,12615,32101
62,6,CurveFaultA,50,12826,43066
62,6,CurveFaultA,51,13143,173
62,6,CurveFaultA,52,13455,4151
62,6,CurveFaultA,53,13787,31180
62,6,CurveFaultA,54,14271,53565
62,6,CurveFaultA,55,14565,12021
62,6,CurveFaultA,56,14831,46512
62,6,CurveFaultA,57,14856,28609
62,6,CurveFaultA,58,14981,13248
62,6,CurveFaultA,59,15030,24911
62,6,CurveFaultA,60,15338,9883
62,6,CurveFaultA,61,15732,37649
62,6,CurveFaultA,62,17141,31337
62,6,CurveFaultA,63,17327,43191
62,6,CurveFaultA,64,17633,51406
62,6,CurveFaultA,65,17820,2160
62,6,CurveFaultA,66,17908,39576
62,6,CurveFaultA,67,18403,35379
62,6,CurveFaultA,68,19010,22785
62,6,CurveFaultA,69,19428,45090
62,6,CurveFaultA,70,19600,49622
62,6,CurveFaultA,71,20032,2572
62,6,CurveFaultA,72,20418,48327
62,6,CurveFaultA,73,20647,52928
62,6,CurveFaultA,74,20712,14841
62,6,CurveFaultA,75,21017,34829
62,6,CurveFaultA,76,21166,23870
62,6,CurveFaultA,77,21213,1454
62,6,CurveFaultA,78,21905,21659
62,6,CurveFaultA,79,22322,2951
62,6,CurveFaultA,80,22590,13751
62,6,CurveFaultA,81,23038,1833
62,6,CurveFaultA,82,23124,2147
62,6,CurveFaultA,83,23181,34030
62,6,CurveFaultA,84,23188,32205
62,6,CurveFaultA,85,23421,32702
62,6,CurveFaultA,86,23471,25101
62,6,CurveFaultA,87,23840,51615
62,6,CurveFaultA,88,23950,48429
62,6,CurveFaultA,89,24112,33510
62,6,CurveFaultA,90,24122,31168
62,6,CurveFaultA,91,24392,23804
62,6,CurveFaultA,92,24767,5404
62,6,CurveFaultA,93,25797,33721
62,6,CurveFaultA,94,25815,36304
62,6,CurveFaultA,95,25991,28335
62,6,CurveFaultA,96,26366,30475
62,6,CurveFaultA,97,26427,48892
62,6,CurveFaultA,98,26834,4584
62,6,CurveFaultA,99,26863,49614
62,6,CurveFaultA,100,27110,46190
62,6,CurveFaultA,101,27228,3384
62,6,CurveFaultA,102,27330,5076
62,6,CurveFaultA,103,27354,16468
62,6,CurveFaultA,104,27811,37878
62,6,CurveFaultA,105,27979,24247
62,6,CurveFaultA,106,28093,5410
62,6,CurveFaultA,107,28508,27633
62,6,CurveFaultA,108,28551,1917
62,6,CurveFaultA,109,28968,32482
62,6,CurveFaultA,110,29369,25130
62,6,CurveFaultA,111,29487,1473
62,6,CurveFaultA,112,29605,27136
62,6,CurveFaultA,113,29992,53608
62,6,CurveFaultA,114,30053,48101
62,6,CurveFaultA,115,30062,26524
62,6,CurveFaultA,116,30547,39046
62,6,CurveFaultA,117,30810,48294
62,6,CurveFaultA,118,30962,18912
62,6,CurveFaultA,119,31007,12384
62,6,CurveFaultA,120,31064,4273
62,6,CurveFaultA,121,31450,28096
62,6,CurveFaultA,122,32058,41116
62,6,CurveFaultA,123,32164,24974
62,6,CurveFaultA,124,32269,33270
62,6,CurveFaultA,125,32298,25270
62,6,CurveFaultA,126,33376,13090
62,6,CurveFaultA,127,33539,29503
63,6,CurveFaultA,0,48,40951
63,6,CurveFaultA,1,257,6885
63,6,CurveFaultA,2,325,2264
63,6,CurveFaultA,3,378,11832
63,6,CurveFaultA,4,831,3701
63,6,CurveFaultA,5,957,17006
63,6,CurveFaultA,6,1177,5499
63,6,CurveFaultA,7,1294,16744
63,6,CurveFaultA,8,1673,39635
63,6,CurveFaultA,9,1740,45533
63,6,CurveFaultA,10,2401,33208
63,6,CurveFaultA,11,2928,46435
63,6,CurveFaultA,12,3095,27803
63,6,CurveFaultA,13,3617,14972
63,6,CurveFaultA,14,3638,18385
63,6,CurveFaultA,15,3839,49277
63,6,CurveFaultA,16,4011,52796
63,6,CurveFaultA,17,4664,24143
63,6,CurveFaultA,18,4690,22674
63,6,CurveFaultA,19,4697,17544
63,6,CurveFaultA,20,5271,845
63,6,CurveFaultA,21,5665,3432
63,6,CurveFaultA,22,5674,43227
63,6,CurveFaultA,23,6061,49972
63,6,CurveFaultA,24,6249,15540
63,6,CurveFaultA,25,6502,53078
63,6,CurveFaultA,26,6965,46013
63,6,CurveFaultA,27,7264,29648
63,6,CurveFaultA,28,7393,28654
63,6,CurveFaultA,29,7443,10855
63,6,CurveFaultA,30,7569,27041
63,6,CurveFaultA,31,8082,37064
63,6,CurveFaultA,32,8257,3426
63,6,CurveFaultA,33,8297,37679
63,6,CurveFaultA,34,8511,51920
63,6,CurveFaultA,35,8674,13243
63,6,CurveFaultA,36,9317,20617
63,6,CurveFaultA,37,9462,12790
63,6,CurveFaultA,38,10224,10321
63,6,CurveFaultA,39,10538,28687
63,6,CurveFaultA,40,10994,50830
63,6,CurveFaultA,41,11021,7671
63,6,CurveFaultA,42,12124,13579
63,6,CurveFaultA,43,13103,27288
63,6,CurveFaultA,44,13217,2164
63,6,CurveFaultA,45,13506,51177
63,6,CurveFaultA,46,13767,24844
63,6,CurveFaultA,47,13844,33635
63,6,CurveFaultA,48,14271,53565
63,6,CurveFaultA,49,14485,42537
63,6,CurveFaultA,50,14644,24752
63,6,CurveFaultA,51,14823,15971
63,6,CurveFaultA,52,14895,27382
63,6,CurveFaultA,53,15396,18973
63,6,CurveFaultA,54,15568,53695
63,6,CurveFaultA,55,15593,21995
63,6,CurveFaultA,56,15706,3697
63,6,CurveFaultA,57,15744,49462
63,6,CurveFaultA,58,15778,39980
63,6,CurveFaultA,59,15804,32988
63,6,CurveFaultA,60,16299,16761
63,6,CurveFaultA,61,16824,29127
63,6,CurveFaultA,62,16976,23797
63,6,CurveFaultA,63,17012,30506
63,6,CurveFaultA,64,18041,22390
63,6,CurveFaultA,65,18411,25866
63,6,CurveFaultA,66,18601,21890
63,6,CurveFaultA,67,18623,25329
63,6,CurveFaultA,68,18646,25300
63,6,CurveFaultA,69,18997,50113
63,6,CurveFaultA,70,19228,30789
63,6,CurveFaultA,71,19384,33256
63,6,CurveFaultA,72,19693,42431
63,6,CurveFaultA,73,19931,2260
63,6,CurveFaultA,74,20032,2572
63,6,CurveFaultA,75,20087,32372
63,6,CurveFaultA,76,20692,35266
63,6,CurveFaultA,77,21109,5088
63,6,CurveFaultA,78,21376,42103
63,6,CurveFaultA,79,21664,9329
63,6,CurveFaultA,80,21817,25889
63,6,CurveFaultA,81,22164,7361
63,6,CurveFaultA,82,22744,25794
63,6,CurveFaultA,83,23103,14684
63,6,CurveFaultA,84,23224,47672
63,6,CurveFaultA,85,23400,8164
63,6,CurveFaultA,86,23421,32702
63,6,CurveFaultA,87,23686,34029
63,6,CurveFaultA,88,23743,13795
63,6,CurveFaultA,89,24918,10835
63,6,CurveFaultA,90,24993,29659
63,6,CurveFaultA,91,25014,287
63,6,CurveFaultA,92,25225,40234
63,6,CurveFaultA,93,25250,39321
63,6,CurveFaultA,94,25480,1827
63,6,CurveFaultA,95,25506,40804
63,6,CurveFaultA,96,25634,51607
63,6,CurveFaultA,97,26009,44397
63,6,CurveFaultA,98,26257,15516
63,6,CurveFaultA,99,26677,7420
63,6,CurveFaultA,100,26957,15574
63,6,CurveFaultA,101,27354,16468
63,6,CurveFaultA,102,27414,17078
63,6,CurveFaultA,103,27526,31933
63,6,CurveFaultA,104,28269,20635
63,6,CurveFaultA,105,28346,4320
63,6,CurveFaultA,106,28884,48043
63,6,CurveFaultA,107,28943,15157
63,6,CurveFaultA,108,29122,25967
63,6,CurveFaultA,109,29369,25130
63,6,CurveFaultA,110,29431,34789
63,6,CurveFaultA,111,29643,43081
63,6,CurveFaultA,112,29803,53652
63,6,CurveFaultA,113,29895,31464
63,6,CurveFaultA,114,30578,24221
63,6,CurveFaultA,115,30727,42622
63,6,CurveFaultA,116,30810,48294
63,6,CurveFaultA,117,31074,70
63,6,CurveFaultA,118,31289,41758
63,6,CurveFaultA,119,31423,19718
63,6,CurveFaultA,120,32058,41116
63,6,CurveFaultA,121,32343,10987
63,6,CurveFaultA,122,32484,18754
63,6,CurveFaultA,123,32566,19749
63,6,CurveFaultA,124,32712,19179
63,6,CurveFaultA,125,32890,20623
63,6,CurveFaultA,126,33173,2092
63,6,CurveFaultA,127,33428,7526
64,6,CurveFaultA,0,762,2958
64,6,CurveFaultA,1,1177,5499
64,6,CurveFaultA,2,1763,16497
64,6,CurveFaultA,3,2373,27553
64,6,CurveFaultA,4,2818,48457
64,6,CurveFaultA,5,3029,40782
64,6,CurveFaultA,6,4081,1646
64,6,CurveFaultA,7,4206,8588
64,6,CurveFaultA,8,4213,29182
64,6,CurveFaultA,9,4612,45053
64,6,CurveFaultA,10,5010,5196
64,6,CurveFaultA,11,5453,15043
64,6,CurveFaultA,12,5544,11730
64,6,CurveFaultA,13,5702,18977
64,6,CurveFaultA,14,5983,37254
64,6,CurveFaultA,15,6469,25708
64,6,CurveFaultA,16,6683,32968
64,6,CurveFaultA,17,6759,43893
64,6,CurveFaultA,18,6784,45960
64,6,CurveFaultA,19,7007,48996
64,6,CurveFaultA,20,7110,9644
64,6,CurveFaultA,21,7493,44926
64,6,CurveFaultA,22,7722,51886
64,6,CurveFaultA,23,7870,13141
64,6,CurveFaultA,24,8116,13121
64,6,CurveFaultA,25,8231,48903
64,6,CurveFaultA,26,8374,52735
64,6,CurveFaultA,27,8532,30190
64,6,CurveFaultA,28,8575,51342
64,6,CurveFaultA,29,9003,21230
64,6,CurveFaultA,30,9239,46712
64,6,CurveFaultA,31,9817,48690
64,6,CurveFaultA,32,10120,12523
64,6,CurveFaultA,33,10503,43676
64,6,CurveFaultA,34,10505,53457
64,6,CurveFaultA,35,11035,12583
64,6,CurveFaultA,36,11504,39522
64,6,CurveFaultA,37,11681,8374
64,6,CurveFaultA,38,11856,41207
64,6,CurveFaultA,39,12124,13579
64,6,CurveFaultA,40,13143,173
64,6,CurveFaultA,41,13178,42894
64,6,CurveFaultA,42,13277,17972
64,6,CurveFaultA,43,13607,48591
64,6,CurveFaultA,44,13695,28069
64,6,CurveFaultA,45,13738,43743
64,6,CurveFaultA,46,13950,13129
64,6,CurveFaultA,47,14000,3753
64,6,CurveFaultA,48,14026,32508
64,6,CurveFaultA,49,14428,32614
64,6,CurveFaultA,50,14563,8740
64,6,CurveFaultA,51,14693,20604
64,6,CurveFaultA,52,15179,23113
64,6,CurveFaultA,53,15706,3697
64,6,CurveFaultA,54,15988,6086
64,6,CurveFaultA,55,17154,27020
64,6,CurveFaultA,56,17566,4793
64,6,CurveFaultA,57,17965,29628
64,6,CurveFaultA,58,18357,34712
64,6,CurveFaultA,59,18399,39676
64,6,CurveFaultA,60,18413,41010
64,6,CurveFaultA,61,18619,38933
64,6,CurveFaultA,62,18623,25329
64,6,CurveFaultA,63,19181,397
64,6,CurveFaultA,64,19436,42217
64,6,CurveFaultA,65,19859,28954
64,6,CurveFaultA,66,20044,45434
64,6,CurveFaultA,67,20384,6569
64,6,CurveFaultA,68,20847,32453
64,6,CurveFaultA,69,21109,5088
64,6,CurveFaultA,70,21195,16998
64,6,CurveFaultA,71,21270,4745
64,6,CurveFaultA,72,21383,41551
64,6,CurveFaultA,73,21767,25082
64,6,CurveFaultA,74,22419,25197
64,6,CurveFaultA,75,22527,26152
64,6,CurveFaultA,76,22567,36641
64,6,CurveFaultA,77,22631,28730
64,6,CurveFaultA,78,22742,34431
64,6,CurveFaultA,79,22795,12026
64,6,CurveFaultA,80,22869,10303
64,6,CurveFaultA,81,22882,36735
64,6,CurveFaultA,82,22966,48743
64,6,CurveFaultA,83,23301,43808
64,6,CurveFaultA,84,23659,14126
64,6,CurveFaultA,85,23977,10055
64,6,CurveFaultA,86,24160,18433
64,6,CurveFaultA,87,24323,48226
64,6,CurveFaultA,88,24689,16973
64,6,CurveFaultA,89,24834,16338
64,6,CurveFaultA,90,25107,23259
64,6,CurveFaultA,91,25434,48213
64,6,CurveFaultA,92,25910,10243
64,6,CurveFaultA,93,25931,20352
64,6,CurveFaultA,94,26468,26
64,6,CurveFaultA,95,26618,27204
64,6,CurveFaultA,96,26664,25867
64,6,CurveFaultA,97,27275,34552
64,6,CurveFaultA,98,27346,8598
64,6,CurveFaultA,99,27648,40250
64,6,CurveFaultA,100,27872,36843
64,6,CurveFaultA,101,27979,24247
64,6,CurveFaultA,102,28143,44751
64,6,CurveFaultA,103,28149,41244
64,6,CurveFaultA,104,28235,33429
64,6,CurveFaultA,105,28541,20828
64,6,CurveFaultA,106,29361,38750
64,6,CurveFaultA,107,29364,48036
64,6,CurveFaultA,108,29445,33251
64,6,CurveFaultA,109,29921,34455
64,6,CurveFaultA,110,29967,8989
64,6,CurveFaultA,111,30134,46352
64,6,CurveFaultA,112,30666,49211
64,6,CurveFaultA,113,30678,32896
64,6,CurveFaultA,114,30958,33093
64,6,CurveFaultA,115,31188,26621
64,6,CurveFaultA,116,31535,47785
64,6,CurveFaultA,117,31604,43084
64,6,CurveFaultA,118,31679,46680
64,6,CurveFaultA,119,31816,32330
64,6,CurveFaultA,120,31830,3379
64,6,CurveFaultA,121,31873,32040
64,6,CurveFaultA,122,32005,48961
64,6,CurveFaultA,123,32051,27822
64,6,CurveFaultA,124,32474,50249
64,6,CurveFaultA,125,32484,18754
64,6,CurveFaultA,126,32574,26094
64,6,CurveFaultA,127,33067,35016
65,6,CurveFaultA,0,86,48258
65,6,CurveFaultA,1,255,10276
65,6,CurveFaultA,2,378,11832
65,6,CurveFaultA,3,401,52653
65,6,CurveFaultA,4,816,12643
65,6,CurveFaultA,5,1016,41398
65,6,CurveFaultA,6,1075,40256
65,6,CurveFaultA,7,1294,16744
65,6,CurveFaultA,8,1686,46618
65,6,CurveFaultA,9,1965,49687
65,6,CurveFaultA,10,2368,36742
65,6,CurveFaultA,11,2419,15584
65,6,CurveFaultA,12,3057,52934
65,6,CurveFaultA,13,3366,16683
65,6,CurveFaultA,14,3481,28878
65,6,CurveFaultA,15,3593,48732
65,6,CurveFaultA,16,3671,20710
65,6,CurveFaultA,17,4016,51053
65,6,CurveFaultA,18,4047,33314
65,6,CurveFaultA,19,4141,19867
65,6,CurveFaultA,20,4309,28412
65,6,CurveFaultA,21,5181,29061
65,6,CurveFaultA,22,5297,12325
65,6,CurveFaultA,23,5978,30270
65,6,CurveFaultA,24,6076,23358
65,6,CurveFaultA,25,6197,19264
65,6,CurveFaultA,26,6706,39773
65,6,CurveFaultA,27,6773,12921
65,6,CurveFaultA,28,7145,9230
65,6,CurveFaultA,29,7469,11605
65,6,CurveFaultA,30,7569,27041
65,6,CurveFaultA,31,7576,23874
65,6,CurveFaultA,32,7594,32209
65,6,CurveFaultA,33,7653,30120
65,6,CurveFaultA,34,8745,20047
65,6,CurveFaultA,35,9602,36036
65,6,CurveFaultA,36,9978,50916
65,6,CurveFaultA,37,10342,39118
65,6,CurveFaultA,38,10446,6868
65,6,CurveFaultA,39,10460,16334
65,6,CurveFaultA,40,10655,36535
65,6,CurveFaultA,41,10727,20840
65,6,CurveFaultA,42,10836,9954
65,6,CurveFaultA,43,11034,17177
65,6,CurveFaultA,44,11292,13599
65,6,CurveFaultA,45,11869,13573
65,6,CurveFaultA,46,11960,27133
65,6,CurveFaultA,47,12139,22416
65,6,CurveFaultA,48,12679,22353
65,6,CurveFaultA,49,12690,28978
65,6,CurveFaultA,50,12952,5671
65,6,CurveFaultA,51,13178,42894
65,6,CurveFaultA,52,13738,43743
65,6,CurveFaultA,53,14205,48537
65,6,CurveFaultA,54,14381,21722
65,6,CurveFaultA,55,14411,9664
65,6,CurveFaultA,56,14565,12021
65,6,CurveFaultA,57,14585,15367
65,6,CurveFaultA,58,14999,36253
65,6,CurveFaultA,59,15576,19834
65,6,CurveFaultA,60,15739,35329
65,6,CurveFaultA,61,15804,32988
65,6,CurveFaultA,62,16088,21182
65,6,CurveFaultA,63,16598,46058
65,6,CurveFaultA,64,16741,9133
65,6,CurveFaultA,65,16891,32915
65,6,CurveFaultA,66,17556,24014
65,6,CurveFaultA,67,17885,46115
65,6,CurveFaultA,68,18628,36584
65,6,CurveFaultA,69,18703,52858
65,6,CurveFaultA,70,19154,15641
65,6,CurveFaultA,71,19542,49532
65,6,CurveFaultA,72,19560,16427
65,6,CurveFaultA,73,19630,32407
65,6,CurveFaultA,74,20101,48069
65,6,CurveFaultA,75,21518,18815
65,6,CurveFaultA,76,21593,5846
65,6,CurveFaultA,77,21794,36353
65,6,CurveFaultA,78,22228,22295
65,6,CurveFaultA,79,22422,2478
65,6,CurveFaultA,80,22495,35524
65,6,CurveFaultA,81,22870,16270
65,6,CurveFaultA,82,22882,36735
65,6,CurveFaultA,83,23113,32674
65,6,CurveFaultA,84,23191,49927
65,6,CurveFaultA,85,23395,7486
65,6,CurveFaultA,86,23542,25414
65,6,CurveFaultA,87,23686,34029
65,6,CurveFaultA,88,24010,42321
65,6,CurveFaultA,89,24195,13619
65,6,CurveFaultA,90,24463,23691
65,6,CurveFaultA,91,24565,22955
65,6,CurveFaultA,92,24799,51621
65,6,CurveFaultA,93,24840,7654
65,6,CurveFaultA,94,24920,49373
65,6,CurveFaultA,95,25181,37897
65,6,CurveFaultA,96,25209,47427
65,6,CurveFaultA,97,25297,4081
65,6,CurveFaultA,98,25598,44557
65,6,CurveFaultA,99,25846,14279
65,6,CurveFaultA,100,25934,14242
65,6,CurveFaultA,101,26061,37573
65,6,CurveFaultA,102,26779,11247
65,6,CurveFaultA,103,27235,19916
65,6,CurveFaultA,104,27403,24028
65,6,CurveFaultA,105,27622,3507
65,6,CurveFaultA,106,27891,29222
65,6,CurveFaultA,107,28262,34155
65,6,CurveFaultA,108,28369,49634
65,6,CurveFaultA,109,28781,15270
65,6,CurveFaultA,110,28787,32666
65,6,CurveFaultA,111,29517,51919
65,6,CurveFaultA,112,29777,35073
65,6,CurveFaultA,113,30346,34311
65,6,CurveFaultA,114,30380,25400
65,6,CurveFaultA,115,30722,21154
65,6,CurveFaultA,116,30810,48294
65,6,CurveFaultA,117,30856,31057
65,6,CurveFaultA,118,30868,49958
65,6,CurveFaultA,119,30895,4702
65,6,CurveFaultA,120,30962,18912
65,6,CurveFaultA,121,31125,1859
65,6,CurveFaultA,122,31924,19152
65,6,CurveFaultA,123,31965,1961
65,6,CurveFaultA,124,31994,33774
65,6,CurveFaultA,125,32097,38793
65,6,CurveFaultA,126,32528,46216
65,6,CurveFaultA,127,32538,12168
66,6,CurveFaultA,0,247,1329
66,6,CurveFaultA,1,260,3624
66,6,CurveFaultA,2,512,13392
66,6,CurveFaultA,3,762,2958
66,6,CurveFaultA,4,766,4404
66,6,CurveFaultA,5,846,28725
66,6,CurveFaultA,6,857,13674
66,6,CurveFaultA,7,1222,28662
66,6,CurveFaultA,8,1827,38456
66,6,CurveFaultA,9,2153,34399
66,6,CurveFaultA,10,2280,14397
66,6,CurveFaultA,11,2999,47450
66,6,CurveFaultA,12,3429,50016
66,6,CurveFaultA,13,3460,32798
66,6,CurveFaultA,14,4141,19867
66,6,CurveFaultA,15,4691,5304
66,6,CurveFaultA,16,5274,47948
66,6,CurveFaultA,17,5561,17954
66,6,CurveFaultA,18,5682,24719
66,6,CurveFaultA,19,6121,42078
66,6,CurveFaultA,20,6228,44634
66,6,CurveFaultA,21,6327,36924
66,6,CurveFaultA,22,6539,11419
66,6,CurveFaultA,23,6947,53084
66,6,CurveFaultA,24,7284,52455
66,6,CurveFaultA,25,8034,45079
66,6,CurveFaultA,26,8082,37064
66,6,CurveFaultA,27,8257,3426
66,6,CurveFaultA,28,8260,49751
66,6,CurveFaultA,29,8386,7063
66,6,CurveFaultA,30,9486,39213
66,6,CurveFaultA,31,9636,37772
66,6,CurveFaultA,32,9761,49460
66,6,CurveFaultA,33,9933,8660
66,6,CurveFaultA,34,9987,25198
66,6,CurveFaultA,35,10051,39847
66,6,CurveFaultA,36,10292,23054
66,6,CurveFaultA,37,10388,33546
66,6,CurveFaultA,38,10644,1080
66,6,CurveFaultA,39,10720,50482
66,6,CurveFaultA,40,10861,47980
66,6,CurveFaultA,41,11139,25488
66,6,CurveFaultA,42,11231,19313
66,6,CurveFaultA,43,11539,50082
66,6,CurveFaultA,44,11551,48718
66,6,CurveFaultA,45,11888,7300
66,6,CurveFaultA,46,12634,10596
66,6,CurveFaultA,47,12886,30289
66,6,CurveFaultA,48,13847,10108
66,6,CurveFaultA,49,13934,47138
66,6,CurveFaultA,50,14304,11494
66,6,CurveFaultA,51,14423,12133
66,6,CurveFaultA,52,14644,24752
66,6,CurveFaultA,53,14776,47470
66,6,CurveFaultA,54,15208,30588
66,6,CurveFaultA,55,15493,41132
66,6,CurveFaultA,56,15686,17013
66,6,CurveFaultA,57,15832,15060
66,6,CurveFaultA,58,15900,43668
66,6,CurveFaultA,59,16134,1369
66,6,CurveFaultA,60,16238,3862
66,6,CurveFaultA,61,16602,46670
66,6,CurveFaultA,62,17467,21786
66,6,CurveFaultA,63,17524,45023
66,6,CurveFaultA,64,17618,33636
66,6,CurveFaultA,65,17958,52099
66,6,CurveFaultA,66,17987,29697
66,6,CurveFaultA,67,18010,17906
66,6,CurveFaultA,68,18197,48828
66,6,CurveFaultA,69,18655,30734
66,6,CurveFaultA,70,18683,10254
66,6,CurveFaultA,71,18977,8160
66,6,CurveFaultA,72,19114,11466
66,6,CurveFaultA,73,19169,18651
66,6,CurveFaultA,74,19658,50503
66,6,CurveFaultA,75,19956,37374
66,6,CurveFaultA,76,20055,39098
66,6,CurveFaultA,77,20341,47402
66,6,CurveFaultA,78,21163,53461
66,6,CurveFaultA,79,21706,26301
66,6,CurveFaultA,80,21817,25889
66,6,CurveFaultA,81,21833,49356
66,6,CurveFaultA,82,21927,35037
66,6,CurveFaultA,83,21951,15272
66,6,CurveFaultA,84,22301,38605
66,6,CurveFaultA,85,22318,23173
66,6,CurveFaultA,86,22325,52376
66,6,CurveFaultA,87,22429,40216
66,6,CurveFaultA,88,22810,24542
66,6,CurveFaultA,89,22887,46030
66,6,CurveFaultA,90,23286,14709
66,6,CurveFaultA,91,23675,15122
66,6,CurveFaultA,92,23887,32994
66,6,CurveFaultA,93,25286,38096
66,6,CurveFaultA,94,25390,19897
66,6,CurveFaultA,95,25519,40610
66,6,CurveFaultA,96,25815,36304
66,6,CurveFaultA,97,25944,36690
66,6,CurveFaultA,98,26025,29403
66,6,CurveFaultA,99,26413,10123
66,6,CurveFaultA,100,26465,20184
66,6,CurveFaultA,101,26721,27306
66,6,CurveFaultA,102,26789,24162
66,6,CurveFaultA,103,26988,45394
66,6,CurveFaultA,104,27074,32491
66,6,CurveFaultA,105,27163,34611
66,6,CurveFaultA,106,27536,26738
66,6,CurveFaultA,107,27939,53458
66,6,CurveFaultA,108,28149,41244
66,6,CurveFaultA,109,28178,19645
66,6,CurveFaultA,110,28541,20828
66,6,CurveFaultA,111,28973,37582
66,6,CurveFaultA,112,29713,2159
66,6,CurveFaultA,113,30145,28296
66,6,CurveFaultA,114,30519,45373
66,6,CurveFaultA,115,30676,28425
66,6,CurveFaultA,116,30747,19147
66,6,CurveFaultA,117,30893,23785
66,6,CurveFaultA,118,31205,34547
66,6,CurveFaultA,119,31550,34217
66,6,CurveFaultA,120,31557,50634
66,6,CurveFaultA,121,31618,53023
66,6,CurveFaultA,122,32086,29228
66,6,CurveFaultA,123,32343,10987
66,6,CurveFaultA,124,32640,32713
66,6,CurveFaultA,125,33235,23379
66,6,CurveFaultA,126,33390,27433
66,6,CurveFaultA,127,33506,51774
67,6,CurveFaultA,0,59,40667
67,6,CurveFaultA,1,257,6885
67,6,CurveFaultA,2,779,5011
67,6,CurveFaultA,3,808,8707
67,6,CurveFaultA,4,1666,21576
67,6,CurveFaultA,5,1951,25136
67,6,CurveFaultA,6,2326,7133
67,6,CurveFaultA,7,2931,20253
67,6,CurveFaultA,8,4090,20758
67,6,CurveFaultA,9,5136,32584
67,6,CurveFaultA,10,5234,3966
67,6,CurveFaultA,11,5685,6507
67,6,CurveFaultA,12,6171,34541
67,6,CurveFaultA,13,6871,7766
67,6,CurveFaultA,14,7145,9230
67,6,CurveFaultA,15,7170,8759
67,6,CurveFaultA,16,7765,20590
67,6,CurveFaultA,17,7891,13826
67,6,CurveFaultA,18,8524,22401
67,6,CurveFaultA,19,8650,21457
67,6,CurveFaultA,20,8739,35659
67,6,CurveFaultA,21,8966,851
67,6,CurveFaultA,22,9239,46712
67,6,CurveFaultA,23,9845,48365
67,6,CurveFaultA,24,10313,44551
67,6,CurveFaultA,25,10498,40081
67,6,CurveFaultA,26,10509,52794
67,6,CurveFaultA,27,10520,1157
67,6,CurveFaultA,28,10799,13492
67,6,CurveFaultA,29,10816,36281
67,6,CurveFaultA,30,11277,25582
67,6,CurveFaultA,31,11629,34649
67,6,CurveFaultA,32,11818,28612
67,6,CurveFaultA,33,12210,10648
67,6,CurveFaultA,34,12356,22540
67,6,CurveFaultA,35,12467,21947
67,6,CurveFaultA,36,12737,49457
67,6,CurveFaultA,37,12801,911
67,6,CurveFaultA,38,12832,5658
67,6,CurveFaultA,39,12879,5763
67,6,CurveFaultA,40,12912,52670
67,6,CurveFaultA,41,13695,28069
67,6,CurveFaultA,42,14008,51911
67,6,CurveFaultA,43,14481,46836
67,6,CurveFaultA,44,14556,5777
67,6,CurveFaultA,45,14893,49305
67,6,CurveFaultA,46,15113,18514
67,6,CurveFaultA,47,15193,23882
67,6,CurveFaultA,48,15398,31307
67,6,CurveFaultA,49,15401,7286
67,6,CurveFaultA,50,15839,6261
67,6,CurveFaultA,51,15900,43668
67,6,CurveFaultA,52,15965,50663
67,6,CurveFaultA,53,16097,23017
67,6,CurveFaultA,54,16266,18999
67,6,CurveFaultA,55,16308,20901
67,6,CurveFaultA,56,16824,29127
67,6,CurveFaultA,57,16966,7129
67,6,CurveFaultA,58,17190,20685
67,6,CurveFaultA,59,17524,45023
67,6,CurveFaultA,60,17951,34831
67,6,CurveFaultA,61,18102,49138
67,6,CurveFaultA,62,18218,1402
67,6,CurveFaultA,63,18347,17566
67,6,CurveFaultA,64,18440,40531
67,6,CurveFaultA,65,18596,42599
67,6,CurveFaultA,66,18601,21890
67,6,CurveFaultA,67,18806,11213
67,6,CurveFaultA,68,19359,2173
67,6,CurveFaultA,69,20032,2572
67,6,CurveFaultA,70,20067,28429
67,6,CurveFaultA,71,20072,14746
67,6,CurveFaultA,72,20384,6569
67,6,CurveFaultA,73,20480,2322
67,6,CurveFaultA,74,21195,16998
67,6,CurveFaultA,75,21313,10822
67,6,CurveFaultA,76,21599,35642
67,6,CurveFaultA,77,21750,30914
67,6,CurveFaultA,78,22129,18420
67,6,CurveFaultA,79,22164,7361
67,6,CurveFaultA,80,22228,22295
67,6,CurveFaultA,81,22540,23184
67,6,CurveFaultA,82,22558,9407
67,6,CurveFaultA,83,22642,12939
67,6,CurveFaultA,84,22646,13065
67,6,CurveFaultA,85,22652,43316
67,6,CurveFaultA,86,22886,35819
67,6,CurveFaultA,87,23207,17602
67,6,CurveFaultA,88,23565,27369
67,6,CurveFaultA,89,24105,6718
67,6,CurveFaultA,90,24377,41681
67,6,CurveFaultA,91,24400,443
67,6,CurveFaultA,92,24525,32819
67,6,CurveFaultA,93,24583,15110
67,6,CurveFaultA,94,25724,7621
67,6,CurveFaultA,95,25993,35033
67,6,CurveFaultA,96,26084,28368
67,6,CurveFaultA,97,26311,25767
67,6,CurveFaultA,98,26389,34371
67,6,CurveFaultA,99,26456,31324
67,6,CurveFaultA,100,26667,21431
67,6,CurveFaultA,101,27320,24675
67,6,CurveFaultA,102,27552,34849
67,6,CurveFaultA,103,27811,37878
67,6,CurveFaultA,104,28093,5410
67,6,CurveFaultA,105,28262,34155
67,6,CurveFaultA,106,28514,7559
67,6,CurveFaultA,107,28690,25858
67,6,CurveFaultA,108,28750,26260
67,6,CurveFaultA,109,28973,37582
67,6,CurveFaultA,110,29116,2975
67,6,CurveFaultA,111,29487,1473
67,6,CurveFaultA,112,29611,32573
67,6,CurveFaultA,113,29615,31581
67,6,CurveFaultA,114,29888,36045
67,6,CurveFaultA,115,29993,18203
67,6,CurveFaultA,116,30194,7433
67,6,CurveFaultA,117,31178,49032
67,6,CurveFaultA,118,31306,50745
67,6,CurveFaultA,119,31380,18989
67,6,CurveFaultA,120,31432,44798
67,6,CurveFaultA,121,31576,20523
67,6,CurveFaultA,122,31673,25657
67,6,CurveFaultA,123,32061,29928
67,6,CurveFaultA,124,32455,6346
67,6,CurveFaultA,125,32837,31598
67,6,CurveFaultA,126,33111,17061
67,6,CurveFaultA,127,33308,35720
68,6,CurveFaultA,0,129,48177
68,6,CurveFaultA,1,355,32900
68,6,CurveFaultA,2,731,23928
68,6,CurveFaultA,3,913,42651
68,6,CurveFaultA,4,1115,16660
68,6,CurveFaultA,5,1235,5684
68,6,CurveFaultA,6,1274,21610
68,6,CurveFaultA,7,1332,23498
68,6,CurveFaultA,8,1418,49676
68,6,CurveFaultA,9,1461,21200
68,6,CurveFaultA,10,2151,13854
68,6,CurveFaultA,11,2401,33208
68,6,CurveFaultA,12,3139,16419
68,6,CurveFaultA,13,3341,7014
68,6,CurveFaultA,14,3424,40477
68,6,CurveFaultA,15,3441,28116
68,6,CurveFaultA,16,3902,21010
68,6,CurveFaultA,17,4148,5619
68,6,CurveFaultA,18,4170,23682
68,6,CurveFaultA,19,4198,18647
68,6,CurveFaultA,20,4612,45053
68,6,CurveFaultA,21,4675,31090
68,6,CurveFaultA,22,4697,17544
68,6,CurveFaultA,23,4727,34011
68,6,CurveFaultA,24,4839,26097
68,6,CurveFaultA,25,4914,37564
68,6,CurveFaultA,26,5049,46759
68,6,CurveFaultA,27,5436,40149
68,6,CurveFaultA,28,5977,17735
68,6,CurveFaultA,29,5978,30270
68,6,CurveFaultA,30,6272,7454
68,6,CurveFaultA,31,6430,9371
68,6,CurveFaultA,32,6525,13556
68,6,CurveFaultA,33,6738,41575
68,6,CurveFaultA,34,6872,36060
68,6,CurveFaultA,35,7352,15970
68,6,CurveFaultA,36,7670,28434
68,6,CurveFaultA,37,7901,48437
68,6,CurveFaultA,38,8030,43043
68,6,CurveFaultA,39,8041,36027
68,6,CurveFaultA,40,8214,25229
68,6,CurveFaultA,41,8674,13243
68,6,CurveFaultA,42,9061,36887
68,6,CurveFaultA,43,9630,7696
68,6,CurveFaultA,44,10177,12395
68,6,CurveFaultA,45,10292,23054
68,6,CurveFaultA,46,10649,24563
68,6,CurveFaultA,47,11408,30313
68,6,CurveFaultA,48,11997,3750
68,6,CurveFaultA,49,12139,22416
68,6,CurveFaultA,50,12143,14041
68,6,CurveFaultA,51,12409,11278
68,6,CurveFaultA,52,12640,33452
68,6,CurveFaultA,53,12807,32991
68,6,CurveFaultA,54,12832,5658
68,6,CurveFaultA,55,12940,33756
68,6,CurveFaultA,56,13118,39992
68,6,CurveFaultA,57,13306,40068
68,6,CurveFaultA,58,13582,45743
68,6,CurveFaultA,59,13689,19079
68,6,CurveFaultA,60,13738,43743
68,6,CurveFaultA,61,14083,38235
68,6,CurveFaultA,62,14735,45749
68,6,CurveFaultA,63,14853,38789
68,6,CurveFaultA,64,15557,30206
68,6,CurveFaultA,65,15576,19834
68,6,CurveFaultA,66,15641,27161
68,6,CurveFaultA,67,16186,19794
68,6,CurveFaultA,68,16229,51912
68,6,CurveFaultA,69,16238,3862
68,6,CurveFaultA,70,16401,49181
68,6,CurveFaultA,71,16603,13831
68,6,CurveFaultA,72,16901,44631
68,6,CurveFaultA,73,17193,39150
68,6,CurveFaultA,74,17228,2616
68,6,CurveFaultA,75,17376,17691
68,6,CurveFaultA,76,17719,32931
68,6,CurveFaultA,77,18360,7785
68,6,CurveFaultA,78,18413,41010
68,6,CurveFaultA,79,18487,12816
68,6,CurveFaultA,80,18808,22810
68,6,CurveFaultA,81,19407,14572
68,6,CurveFaultA,82,19425,51913
68,6,CurveFaultA,83,19841,11325
68,6,CurveFaultA,84,19968,50857
68,6,CurveFaultA,85,20089,2554
68,6,CurveFaultA,86,20393,23980
68,6,CurveFaultA,87,20428,2738
68,6,CurveFaultA,88,20518,16398
68,6,CurveFaultA,89,20599,4981
68,6,CurveFaultA,90,20792,37906
68,6,CurveFaultA,91,20994,28321
68,6,CurveFaultA,92,22375,23556
68,6,CurveFaultA,93,22440,32759
68,6,CurveFaultA,94,22587,53657
68,6,CurveFaultA,95,22972,33198
68,6,CurveFaultA,96,23013,27431
68,6,CurveFaultA,97,23076,22825
68,6,CurveFaultA,98,23421,32702
68,6,CurveFaultA,99,23439,22766
68,6,CurveFaultA,100,24086,47410
68,6,CurveFaultA,101,24112,33510
68,6,CurveFaultA,102,24160,18433
68,6,CurveFaultA,103,24377,41681
68,6,CurveFaultA,104,24583,15110
68,6,CurveFaultA,105,25225,40234
68,6,CurveFaultA,106,25297,4081
68,6,CurveFaultA,107,25506,40804
68,6,CurveFaultA,108,25576,39646
68,6,CurveFaultA,109,25598,44557
68,6,CurveFaultA,110,25634,51607
68,6,CurveFaultA,111,25846,14279
68,6,CurveFaultA,112,25929,3782
68,6,CurveFaultA,113,26267,18670
68,6,CurveFaultA,114,26348,48905
68,6,CurveFaultA,115,26790,11532
68,6,CurveFaultA,116,26923,35493
68,6,CurveFaultA,117,27167,15340
68,6,CurveFaultA,118,28072,15550
68,6,CurveFaultA,119,28387,25500
68,6,CurveFaultA,120,29330,33610
68,6,CurveFaultA,121,30978,37181
68,6,CurveFaultA,122,31873,32040
68,6,CurveFaultA,123,32097,38793
68,6,CurveFaultA,124,32862,38442
68,6,CurveFaultA,125,33111,17061
68,6,CurveFaultA,126,33437,35478
68,6,CurveFaultA,127,33592,21484
69,6,CurveFaultA,0,193,24305
69,6,CurveFaultA,1,378,11832
69,6,CurveFaultA,2,560,32133
69,6,CurveFaultA,3,638,22149
69,6,CurveFaultA,4,808,8707
69,6,CurveFaultA,5,846,28725
69,6,CurveFaultA,6,1827,38456
69,6,CurveFaultA,7,2167,46889
69,6,CurveFaultA,8,2376,48713
69,6,CurveFaultA,9,3082,42326
69,6,CurveFaultA,10,3332,32698
69,6,CurveFaultA,11,3414,8570
69,6,CurveFaultA,12,4672,34574
69,6,CurveFaultA,13,4890,1310
69,6,CurveFaultA,14,5008,46417
69,6,CurveFaultA,15,5035,40419
69,6,CurveFaultA,16,5382,2600
69,6,CurveFaultA,17,5513,8721
69,6,CurveFaultA,18,5724,15459
69,6,CurveFaultA,19,6249,15540
69,6,CurveFaultA,20,6261,33158
69,6,CurveFaultA,21,6330,28806
69,6,CurveFaultA,22,6381,33357
69,6,CurveFaultA,23,6431,17855
69,6,CurveFaultA,24,6584,22869
69,6,CurveFaultA,25,6785,21357
69,6,CurveFaultA,26,6976,11311
69,6,CurveFaultA,27,7334,40366
69,6,CurveFaultA,28,7338,47323
69,6,CurveFaultA,29,7469,11605
69,6,CurveFaultA,30,7653,30120
69,6,CurveFaultA,31,7909,6004
69,6,CurveFaultA,32,9128,50480
69,6,CurveFaultA,33,9174,32183
69,6,CurveFaultA,34,9202,38864
69,6,CurveFaultA,35,9636,37772
69,6,CurveFaultA,36,9645,44974
69,6,CurveFaultA,37,9866,12132
69,6,CurveFaultA,38,10238,375
69,6,CurveFaultA,39,10454,40616
69,6,CurveFaultA,40,10897,10813
69,6,CurveFaultA,41,11408,30313
69,6,CurveFaultA,42,11431,1897
69,6,CurveFaultA,43,11629,34649
69,6,CurveFaultA,44,12108,29544
69,6,CurveFaultA,45,12307,10061
69,6,CurveFaultA,46,12371,15094
69,6,CurveFaultA,47,12640,33452
69,6,CurveFaultA,48,13455,4151
69,6,CurveFaultA,49,13555,8514
69,6,CurveFaultA,50,13715,27140
69,6,CurveFaultA,51,13784,37016
69,6,CurveFaultA,52,13875,5006
69,6,CurveFaultA,53,13877,2814
69,6,CurveFaultA,54,13962,53583
69,6,CurveFaultA,55,13988,31149
69,6,CurveFaultA,56,14139,11823
69,6,CurveFaultA,57,17377,39983
69,6,CurveFaultA,58,17932,3007
69,6,CurveFaultA,59,18020,29409
69,6,CurveFaultA,60,18591,8023
69,6,CurveFaultA,61,18655,30734
69,6,CurveFaultA,62,18806,11213
69,6,CurveFaultA,63,18958,25988
69,6,CurveFaultA,64,19047,37647
69,6,CurveFaultA,65,19473,47513
69,6,CurveFaultA,66,19484,26845
69,6,CurveFaultA,67,19506,38122
69,6,CurveFaultA,68,19636,2009
69,6,CurveFaultA,69,19703,32042
69,6,CurveFaultA,70,19859,28954
69,6,CurveFaultA,71,20001,38273
69,6,CurveFaultA,72,20055,39098
69,6,CurveFaultA,73,20188,5730
69,6,CurveFaultA,74,20389,12273
69,6,CurveFaultA,75,20513,10086
69,6,CurveFaultA,76,20550,43506
69,6,CurveFaultA,77,20590,7668
69,6,CurveFaultA,78,20792,37906
69,6,CurveFaultA,79,21630,52520
69,6,CurveFaultA,80,22017,49887
69,6,CurveFaultA,81,22369,40537
69,6,CurveFaultA,82,23152,23602
69,6,CurveFaultA,83,23381,33646
69,6,CurveFaultA,84,24122,31168
69,6,CurveFaultA,85,24205,22792
69,6,CurveFaultA,86,24363,4378
69,6,CurveFaultA,87,24364,34058
69,6,CurveFaultA,88,24527,16410
69,6,CurveFaultA,89,24583,15110
69,6,CurveFaultA,90,24804,50531
69,6,CurveFaultA,91,25081,13757
69,6,CurveFaultA,92,25227,30842
69,6,CurveFaultA,93,25713,755
69,6,CurveFaultA,94,25724,7621
69,6,CurveFaultA,95,25829,40979
69,6,CurveFaultA,96,25860,52930
69,6,CurveFaultA,97,25959,16875
69,6,CurveFaultA,98,26116,21013
69,6,CurveFaultA,99,26228,22482
69,6,CurveFaultA,100,26737,48657
69,6,CurveFaultA,101,26779,11247
69,6,CurveFaultA,102,27093,46147
69,6,CurveFaultA,103,27105,38296
69,6,CurveFaultA,104,28199,40790
69,6,CurveFaultA,105,28389,25122
69,6,CurveFaultA,106,28875,12494
69,6,CurveFaultA,107,28943,15157
69,6,CurveFaultA,108,29044,811
69,6,CurveFaultA,109,29546,20362
69,6,CurveFaultA,110,29611,32573
69,6,CurveFaultA,111,29767,30067
69,6,CurveFaultA,112,29888,36045
69,6,CurveFaultA,113,30378,11044
69,6,CurveFaultA,114,31007,12384
69,6,CurveFaultA,115,31170,53281
69,6,CurveFaultA,116,31173,3529
69,6,CurveFaultA,117,31429,7937
69,6,CurveFaultA,118,31544,11806
69,6,CurveFaultA,119,31590,46995
69,6,CurveFaultA,120,31688,48217
69,6,CurveFaultA,121,32086,29228
69,6,CurveFaultA,122,32373,36597
69,6,CurveFaultA,123,32500,39306
69,6,CurveFaultA,124,32579,46828
69,6,CurveFaultA,125,32595,13354
69,6,CurveFaultA,126,32712,19179
69,6,CurveFaultA,127,33312,32174
70,7,CurveFaultB,0,133,53078
70,7,CurveFaultB,1,253,20213
70,7,CurveFaultB,2,494,47755
70,7,CurveFaultB,3,607,5524
70,7,CurveFaultB,4,1050,48621
70,7,CurveFaultB,5,1067,24592
70,7,CurveFaultB,6,1737,28856
70,7,CurveFaultB,7,1864,52692
70,7,CurveFaultB,8,2240,45501
70,7,CurveFaultB,9,2403,46348
70,7,CurveFaultB,10,2629,31168
70,7,CurveFaultB,11,2779,47894
70,7,CurveFaultB,12,3613,24557
70,7,CurveFaultB,13,4120,50691
70,7,CurveFaultB,14,4374,41468
70,7,CurveFaultB,15,4387,16595
70,7,CurveFaultB,16,4441,43677
70,7,CurveFaultB,17,4910,40736
70,7,CurveFaultB,18,5021,14652
70,7,CurveFaultB,19,5352,13607
70,7,CurveFaultB,20,5592,38295
70,7,CurveFaultB,21,6149,23517
70,7,CurveFaultB,22,6878,12144
70,7,CurveFaultB,23,6881,42146
70,7,CurveFaultB,24,7260,42995
70,7,CurveFaultB,25,7752,41045
70,7,CurveFaultB,26,7872,13870
70,7,CurveFaultB,27,8453,49905
70,7,CurveFaultB,28,8763,53748
70,7,CurveFaultB,29,8981,33696
70,7,CurveFaultB,30,9232,4289
70,7,CurveFaultB,31,9523,52101
70,7,CurveFaultB,32,9566,40026
70,7,CurveFaultB,33,9639,45630
70,7,CurveFaultB,34,9720,33134
70,7,CurveFaultB,35,9735,7783
70,7,CurveFaultB,36,10411,53075
70,7,CurveFaultB,37,10667,32888
70,7,CurveFaultB,38,10672,24824
70,7,CurveFaultB,39,11325,46869
70,7,CurveFaultB,40,12101,8767
70,7,CurveFaultB,41,12172,22339
70,7,CurveFaultB,42,12310,16447
70,7,CurveFaultB,43,12338,53580
70,7,CurveFaultB,44,12580,44092
70,7,CurveFaultB,45,12865,49561
70,7,CurveFaultB,46,13619,8495
70,7,CurveFaultB,47,13861,1922
70,7,CurveFaultB,48,14257,13645
70,7,CurveFaultB,49,14346,48887
70,7,CurveFaultB,50,14700,23453
70,7,CurveFaultB,51,15191,43369
70,7,CurveFaultB,52,15249,5367
70,7,CurveFaultB,53,15571,49276
70,7,CurveFaultB,54,15619,37010
70,7,CurveFaultB,55,15659,42309
70,7,CurveFaultB,56,15779,34620
70,7,CurveFaultB,57,16124,51433
70,7,CurveFaultB,58,16452,49461
70,7,CurveFaultB,59,16569,40221
70,7,CurveFaultB,60,16685,50357
70,7,CurveFaultB,61,16779,17852
70,7,CurveFaultB,62,17443,38113
70,7,CurveFaultB,63,17799,21899
70,7,CurveFaultB,64,17834,18327
70,7,CurveFaultB,65,18504,13148
70,7,CurveFaultB,66,18820,6573
70,7,CurveFaultB,67,19150,52403
70,7,CurveFaultB,68,19514,9523
70,7,CurveFaultB,69,20020,9232
70,7,CurveFaultB,70,20123,33493
70,7,CurveFaultB,71,20241,44000
70,7,CurveFaultB,72,20582,45133
70,7,CurveFaultB,73,20593,37965
70,7,CurveFaultB,74,21004,14230
70,7,CurveFaultB,75,21167,24729
70,7,CurveFaultB,76,21408,31506
70,7,CurveFaultB,77,21493,9471
70,7,CurveFaultB,78,21710,5797
70,7,CurveFaultB,79,22200,33371
70,7,CurveFaultB,80,22380,53260
70,7,CurveFaultB,81,22760,31256
70,7,CurveFaultB,82,22897,8477
70,7,CurveFaultB,83,23376,1187
70,7,CurveFaultB,84,23522,32660
70,7,CurveFaultB,85,23799,18586
70,7,CurveFaultB,86,23867,26805
70,7,CurveFaultB,87,23971,21647
70,7,CurveFaultB,88,24013,5903
70,7,CurveFaultB,89,24123,28962
70,7,CurveFaultB,90,24420,26797
70,7,CurveFaultB,91,25051,12190
70,7,CurveFaultB,92,25066,44782
70,7,CurveFaultB,93,25403,37647
70,7,CurveFaultB,94,25473,38281
70,7,CurveFaultB,95,25560,19497
70,7,CurveFaultB,96,25850,31387
70,7,CurveFaultB,97,26122,6936
70,7,CurveFaultB,98,26509,44807
70,7,CurveFaultB,99,26941,37081
70,7,CurveFaultB,100,27280,30740
70,7,CurveFaultB,101,27607,28764
70,7,CurveFaultB,102,27766,11498
70,7,CurveFaultB,103,28318,31747
70,7,CurveFaultB,104,28321,41641
70,7,CurveFaultB,105,28596,3848
70,7,CurveFaultB,106,28627,21696
70,7,CurveFaultB,107,28788,20963
70,7,CurveFaultB,108,28835,38365
70,7,CurveFaultB,109,28952,53547
70,7,CurveFaultB,110,29759,17498
70,7,CurveFaultB,111,30318,29842
70,7,CurveFaultB,112,30347,46161
70,7,CurveFaultB,113,30570,34274
70,7,CurveFaultB,114,30652,7589
70,7,CurveFaultB,115,30752,31519
70,7,CurveFaultB,116,30996,30054
70,7,CurveFaultB,117,31144,481
70,7,CurveFaultB,118,31273,23938
70,7,CurveFaultB,119,31280,2150
70,7,CurveFaultB,120,31340,16169
70,7,CurveFaultB,121,31545,41304
70,7,CurveFaultB,122,31974,25343
70,7,CurveFaultB,123,32110,42971
70,7,CurveFaultB,124,32456,9152
70,7,CurveFaultB,125,32695,2968
70,7,CurveFaultB,126,32737,28725
70,7,CurveFaultB,127,33135,11664
71,7,CurveFaultB,0,419,38216
71,7,CurveFaultB,1,473,15729
71,7,CurveFaultB,2,834,2232
71,7,CurveFaultB,3,952,34325
71,7,CurveFaultB,4,1029,48870
71,7,CurveFaultB,5,1083,53975
71,7,CurveFaultB,6,1157,43958
71,7,CurveFaultB,7,2110,18126
71,7,CurveFaultB,8,2268,18379
71,7,CurveFaultB,9,2779,47894
71,7,CurveFaultB,10,3043,18662
71,7,CurveFaultB,11,3649,29095
71,7,CurveFaultB,12,3684,47496
71,7,CurveFaultB,13,3894,43249
71,7,CurveFaultB,14,4012,7529
71,7,CurveFaultB,15,4142,19888
71,7,CurveFaultB,16,4463,40486
71,7,CurveFaultB,17,4789,41462
71,7,CurveFaultB,18,5413,22521
71,7,CurveFaultB,19,5689,41871
71,7,CurveFaultB,20,5999,10568
71,7,CurveFaultB,21,6119,20051
71,7,CurveFaultB,22,6130,36336
71,7,CurveFaultB,23,6343,7175
71,7,CurveFaultB,24,6455,37609
71,7,CurveFaultB,25,6599,29910
71,7,CurveFaultB,26,6846,14675
71,7,CurveFaultB,27,7072,791
71,7,CurveFaultB,28,8310,20519
71,7,CurveFaultB,29,8557,20491
71,7,CurveFaultB,30,8591,10657
71,7,CurveFaultB,31,8753,20463
71,7,CurveFaultB,32,10096,14228
71,7,CurveFaultB,33,10261,41881
71,7,CurveFaultB,34,10351,35965
71,7,CurveFaultB,35,10632,25526
71,7,CurveFaultB,36,10892,25101
71,7,CurveFaultB,37,11293,44272
71,7,CurveFaultB,38,11441,28380
71,7,CurveFaultB,39,11620,20347
71,7,CurveFaultB,40,11723,12922
71,7,CurveFaultB,41,11756,3104
71,7,CurveFaultB,42,11995,15170
71,7,CurveFaultB,43,12096,16440
71,7,CurveFaultB,44,12428,40622
71,7,CurveFaultB,45,12611,38373
71,7,CurveFaultB,46,12682,33751
71,7,CurveFaultB,47,12748,29191
71,7,CurveFaultB,48,13542,3631
71,7,CurveFaultB,49,14045,25640
71,7,CurveFaultB,50,14185,6267
71,7,CurveFaultB,51,14274,14927
71,7,CurveFaultB,52,14479,3226
71,7,CurveFaultB,53,14979,34078
71,7,CurveFaultB,54,15261,18090
71,7,CurveFaultB,55,15307,11085
71,7,CurveFaultB,56,15532,22482
71,7,CurveFaultB,57,15733,52227
71,7,CurveFaultB,58,15830,33091
71,7,CurveFaultB,59,15902,6319
71,7,CurveFaultB,60,16560,43593
71,7,CurveFaultB,61,16628,49100
71,7,CurveFaultB,62,16979,26155
71,7,CurveFaultB,63,17429,46055
71,7,CurveFaultB,64,17533,21189
71,7,CurveFaultB,65,17740,6897
71,7,CurveFaultB,66,18012,44827
71,7,CurveFaultB,67,18121,4843
71,7,CurveFaultB,68,18193,8223
71,7,CurveFaultB,69,18540,19706
71,7,CurveFaultB,70,18724,13606
71,7,CurveFaultB,71,19138,13898
71,7,CurveFaultB,72,19220,46056
71,7,CurveFaultB,73,19669,29163
71,7,CurveFaultB,74,19861,36187
71,7,CurveFaultB,75,19900,17639
71,7,CurveFaultB,76,20050,28322
71,7,CurveFaultB,77,20869,17418
71,7,CurveFaultB,78,21315,507
71,7,CurveFaultB,79,21819,10428
71,7,CurveFaultB,80,21933,41508
71,7,CurveFaultB,81,22097,33203
71,7,CurveFaultB,82,22200,33371
71,7,CurveFaultB,83,22291,39586
71,7,CurveFaultB,84,22574,47641
71,7,CurveFaultB,85,22701,43069
71,7,CurveFaultB,86,23376,1187
71,7,CurveFaultB,87,23914,40132
71,7,CurveFaultB,88,24401,48250
71,7,CurveFaultB,89,24424,19072
71,7,CurveFaultB,90,24437,43973
71,7,CurveFaultB,91,24528,2206
71,7,CurveFaultB,92,24660,23745
71,7,CurveFaultB,93,24729,4323
71,7,CurveFaultB,94,25609,49705
71,7,CurveFaultB,95,25785,28453
71,7,CurveFaultB,96,26247,18016
71,7,CurveFaultB,97,26594,23590
71,7,CurveFaultB,98,26980,32166
71,7,CurveFaultB,99,27207,29509
71,7,CurveFaultB,100,27208,37203
71,7,CurveFaultB,101,27280,30740
71,7,CurveFaultB,102,27298,52115
71,7,CurveFaultB,103,27302,5439
71,7,CurveFaultB,104,27378,51952
71,7,CurveFaultB,105,28073,787
71,7,CurveFaultB,106,28277,16666
71,7,CurveFaultB,107,28519,48800
71,7,CurveFaultB,108,29237,37715
71,7,CurveFaultB,109,29587,5530
71,7,CurveFaultB,110,29854,40931
71,7,CurveFaultB,111,29892,34966
71,7,CurveFaultB,112,30033,21146
71,7,CurveFaultB,113,30227,9689
71,7,CurveFaultB,114,30385,10058
71,7,CurveFaultB,115,30621,40765
71,7,CurveFaultB,116,30673,29940
71,7,CurveFaultB,117,31333,9005
71,7,CurveFaultB,118,31524,43091
71,7,CurveFaultB,119,32326,51035
71,7,CurveFaultB,120,32469,32584
71,7,CurveFaultB,121,32754,43164
71,7,CurveFaultB,122,32950,6539
71,7,CurveFaultB,123,33186,49040
71,7,CurveFaultB,124,33249,53571
71,7,CurveFaultB,125,33271,10215
71,7,CurveFaultB,126,33370,32047
71,7,CurveFaultB,127,33406,28266
72,7,CurveFaultB,0,217,3270
72,7,CurveFaultB,1,268,27753
72,7,CurveFaultB,2,274,34536
72,7,CurveFaultB,3,356,9021
72,7,CurveFaultB,4,483,21789
72,7,CurveFaultB,5,535,40345
72,7,CurveFaultB,6,931,11952
72,7,CurveFaultB,7,1017,27669
72,7,CurveFaultB,8,1018,38327
72,7,CurveFaultB,9,1596,34128
72,7,CurveFaultB,10,2166,28907
72,7,CurveFaultB,11,2528,7213
72,7,CurveFaultB,12,3178,22868
72,7,CurveFaultB,13,3435,1932
72,7,CurveFaultB,14,3472,19435
72,7,CurveFaultB,15,3486,31809
72,7,CurveFaultB,16,3610,29300
72,7,CurveFaultB,17,3649,29095
72,7,CurveFaultB,18,3894,43249
72,7,CurveFaultB,19,4264,50179
72,7,CurveFaultB,20,4378,8105
72,7,CurveFaultB,21,4600,17666
72,7,CurveFaultB,22,5154,12270
72,7,CurveFaultB,23,5187,52220
72,7,CurveFaultB,24,6911,44043
72,7,CurveFaultB,25,7052,42882
72,7,CurveFaultB,26,7104,13402
72,7,CurveFaultB,27,7528,13907
72,7,CurveFaultB,28,7715,41580
72,7,CurveFaultB,29,7791,12602
72,7,CurveFaultB,30,7867,35738
72,7,CurveFaultB,31,8180,37828
72,7,CurveFaultB,32,8274,22364
72,7,CurveFaultB,33,8310,20519
72,7,CurveFaultB,34,8584,12666
72,7,CurveFaultB,35,8597,28898
72,7,CurveFaultB,36,9000,34789
72,7,CurveFaultB,37,9349,7145
72,7,CurveFaultB,38,9437,44847
72,7,CurveFaultB,39,9662,40007
72,7,CurveFaultB,40,9860,27705
72,7,CurveFaultB,41,9937,27062
72,7,CurveFaultB,42,10682,11908
72,7,CurveFaultB,43,10914,25037
72,7,CurveFaultB,44,11394,32441
72,7,CurveFaultB,45,11481,31532
72,7,CurveFaultB,46,11925,32740
72,7,CurveFaultB,47,12416,27496
72,7,CurveFaultB,48,12444,49468
72,7,CurveFaultB,49,12531,36971
72,7,CurveFaultB,50,12825,8008
72,7,CurveFaultB,51,12883,45536
72,7,CurveFaultB,52,12922,34843
72,7,CurveFaultB,53,13678,27470
72,7,CurveFaultB,54,13887,6943
72,7,CurveFaultB,55,14196,11591
72,7,CurveFaultB,56,14651,25204
72,7,CurveFaultB,57,14715,37161
72,7,CurveFaultB,58,15112,38082
72,7,CurveFaultB,59,15319,48947
72,7,CurveFaultB,60,15470,44273
72,7,CurveFaultB,61,15608,45494
72,7,CurveFaultB,62,15765,25055
72,7,CurveFaultB,63,16285,26004
72,7,CurveFaultB,64,16496,49234
72,7,CurveFaultB,65,16990,32769
72,7,CurveFaultB,66,17926,31164
72,7,CurveFaultB,67,18543,21945
72,7,CurveFaultB,68,18961,14123
72,7,CurveFaultB,69,19942,13001
72,7,CurveFaultB,70,20050,28322
72,7,CurveFaultB,71,20103,13604
72,7,CurveFaultB,72,20182,47093
72,7,CurveFaultB,73,20450,45421
72,7,CurveFaultB,74,20744,23395
72,7,CurveFaultB,75,20950,36926
72,7,CurveFaultB,76,21421,13482
72,7,CurveFaultB,77,21520,36245
72,7,CurveFaultB,78,22025,22085
72,7,CurveFaultB,79,22760,31256
72,7,CurveFaultB,80,22794,33042
72,7,CurveFaultB,81,23025,41106
72,7,CurveFaultB,82,23127,29688
72,7,CurveFaultB,83,24021,24120
72,7,CurveFaultB,84,24104,46786
72,7,CurveFaultB,85,24327,24343
72,7,CurveFaultB,86,24399,25487
72,7,CurveFaultB,87,24546,23665
72,7,CurveFaultB,88,24633,9147
72,7,CurveFaultB,89,24648,34090
72,7,CurveFaultB,90,24654,21871
72,7,CurveFaultB,91,25377,46285
72,7,CurveFaultB,92,25582,32780
72,7,CurveFaultB,93,25607,35656
72,7,CurveFaultB,94,25608,12629
72,7,CurveFaultB,95,25609,49705
72,7,CurveFaultB,96,25639,38180
72,7,CurveFaultB,97,25850,31387
72,7,CurveFaultB,98,26104,37065
72,7,CurveFaultB,99,26122,6936
72,7,CurveFaultB,100,26288,4258
72,7,CurveFaultB,101,26424,43312
72,7,CurveFaultB,102,26459,4349
72,7,CurveFaultB,103,26509,44807
72,7,CurveFaultB,104,26691,1359
72,7,CurveFaultB,105,27492,10255
72,7,CurveFaultB,106,27830,6904
72,7,CurveFaultB,107,29354,10973
72,7,CurveFaultB,108,29572,45332
72,7,CurveFaultB,109,30117,6777
72,7,CurveFaultB,110,30118,13894
72,7,CurveFaultB,111,30343,21294
72,7,CurveFaultB,112,30601,44074
72,7,CurveFaultB,113,30652,7589
72,7,CurveFaultB,114,30931,4373
72,7,CurveFaultB,115,31150,31716
72,7,CurveFaultB,116,31586,26405
72,7,CurveFaultB,117,31878,26015
72,7,CurveFaultB,118,31950,29644
72,7,CurveFaultB,119,32013,10200
72,7,CurveFaultB,120,32123,28544
72,7,CurveFaultB,121,32216,26919
72,7,CurveFaultB,122,32478,45596
72,7,CurveFaultB,123,32529,41331
72,7,CurveFaultB,124,32568,32349
72,7,CurveFaultB,125,32916,16486
72,7,CurveFaultB,126,33066,48034
72,7,CurveFaultB,127,33180,40074
73,7,CurveFaultB,0,26,1418
73,7,CurveFaultB,1,87,8318
73,7,CurveFaultB,2,173,24840
73,7,CurveFaultB,3,504,31720
73,7,CurveFaultB,4,760,35969
73,7,CurveFaultB,5,812,556
73,7,CurveFaultB,6,952,34325
73,7,CurveFaultB,7,1034,12829
73,7,CurveFaultB,8,1189,32626
73,7,CurveFaultB,9,1333,49294
73,7,CurveFaultB,10,1508,19961
73,7,CurveFaultB,11,1670,4063
73,7,CurveFaultB,12,1779,2053
73,7,CurveFaultB,13,1946,50577
73,7,CurveFaultB,14,2073,10999
73,7,CurveFaultB,15,2107,25988
73,7,CurveFaultB,16,2336,23051
73,7,CurveFaultB,17,3066,12241
73,7,CurveFaultB,18,3313,50959
73,7,CurveFaultB,19,3866,30524
73,7,CurveFaultB,20,3895,49574
73,7,CurveFaultB,21,4250,5305
73,7,CurveFaultB,22,4531,4154
73,7,CurveFaultB,23,4992,23540
73,7,CurveFaultB,24,5162,51745
73,7,CurveFaultB,25,5373,33356
73,7,CurveFaultB,26,5391,21282
73,7,CurveFaultB,27,5748,16297
73,7,CurveFaultB,28,6339,50713
73,7,CurveFaultB,29,6664,51308
73,7,CurveFaultB,30,6867,18215
73,7,CurveFaultB,31,7068,3883
73,7,CurveFaultB,32,7688,36903
73,7,CurveFaultB,33,8040,36570
73,7,CurveFaultB,34,8551,32365
73,7,CurveFaultB,35,9050,42957
73,7,CurveFaultB,36,9143,20907
73,7,CurveFaultB,37,9837,26864
73,7,CurveFaultB,38,10076,4637
73,7,CurveFaultB,39,10098,53482
73,7,CurveFaultB,40,10639,2953
73,7,CurveFaultB,41,10824,11532
73,7,CurveFaultB,42,10976,1151
73,7,CurveFaultB,43,11453,44317
73,7,CurveFaultB,44,11572,35581
73,7,CurveFaultB,45,12301,5600
73,7,CurveFaultB,46,12367,50144
73,7,CurveFaultB,47,13144,44678
73,7,CurveFaultB,48,13146,31123
73,7,CurveFaultB,49,13623,486
73,7,CurveFaultB,50,13669,19619
73,7,CurveFaultB,51,13861,1922
73,7,CurveFaultB,52,13887,6943
73,7,CurveFaultB,53,14181,10116
73,7,CurveFaultB,54,14183,12989
73,7,CurveFaultB,55,14266,28367
73,7,CurveFaultB,56,14887,25002
73,7,CurveFaultB,57,15224,1700
73,7,CurveFaultB,58,15319,48947
73,7,CurveFaultB,59,16804,8182
73,7,CurveFaultB,60,16805,44991
73,7,CurveFaultB,61,17050,42104
73,7,CurveFaultB,62,17182,35135
73,7,CurveFaultB,63,17474,52246
73,7,CurveFaultB,64,18168,23835
73,7,CurveFaultB,65,18267,53983
73,7,CurveFaultB,66,18338,19747
73,7,CurveFaultB,67,18725,18499
73,7,CurveFaultB,68,19037,13112
73,7,CurveFaultB,69,19113,10031
73,7,CurveFaultB,70,19190,14889
73,7,CurveFaultB,71,19198,32904
73,7,CurveFaultB,72,19390,1081
73,7,CurveFaultB,73,19872,53402
73,7,CurveFaultB,74,20311,37826
73,7,CurveFaultB,75,20336,25785
73,7,CurveFaultB,76,20638,8267
73,7,CurveFaultB,77,21003,35365
73,7,CurveFaultB,78,21020,7343
73,7,CurveFaultB,79,21157,7009
73,7,CurveFaultB,80,21368,27771
73,7,CurveFaultB,81,21642,51541
73,7,CurveFaultB,82,21651,33660
73,7,CurveFaultB,83,21847,18007
73,7,CurveFaultB,84,22184,42067
73,7,CurveFaultB,85,22627,49269
73,7,CurveFaultB,86,22741,21162
73,7,CurveFaultB,87,22963,20366
73,7,CurveFaultB,88,23117,10670
73,7,CurveFaultB,89,23499,33370
73,7,CurveFaultB,90,23673,24563
73,7,CurveFaultB,91,24262,49116
73,7,CurveFaultB,92,24282,4536
73,7,CurveFaultB,93,24451,24377
73,7,CurveFaultB,94,24532,31748
73,7,CurveFaultB,95,24705,817
73,7,CurveFaultB,96,24745,50864
73,7,CurveFaultB,97,25229,45625
73,7,CurveFaultB,98,25410,44103
73,7,CurveFaultB,99,25548,51990
73,7,CurveFaultB,100,25708,26823
73,7,CurveFaultB,101,25850,31387
73,7,CurveFaultB,102,25950,10476
73,7,CurveFaultB,103,26098,38982
73,7,CurveFaultB,104,26306,6624
73,7,CurveFaultB,105,26486,15792
73,7,CurveFaultB,106,26567,32753
73,7,CurveFaultB,107,27340,47546
73,7,CurveFaultB,108,27391,16050
73,7,CurveFaultB,109,27738,13667
73,7,CurveFaultB,110,27762,21315
73,7,CurveFaultB,111,28073,787
73,7,CurveFaultB,112,28897,52320
73,7,CurveFaultB,113,29050,2950
73,7,CurveFaultB,114,29730,14369
73,7,CurveFaultB,115,29810,41229
73,7,CurveFaultB,116,30000,44320
73,7,CurveFaultB,117,30148,35934
73,7,CurveFaultB,118,30709,22612
73,7,CurveFaultB,119,31012,29840
73,7,CurveFaultB,120,31265,39626
73,7,CurveFaultB,121,31426,9907
73,7,CurveFaultB,122,31824,2029
73,7,CurveFaultB,123,32218,37172
73,7,CurveFaultB,124,32469,32584
73,7,CurveFaultB,125,32728,6676
73,7,CurveFaultB,126,32835,3315
73,7,CurveFaultB,127,32927,16752
74,7,CurveFaultB,0,664,3896
74,7,CurveFaultB,1,867,40876
74,7,CurveFaultB,2,1199,8074
74,7,CurveFaultB,3,2143,1962
74,7,CurveFaultB,4,2589,40673
74,7,CurveFaultB,5,2753,24374
74,7,CurveFaultB,6,2766,17558
74,7,CurveFaultB,7,3062,33625
74,7,CurveFaultB,8,3157,3592
74,7,CurveFaultB,9,3439,18268
74,7,CurveFaultB,10,3442,17598
74,7,CurveFaultB,11,3771,37099
74,7,CurveFaultB,12,4264,50179
74,7,CurveFaultB,13,4353,33680
74,7,CurveFaultB,14,4554,36127
74,7,CurveFaultB,15,4830,35397
74,7,CurveFaultB,16,4927,12183
74,7,CurveFaultB,17,5016,19210
74,7,CurveFaultB,18,5021,14652
74,7,CurveFaultB,19,5195,32634
74,7,CurveFaultB,20,5542,21461
74,7,CurveFaultB,21,5604,39682
74,7,CurveFaultB,22,5655,43177
74,7,CurveFaultB,23,5889,21502
74,7,CurveFaultB,24,5970,3554
74,7,CurveFaultB,25,6337,16962
74,7,CurveFaultB,26,6348,23187
74,7,CurveFaultB,27,6422,13747
74,7,CurveFaultB,28,6452,48959
74,7,CurveFaultB,29,7144,51495
74,7,CurveFaultB,30,7476,40490
74,7,CurveFaultB,31,7791,12602
74,7,CurveFaultB,32,7926,34104
74,7,CurveFaultB,33,8113,32327
74,7,CurveFaultB,34,8237,37604
74,7,CurveFaultB,35,8638,50318
74,7,CurveFaultB,36,8776,22263
74,7,CurveFaultB,37,8901,39467
74,7,CurveFaultB,38,9043,18555
74,7,CurveFaultB,39,9349,7145
74,7,CurveFaultB,40,9556,11394
74,7,CurveFaultB,41,10494,23790
74,7,CurveFaultB,42,10626,7725
74,7,CurveFaultB,43,11272,30832
74,7,CurveFaultB,44,11311,14205
74,7,CurveFaultB,45,11735,29698
74,7,CurveFaultB,46,12000,43313
74,7,CurveFaultB,47,12280,18116
74,7,CurveFaultB,48,12434,3873
74,7,CurveFaultB,49,12538,46734
74,7,CurveFaultB,50,12578,19985
74,7,CurveFaultB,51,12836,37021
74,7,CurveFaultB,52,12871,3443
74,7,CurveFaultB,53,13146,31123
74,7,CurveFaultB,54,14107,10737
74,7,CurveFaultB,55,14260,25335
74,7,CurveFaultB,56,15169,38852
74,7,CurveFaultB,57,15722,10205
74,7,CurveFaultB,58,16805,44991
74,7,CurveFaultB,59,17040,17335
74,7,CurveFaultB,60,17050,42104
74,7,CurveFaultB,61,17328,27741
74,7,CurveFaultB,62,17550,47871
74,7,CurveFaultB,63,17560,19236
74,7,CurveFaultB,64,17771,6005
74,7,CurveFaultB,65,18059,16145
74,7,CurveFaultB,66,18126,14887
74,7,CurveFaultB,67,18238,5615
74,7,CurveFaultB,68,18353,20891
74,7,CurveFaultB,69,18428,6453
74,7,CurveFaultB,70,18441,37774
74,7,CurveFaultB,71,19134,42656
74,7,CurveFaultB,72,19394,10240
74,7,CurveFaultB,73,19588,10634
74,7,CurveFaultB,74,19757,15480
74,7,CurveFaultB,75,19872,53402
74,7,CurveFaultB,76,19994,509
74,7,CurveFaultB,77,20208,26782
74,7,CurveFaultB,78,20267,36749
74,7,CurveFaultB,79,20623,37358
74,7,CurveFaultB,80,20638,8267
74,7,CurveFaultB,81,21227,10232
74,7,CurveFaultB,82,21315,507
74,7,CurveFaultB,83,21465,38236
74,7,CurveFaultB,84,21894,12569
74,7,CurveFaultB,85,22132,14154
74,7,CurveFaultB,86,22184,42067
74,7,CurveFaultB,87,22321,17483
74,7,CurveFaultB,88,22990,38545
74,7,CurveFaultB,89,23135,3248
74,7,CurveFaultB,90,23914,40132
74,7,CurveFaultB,91,23918,22078
74,7,CurveFaultB,92,24633,9147
74,7,CurveFaultB,93,24885,18074
74,7,CurveFaultB,94,25011,31074
74,7,CurveFaultB,95,25427,10739
74,7,CurveFaultB,96,25499,34276
74,7,CurveFaultB,97,25790,48373
74,7,CurveFaultB,98,26209,8536
74,7,CurveFaultB,99,26276,15966
74,7,CurveFaultB,100,26332,48524
74,7,CurveFaultB,101,27432,26006
74,7,CurveFaultB,102,29011,11501
74,7,CurveFaultB,103,29412,53434
74,7,CurveFaultB,104,29534,37577
74,7,CurveFaultB,105,29642,34958
74,7,CurveFaultB,106,30228,23368
74,7,CurveFaultB,107,30323,7607
74,7,CurveFaultB,108,30647,35757
74,7,CurveFaultB,109,30863,36377
74,7,CurveFaultB,110,30901,31834
74,7,CurveFaultB,111,31401,11066
74,7,CurveFaultB,112,31517,28712
74,7,CurveFaultB,113,31641,25660
74,7,CurveFaultB,114,31937,48904
74,7,CurveFaultB,115,32013,10200
74,7,CurveFaultB,116,32148,21521
74,7,CurveFaultB,117,32216,26919
74,7,CurveFaultB,118,32394,1170
74,7,CurveFaultB,119,32535,28992
74,7,CurveFaultB,120,32543,13106
74,7,CurveFaultB,121,32580,30552
74,7,CurveFaultB,122,32660,14839
74,7,CurveFaultB,123,32739,11029
74,7,CurveFaultB,124,32754,43164
74,7,CurveFaultB,125,32876,9013
74,7,CurveFaultB,126,33270,2776
74,7,CurveFaultB,127,33507,31340
75,7,CurveFaultB,0,357,12168
75,7,CurveFaultB,1,361,40751
75,7,CurveFaultB,2,442,50432
75,7,CurveFaultB,3,746,818
75,7,CurveFaultB,4,1083,53975
75,7,CurveFaultB,5,1704,52559
75,7,CurveFaultB,6,1718,30647
75,7,CurveFaultB,7,1862,17828
75,7,CurveFaultB,8,2036,37607
75,7,CurveFaultB,9,2403,46348
75,7,CurveFaultB,10,2445,47509
75,7,CurveFaultB,11,2516,38957
75,7,CurveFaultB,12,2876,32585
75,7,CurveFaultB,13,3157,3592
75,7,CurveFaultB,14,3323,6526
75,7,CurveFaultB,15,3698,20938
75,7,CurveFaultB,16,4353,33680
75,7,CurveFaultB,17,4531,4154
75,7,CurveFaultB,18,4555,28533
75,7,CurveFaultB,19,4584,1137
75,7,CurveFaultB,20,4830,35397
75,7,CurveFaultB,21,4927,12183
75,7,CurveFaultB,22,4992,23540
75,7,CurveFaultB,23,5006,51589
75,7,CurveFaultB,24,5384,22317
75,7,CurveFaultB,25,5753,32524
75,7,CurveFaultB,26,5756,7018
75,7,CurveFaultB,27,5814,13431
75,7,CurveFaultB,28,6239,18713
75,7,CurveFaultB,29,6295,6187
75,7,CurveFaultB,30,6427,28452
75,7,CurveFaultB,31,6674,53842
75,7,CurveFaultB,32,7004,53076
75,7,CurveFaultB,33,7059,35595
75,7,CurveFaultB,34,7238,47033
75,7,CurveFaultB,35,7260,42995
75,7,CurveFaultB,36,7411,50647
75,7,CurveFaultB,37,7529,36872
75,7,CurveFaultB,38,7630,20536
75,7,CurveFaultB,39,7700,15349
75,7,CurveFaultB,40,8382,8551
75,7,CurveFaultB,41,9404,14270
75,7,CurveFaultB,42,9554,28677
75,7,CurveFaultB,43,10261,41881
75,7,CurveFaultB,44,10516,25008
75,7,CurveFaultB,45,11011,44889
75,7,CurveFaultB,46,11358,6505
75,7,CurveFaultB,47,12076,24936
75,7,CurveFaultB,48,12871,3443
75,7,CurveFaultB,49,12883,45536
75,7,CurveFaultB,50,12983,35597
75,7,CurveFaultB,51,13619,8495
75,7,CurveFaultB,52,14183,12989
75,7,CurveFaultB,53,14471,44921
75,7,CurveFaultB,54,14550,34026
75,7,CurveFaultB,55,14614,6000
75,7,CurveFaultB,56,14718,9794
75,7,CurveFaultB,57,14863,17619
75,7,CurveFaultB,58,15040,29632
75,7,CurveFaultB,59,15852,5392
75,7,CurveFaultB,60,16166,2102
75,7,CurveFaultB,61,16779,17852
75,7,CurveFaultB,62,16877,40524
75,7,CurveFaultB,63,17473,50517
75,7,CurveFaultB,64,17638,48985
75,7,CurveFaultB,65,17643,46388
75,7,CurveFaultB,66,17945,31171
75,7,CurveFaultB,67,18194,35334
75,7,CurveFaultB,68,18238,5615
75,7,CurveFaultB,69,18267,53983
75,7,CurveFaultB,70,19055,15185
75,7,CurveFaultB,71,19613,43938
75,7,CurveFaultB,72,19861,36187
75,7,CurveFaultB,73,20021,31437
75,7,CurveFaultB,74,20111,12439
75,7,CurveFaultB,75,20469,27142
75,7,CurveFaultB,76,20748,43836
75,7,CurveFaultB,77,21118,27342
75,7,CurveFaultB,78,21175,51326
75,7,CurveFaultB,79,21301,30924
75,7,CurveFaultB,80,21408,31506
75,7,CurveFaultB,81,21554,9791
75,7,CurveFaultB,82,21644,25374
75,7,CurveFaultB,83,21898,28512
75,7,CurveFaultB,84,22327,48879
75,7,CurveFaultB,85,22576,30709
75,7,CurveFaultB,86,22825,50447
75,7,CurveFaultB,87,23054,9235
75,7,CurveFaultB,88,23072,35802
75,7,CurveFaultB,89,23372,18524
75,7,CurveFaultB,90,23461,47428
75,7,CurveFaultB,91,23495,3967
75,7,CurveFaultB,92,23891,37707
75,7,CurveFaultB,93,24109,42139
75,7,CurveFaultB,94,24301,10244
75,7,CurveFaultB,95,24417,12486
75,7,CurveFaultB,96,24609,45850
75,7,CurveFaultB,97,24763,2999
75,7,CurveFaultB,98,24768,10695
75,7,CurveFaultB,99,24851,819
75,7,CurveFaultB,100,25051,12190
75,7,CurveFaultB,101,25485,33465
75,7,CurveFaultB,102,26414,20255
75,7,CurveFaultB,103,26495,4966
75,7,CurveFaultB,104,26671,38623
75,7,CurveFaultB,105,26781,9966
75,7,CurveFaultB,106,26911,15312
75,7,CurveFaultB,107,27188,9604
75,7,CurveFaultB,108,27566,7012
75,7,CurveFaultB,109,28222,13236
75,7,CurveFaultB,110,29366,7019
75,7,CurveFaultB,111,29401,47039
75,7,CurveFaultB,112,29782,41343
75,7,CurveFaultB,113,30136,19278
75,7,CurveFaultB,114,30825,24610
75,7,CurveFaultB,115,31161,17466
75,7,CurveFaultB,116,31315,15760
75,7,CurveFaultB,117,31355,26685
75,7,CurveFaultB,118,31515,32479
75,7,CurveFaultB,119,31534,42353
75,7,CurveFaultB,120,31783,22277
75,7,CurveFaultB,121,32425,24766
75,7,CurveFaultB,122,32542,23397
75,7,CurveFaultB,123,32568,32349
75,7,CurveFaultB,124,32651,21039
75,7,CurveFaultB,125,32737,28725
75,7,CurveFaultB,126,32916,16486
75,7,CurveFaultB,127,33535,12472
76,7,CurveFaultB,0,88,8155
76,7,CurveFaultB,1,202,41112
76,7,CurveFaultB,2,253,20213
76,7,CurveFaultB,3,307,52095
76,7,CurveFaultB,4,681,46277
76,7,CurveFaultB,5,834,2232
76,7,CurveFaultB,6,994,27000
76,7,CurveFaultB,7,1288,46998
76,7,CurveFaultB,8,1546,32676
76,7,CurveFaultB,9,1602,12295
76,7,CurveFaultB,10,1862,17828
76,7,CurveFaultB,11,1874,19095
76,7,CurveFaultB,12,1977,2031
76,7,CurveFaultB,13,2048,17465
76,7,CurveFaultB,14,2067,4233
76,7,CurveFaultB,15,2211,16012
76,7,CurveFaultB,16,2310,15852
76,7,CurveFaultB,17,2582,52544
76,7,CurveFaultB,18,2829,49364
76,7,CurveFaultB,19,2845,23579
76,7,CurveFaultB,20,3546,50100
76,7,CurveFaultB,21,3894,43249
76,7,CurveFaultB,22,3936,2568
76,7,CurveFaultB,23,4305,38955
76,7,CurveFaultB,24,4842,42075
76,7,CurveFaultB,25,5626,7591
76,7,CurveFaultB,26,5773,31064
76,7,CurveFaultB,27,5785,15617
76,7,CurveFaultB,28,5854,25303
76,7,CurveFaultB,29,6846,14675
76,7,CurveFaultB,30,6918,51728
76,7,CurveFaultB,31,7597,15499
76,7,CurveFaultB,32,7651,645
76,7,CurveFaultB,33,7705,33645
76,7,CurveFaultB,34,7715,41580
76,7,CurveFaultB,35,7800,3093
76,7,CurveFaultB,36,8062,14279
76,7,CurveFaultB,37,8491,1583
76,7,CurveFaultB,38,8907,10057
76,7,CurveFaultB,39,8973,19485
76,7,CurveFaultB,40,9000,34789
76,7,CurveFaultB,41,9450,20012
76,7,CurveFaultB,42,9666,1739
76,7,CurveFaultB,43,9821,29958
76,7,CurveFaultB,44,9932,18768
76,7,CurveFaultB,45,10022,45969
76,7,CurveFaultB,46,10293,2236
76,7,CurveFaultB,47,10578,12291
76,7,CurveFaultB,48,11069,51939
76,7,CurveFaultB,49,11289,48790
76,7,CurveFaultB,50,11324,19735
76,7,CurveFaultB,51,11605,27326
76,7,CurveFaultB,52,12162,44442
76,7,CurveFaultB,53,12376,7007
76,7,CurveFaultB,54,12393,44288
76,7,CurveFaultB,55,12710,129
76,7,CurveFaultB,56,12745,10703
76,7,CurveFaultB,57,12899,35349
76,7,CurveFaultB,58,13172,30477
76,7,CurveFaultB,59,13619,8495
76,7,CurveFaultB,60,13866,3481
76,7,CurveFaultB,61,13882,49979
76,7,CurveFaultB,62,14148,38206
76,7,CurveFaultB,63,14260,25335
76,7,CurveFaultB,64,14479,3226
76,7,CurveFaultB,65,14503,9437
76,7,CurveFaultB,66,15112,38082
76,7,CurveFaultB,67,15230,2437
76,7,CurveFaultB,68,15751,16551
76,7,CurveFaultB,69,15901,40692
76,7,CurveFaultB,70,16274,37554
76,7,CurveFaultB,71,16395,51885
76,7,CurveFaultB,72,16990,32769
76,7,CurveFaultB,73,17940,43845
76,7,CurveFaultB,74,19105,22731
76,7,CurveFaultB,75,19308,1300
76,7,CurveFaultB,76,19352,8541
76,7,CurveFaultB,77,19742,42480
76,7,CurveFaultB,78,20057,45119
76,7,CurveFaultB,79,20114,47535
76,7,CurveFaultB,80,20182,47093
76,7,CurveFaultB,81,20245,27654
76,7,CurveFaultB,82,20246,29513
76,7,CurveFaultB,83,20850,1233
76,7,CurveFaultB,84,20859,15155
76,7,CurveFaultB,85,21087,40576
76,7,CurveFaultB,86,21227,10232
76,7,CurveFaultB,87,21434,40738
76,7,CurveFaultB,88,21453,43506
76,7,CurveFaultB,89,21491,5779
76,7,CurveFaultB,90,21936,36052
76,7,CurveFaultB,91,21957,53368
76,7,CurveFaultB,92,22200,33371
76,7,CurveFaultB,93,22307,24155
76,7,CurveFaultB,94,22891,46727
76,7,CurveFaultB,95,23274,49778
76,7,CurveFaultB,96,23973,4297
76,7,CurveFaultB,97,24171,38647
76,7,CurveFaultB,98,24602,43334
76,7,CurveFaultB,99,24747,3262
76,7,CurveFaultB,100,24851,819
76,7,CurveFaultB,101,25987,52210
76,7,CurveFaultB,102,26332,48524
76,7,CurveFaultB,103,26563,14274
76,7,CurveFaultB,104,26602,3603
76,7,CurveFaultB,105,26697,46440
76,7,CurveFaultB,106,26781,9966
76,7,CurveFaultB,107,26913,44577
76,7,CurveFaultB,108,27119,7134
76,7,CurveFaultB,109,27751,42008
76,7,CurveFaultB,110,27996,11321
76,7,CurveFaultB,111,28088,52978
76,7,CurveFaultB,112,28186,44302
76,7,CurveFaultB,113,28357,27942
76,7,CurveFaultB,114,29446,37886
76,7,CurveFaultB,115,29854,40931
76,7,CurveFaultB,116,29887,15756
76,7,CurveFaultB,117,30080,2448
76,7,CurveFaultB,118,30293,36328
76,7,CurveFaultB,119,30665,26483
76,7,CurveFaultB,120,31128,9817
76,7,CurveFaultB,121,31983,44149
76,7,CurveFaultB,122,32060,19283
76,7,CurveFaultB,123,32648,24381
76,7,CurveFaultB,124,32934,50899
76,7,CurveFaultB,125,32975,11936
76,7,CurveFaultB,126,33032,50224
76,7,CurveFaultB,127,33476,6465
77,7,CurveFaultB,0,34,19288
77,7,CurveFaultB,1,209,43584
77,7,CurveFaultB,2,335,21141
77,7,CurveFaultB,3,457,28781
77,7,CurveFaultB,4,834,2232
77,7,CurveFaultB,5,1195,3688
77,7,CurveFaultB,6,1451,22271
77,7,CurveFaultB,7,1480,43457
77,7,CurveFaultB,8,1937,45968
77,7,CurveFaultB,9,1976,43658
77,7,CurveFaultB,10,2468,44595
77,7,CurveFaultB,11,3004,49879
77,7,CurveFaultB,12,3046,21807
77,7,CurveFaultB,13,3084,45991
77,7,CurveFaultB,14,3360,7628
77,7,CurveFaultB,15,3391,32429
77,7,CurveFaultB,16,4863,7279
77,7,CurveFaultB,17,4945,44849
77,7,CurveFaultB,18,5059,26963
77,7,CurveFaultB,19,5342,42415
77,7,CurveFaultB,20,5352,13607
77,7,CurveFaultB,21,5371,6918
77,7,CurveFaultB,22,5646,47116
77,7,CurveFaultB,23,5693,20263
77,7,CurveFaultB,24,5815,37388
77,7,CurveFaultB,25,6036,49424
77,7,CurveFaultB,26,6506,50344
77,7,CurveFaultB,27,6671,12043
77,7,CurveFaultB,28,6698,541
77,7,CurveFaultB,29,7051,26025
77,7,CurveFaultB,30,7660,6458
77,7,CurveFaultB,31,7838,10993
77,7,CurveFaultB,32,8142,3469
77,7,CurveFaultB,33,8236,7459
77,7,CurveFaultB,34,8427,6991
77,7,CurveFaultB,35,8626,20306
77,7,CurveFaultB,36,9191,29694
77,7,CurveFaultB,37,9560,24439
77,7,CurveFaultB,38,10096,14228
77,7,CurveFaultB,39,10837,49670
77,7,CurveFaultB,40,11501,7960
77,7,CurveFaultB,41,11688,48651
77,7,CurveFaultB,42,11716,10851
77,7,CurveFaultB,43,11749,37345
77,7,CurveFaultB,44,11787,30324
77,7,CurveFaultB,45,11848,4683
77,7,CurveFaultB,46,12386,28588
77,7,CurveFaultB,47,12445,22140
77,7,CurveFaultB,48,12683,12819
77,7,CurveFaultB,49,12736,18306
77,7,CurveFaultB,50,12871,3443
77,7,CurveFaultB,51,13558,15935
77,7,CurveFaultB,52,13601,49745
77,7,CurveFaultB,53,13623,486
77,7,CurveFaultB,54,13669,19619
77,7,CurveFaultB,55,14081,47109
77,7,CurveFaultB,56,14100,51540
77,7,CurveFaultB,57,14590,40153
77,7,CurveFaultB,58,14842,52775
77,7,CurveFaultB,59,15161,51923
77,7,CurveFaultB,60,15211,39769
77,7,CurveFaultB,61,15385,47781
77,7,CurveFaultB,62,15552,49184
77,7,CurveFaultB,63,15765,25055
77,7,CurveFaultB,64,16056,19003
77,7,CurveFaultB,65,16518,47954
77,7,CurveFaultB,66,16544,20117
77,7,CurveFaultB,67,16667,38624
77,7,CurveFaultB,68,16804,8182
77,7,CurveFaultB,69,17065,48642
77,7,CurveFaultB,70,17318,39696
77,7,CurveFaultB,71,17474,52246
77,7,CurveFaultB,72,17643,46388
77,7,CurveFaultB,73,17682,904
77,7,CurveFaultB,74,18323,52345
77,7,CurveFaultB,75,18860,9438
77,7,CurveFaultB,76,19113,10031
77,7,CurveFaultB,77,19249,11263
77,7,CurveFaultB,78,19508,42655
77,7,CurveFaultB,79,19527,42996
77,7,CurveFaultB,80,19710,50837
77,7,CurveFaultB,81,20220,29745
77,7,CurveFaultB,82,20454,46597
77,7,CurveFaultB,83,21129,50029
77,7,CurveFaultB,84,21847,18007
77,7,CurveFaultB,85,21933,41508
77,7,CurveFaultB,86,22480,36319
77,7,CurveFaultB,87,22507,13562
77,7,CurveFaultB,88,22548,48871
77,7,CurveFaultB,89,22664,51828
77,7,CurveFaultB,90,22726,44590
77,7,CurveFaultB,91,23019,27794
77,7,CurveFaultB,92,23183,16479
77,7,CurveFaultB,93,23213,46490
77,7,CurveFaultB,94,23243,41015
77,7,CurveFaultB,95,23539,15738
77,7,CurveFaultB,96,23908,30624
77,7,CurveFaultB,97,24210,24859
77,7,CurveFaultB,98,24803,7168
77,7,CurveFaultB,99,24844,5397
77,7,CurveFaultB,100,26098,38982
77,7,CurveFaultB,101,26281,19911
77,7,CurveFaultB,102,26736,43186
77,7,CurveFaultB,103,26792,19326
77,7,CurveFaultB,104,27208,37203
77,7,CurveFaultB,105,27431,46092
77,7,CurveFaultB,106,27539,34566
77,7,CurveFaultB,107,27588,35768
77,7,CurveFaultB,108,27762,21315
77,7,CurveFaultB,109,27812,33241
77,7,CurveFaultB,110,27932,18731
77,7,CurveFaultB,111,28019,36339
77,7,CurveFaultB,112,28910,46434
77,7,CurveFaultB,113,29007,29829
77,7,CurveFaultB,114,29711,24373
77,7,CurveFaultB,115,29726,41537
77,7,CurveFaultB,116,29885,2036
77,7,CurveFaultB,117,30488,37342
77,7,CurveFaultB,118,30811,28707
77,7,CurveFaultB,119,30861,19030
77,7,CurveFaultB,120,30872,48924
77,7,CurveFaultB,121,31150,31716
77,7,CurveFaultB,122,31161,17466
77,7,CurveFaultB,123,31208,22746
77,7,CurveFaultB,124,31556,42550
77,7,CurveFaultB,125,31721,36542
77,7,CurveFaultB,126,32478,45596
77,7,CurveFaultB,127,32754,43164
78,7,CurveFaultB,0,185,35609
78,7,CurveFaultB,1,356,9021
78,7,CurveFaultB,2,419,38216
78,7,CurveFaultB,3,520,10430
78,7,CurveFaultB,4,614,39868
78,7,CurveFaultB,5,718,43151
78,7,CurveFaultB,6,1157,43958
78,7,CurveFaultB,7,1165,27608
78,7,CurveFaultB,8,1211,32867
78,7,CurveFaultB,9,2106,45430
78,7,CurveFaultB,10,2166,28907
78,7,CurveFaultB,11,2559,34027
78,7,CurveFaultB,12,3048,34201
78,7,CurveFaultB,13,3343,42171
78,7,CurveFaultB,14,3461,52798
78,7,CurveFaultB,15,3486,31809
78,7,CurveFaultB,16,3698,20938
78,7,CurveFaultB,17,3894,43249
78,7,CurveFaultB,18,4179,31352
78,7,CurveFaultB,19,4497,2569
78,7,CurveFaultB,20,4547,14394
78,7,CurveFaultB,21,5070,40664
78,7,CurveFaultB,22,5236,43805
78,7,CurveFaultB,23,5327,46351
78,7,CurveFaultB,24,5693,20263
78,7,CurveFaultB,25,5815,37388
78,7,CurveFaultB,26,6032,11826
78,7,CurveFaultB,27,6036,49424
78,7,CurveFaultB,28,6239,18713
78,7,CurveFaultB,29,6263,22956
78,7,CurveFaultB,30,6526,49005
78,7,CurveFaultB,31,6660,45706
78,7,CurveFaultB,32,6895,42721
78,7,CurveFaultB,33,7222,44658
78,7,CurveFaultB,34,7558,11573
78,7,CurveFaultB,35,7621,34522
78,7,CurveFaultB,36,9125,16172
78,7,CurveFaultB,37,9219,4389
78,7,CurveFaultB,38,9509,9157
78,7,CurveFaultB,39,9797,14083
78,7,CurveFaultB,40,9931,31969
78,7,CurveFaultB,41,10084,2108
78,7,CurveFaultB,42,10709,38820
78,7,CurveFaultB,43,10763,564
78,7,CurveFaultB,44,10929,18500
78,7,CurveFaultB,45,10966,52942
78,7,CurveFaultB,46,11143,32329
78,7,CurveFaultB,47,11443,49996
78,7,CurveFaultB,48,11445,3774
78,7,CurveFaultB,49,11674,1847
78,7,CurveFaultB,50,11690,6207
78,7,CurveFaultB,51,11738,53889
78,7,CurveFaultB,52,12101,8767
78,7,CurveFaultB,53,12133,12152
78,7,CurveFaultB,54,12162,44442
78,7,CurveFaultB,55,12212,50292
78,7,CurveFaultB,56,12372,38277
78,7,CurveFaultB,57,12732,26906
78,7,CurveFaultB,58,12745,10703
78,7,CurveFaultB,59,13116,4052
78,7,CurveFaultB,60,13171,2632
78,7,CurveFaultB,61,13861,1922
78,7,CurveFaultB,62,14543,45192
78,7,CurveFaultB,63,14715,37161
78,7,CurveFaultB,64,14863,17619
78,7,CurveFaultB,65,15045,16272
78,7,CurveFaultB,66,15506,46634
78,7,CurveFaultB,67,15622,29334
78,7,CurveFaultB,68,15698,25990
78,7,CurveFaultB,69,15902,6319
78,7,CurveFaultB,70,16219,8113
78,7,CurveFaultB,71,16256,16159
78,7,CurveFaultB,72,16828,7380
78,7,CurveFaultB,73,16988,43047
78,7,CurveFaultB,74,17642,2878
78,7,CurveFaultB,75,17918,52737
78,7,CurveFaultB,76,18346,52682
78,7,CurveFaultB,77,18608,24807
78,7,CurveFaultB,78,18979,8
78,7,CurveFaultB,79,19037,13112
78,7,CurveFaultB,80,19272,50653
78,7,CurveFaultB,81,19937,41656
78,7,CurveFaultB,82,20278,4057
78,7,CurveFaultB,83,20370,46537
78,7,CurveFaultB,84,20474,299
78,7,CurveFaultB,85,20524,1251
78,7,CurveFaultB,86,20623,37358
78,7,CurveFaultB,87,20707,51060
78,7,CurveFaultB,88,20969,12740
78,7,CurveFaultB,89,21234,3636
78,7,CurveFaultB,90,21236,15000
78,7,CurveFaultB,91,21360,1217
78,7,CurveFaultB,92,21564,14186
78,7,CurveFaultB,93,21847,18007
78,7,CurveFaultB,94,22009,36991
78,7,CurveFaultB,95,22184,42067
78,7,CurveFaultB,96,22701,43069
78,7,CurveFaultB,97,23427,2286
78,7,CurveFaultB,98,23493,35691
78,7,CurveFaultB,99,23801,5036
78,7,CurveFaultB,100,23810,10989
78,7,CurveFaultB,101,24141,20247
78,7,CurveFaultB,102,24401,48250
78,7,CurveFaultB,103,24417,12486
78,7,CurveFaultB,104,24460,11920
78,7,CurveFaultB,105,24996,28598
78,7,CurveFaultB,106,25492,39011
78,7,CurveFaultB,107,26107,30998
78,7,CurveFaultB,108,26247,18016
78,7,CurveFaultB,109,26633,20977
78,7,CurveFaultB,110,26702,20586
78,7,CurveFaultB,111,27100,15416
78,7,CurveFaultB,112,27119,7134
78,7,CurveFaultB,113,27682,39290
78,7,CurveFaultB,114,27836,18512
78,7,CurveFaultB,115,28759,19494
78,7,CurveFaultB,116,29036,11948
78,7,CurveFaultB,117,30647,35757
78,7,CurveFaultB,118,31585,3233
78,7,CurveFaultB,119,31783,22277
78,7,CurveFaultB,120,32013,10200
78,7,CurveFaultB,121,32017,36162
78,7,CurveFaultB,122,32469,32584
78,7,CurveFaultB,123,32488,46366
78,7,CurveFaultB,124,32660,14839
78,7,CurveFaultB,125,32728,6676
78,7,CurveFaultB,126,32838,38019
78,7,CurveFaultB,127,33228,39712
79,7,CurveFaultB,0,26,1418
79,7,CurveFaultB,1,337,28675
79,7,CurveFaultB,2,361,40751
79,7,CurveFaultB,3,399,33217
79,7,CurveFaultB,4,612,41727
79,7,CurveFaultB,5,1195,3688
79,7,CurveFaultB,6,1630,4657
79,7,CurveFaultB,7,2107,25988
79,7,CurveFaultB,8,2506,23329
79,7,CurveFaultB,9,2998,45443
79,7,CurveFaultB,10,3084,45991
79,7,CurveFaultB,11,3298,26034
79,7,CurveFaultB,12,3407,3971
79,7,CurveFaultB,13,3588,42903
79,7,CurveFaultB,14,3695,51603
79,7,CurveFaultB,15,3866,30524
79,7,CurveFaultB,16,3954,22389
79,7,CurveFaultB,17,3975,17407
79,7,CurveFaultB,18,4110,1169
79,7,CurveFaultB,19,4129,13487
79,7,CurveFaultB,20,4428,36908
79,7,CurveFaultB,21,4772,39947
79,7,CurveFaultB,22,5152,42132
79,7,CurveFaultB,23,5266,42401
79,7,CurveFaultB,24,5312,32783
79,7,CurveFaultB,25,5352,13607
79,7,CurveFaultB,26,5424,3660
79,7,CurveFaultB,27,5434,50433
79,7,CurveFaultB,28,6811,17099
79,7,CurveFaultB,29,7052,42882
79,7,CurveFaultB,30,7150,28066
79,7,CurveFaultB,31,7387,33562
79,7,CurveFaultB,32,7434,27072
79,7,CurveFaultB,33,7838,10993
79,7,CurveFaultB,34,8597,28898
79,7,CurveFaultB,35,9227,12009
79,7,CurveFaultB,36,9309,46709
79,7,CurveFaultB,37,9404,14270
79,7,CurveFaultB,38,9547,39657
79,7,CurveFaultB,39,9644,385
79,7,CurveFaultB,40,9757,53824
79,7,CurveFaultB,41,9854,42059
79,7,CurveFaultB,42,9900,38676
79,7,CurveFaultB,43,10142,12124
79,7,CurveFaultB,44,10302,49870
79,7,CurveFaultB,45,10578,12291
79,7,CurveFaultB,46,10632,25526
79,7,CurveFaultB,47,10634,18680
79,7,CurveFaultB,48,10709,38820
79,7,CurveFaultB,49,11293,44272
79,7,CurveFaultB,50,11735,29698
79,7,CurveFaultB,51,12093,18010
79,7,CurveFaultB,52,12222,9073
79,7,CurveFaultB,53,12301,5600
79,7,CurveFaultB,54,12445,22140
79,7,CurveFaultB,55,12714,14590
79,7,CurveFaultB,56,12811,30974
79,7,CurveFaultB,57,13903,20540
79,7,CurveFaultB,58,14418,46613
79,7,CurveFaultB,59,14442,53333
79,7,CurveFaultB,60,14450,25395
79,7,CurveFaultB,61,14592,33982
79,7,CurveFaultB,62,14673,21791
79,7,CurveFaultB,63,14841,16154
79,7,CurveFaultB,64,14955,20621
79,7,CurveFaultB,65,15993,10121
79,7,CurveFaultB,66,16043,11117
79,7,CurveFaultB,67,16166,2102
79,7,CurveFaultB,68,16340,40230
79,7,CurveFaultB,69,16751,25869
79,7,CurveFaultB,70,16755,51595
79,7,CurveFaultB,71,17302,3171
79,7,CurveFaultB,72,17495,36890
79,7,CurveFaultB,73,17821,50992
79,7,CurveFaultB,74,17926,31164
79,7,CurveFaultB,75,18110,53471
79,7,CurveFaultB,76,18215,31505
79,7,CurveFaultB,77,18434,40756
79,7,CurveFaultB,78,18774,46334
79,7,CurveFaultB,79,20208,26782
79,7,CurveFaultB,80,20957,45109
79,7,CurveFaultB,81,21351,23202
79,7,CurveFaultB,82,21400,7527
79,7,CurveFaultB,83,21453,43506
79,7,CurveFaultB,84,21530,12317
79,7,CurveFaultB,85,21554,9791
79,7,CurveFaultB,86,21608,49160
79,7,CurveFaultB,87,21731,32707
79,7,CurveFaultB,88,21871,48013
79,7,CurveFaultB,89,22321,17483
79,7,CurveFaultB,90,22404,34169
79,7,CurveFaultB,91,22724,11021
79,7,CurveFaultB,92,23237,14570
79,7,CurveFaultB,93,23419,27537
79,7,CurveFaultB,94,23630,38287
79,7,CurveFaultB,95,24329,44507
79,7,CurveFaultB,96,24736,17544
79,7,CurveFaultB,97,25137,17717
79,7,CurveFaultB,98,25431,4647
79,7,CurveFaultB,99,25444,47713
79,7,CurveFaultB,100,25840,41841
79,7,CurveFaultB,101,25869,28558
79,7,CurveFaultB,102,26114,46928
79,7,CurveFaultB,103,26532,37676
79,7,CurveFaultB,104,26697,46440
79,7,CurveFaultB,105,26958,49991
79,7,CurveFaultB,106,27040,19751
79,7,CurveFaultB,107,27231,8936
79,7,CurveFaultB,108,28426,36005
79,7,CurveFaultB,109,28612,49494
79,7,CurveFaultB,110,28627,21696
79,7,CurveFaultB,111,28695,34513
79,7,CurveFaultB,112,28700,48580
79,7,CurveFaultB,113,29350,17117
79,7,CurveFaultB,114,29455,53101
79,7,CurveFaultB,115,30293,36328
79,7,CurveFaultB,116,30343,21294
79,7,CurveFaultB,117,30876,20619
79,7,CurveFaultB,118,31235,36149
79,7,CurveFaultB,119,31280,2150
79,7,CurveFaultB,120,31305,18406
79,7,CurveFaultB,121,31545,41304
79,7,CurveFaultB,122,31739,45711
79,7,CurveFaultB,123,31950,29644
79,7,CurveFaultB,124,32026,3933
79,7,CurveFaultB,125,32156,47983
79,7,CurveFaultB,126,33039,23819
79,7,CurveFaultB,127,33084,52883
